#
# TABLE STRUCTURE FOR: 5vvgh_activities
#

DROP TABLE IF EXISTS `5vvgh_activities`;

CREATE TABLE `5vvgh_activities` (
  `activity_id` int(11) NOT NULL AUTO_INCREMENT,
  `domain` varchar(10) NOT NULL,
  `context` varchar(128) NOT NULL,
  `user` varchar(10) NOT NULL,
  `user_id` int(11) NOT NULL,
  `action` varchar(32) NOT NULL,
  `message` text NOT NULL,
  `status` tinyint(4) NOT NULL,
  `date_added` datetime NOT NULL,
  PRIMARY KEY (`activity_id`)
) ENGINE=InnoDB AUTO_INCREMENT=129 DEFAULT CHARSET=utf8;

INSERT INTO `5vvgh_activities` (`activity_id`, `domain`, `context`, `user`, `user_id`, `action`, `message`, `status`, `date_added`) VALUES ('11', 'admin', 'staffs', 'staff', '11', 'logged in', '<a href=\"http://tastyigniter.dev/admin/staffs/edit?id=11\">Admin Person</a> <b>logged</b> in.', '0', '2016-11-17 16:41:03');
INSERT INTO `5vvgh_activities` (`activity_id`, `domain`, `context`, `user`, `user_id`, `action`, `message`, `status`, `date_added`) VALUES ('12', 'admin', 'staffs', 'staff', '11', 'logged in', '<a href=\"http://tastyigniter.dev/admin/staffs/edit?id=11\">Admin Person</a> <b>logged</b> in.', '0', '2016-11-17 17:10:34');
INSERT INTO `5vvgh_activities` (`activity_id`, `domain`, `context`, `user`, `user_id`, `action`, `message`, `status`, `date_added`) VALUES ('13', 'admin', 'menus', 'staff', '11', 'updated', 'Admin Person <b>updated</b> menu item <a href=\"http://tastyigniter.dev/admin/menus/edit?id=87\"><b>Boiled Plantain.</b></a>', '0', '0000-00-00 00:00:00');
INSERT INTO `5vvgh_activities` (`activity_id`, `domain`, `context`, `user`, `user_id`, `action`, `message`, `status`, `date_added`) VALUES ('14', 'admin', 'menus', 'staff', '11', 'updated', 'Admin Person <b>updated</b> menu item <a href=\"http://tastyigniter.dev/admin/menus/edit?id=87\"><b>Boiled Plantain.</b></a>', '0', '0000-00-00 00:00:00');
INSERT INTO `5vvgh_activities` (`activity_id`, `domain`, `context`, `user`, `user_id`, `action`, `message`, `status`, `date_added`) VALUES ('15', 'admin', 'menus', 'staff', '11', 'updated', 'Admin Person <b>updated</b> menu item <a href=\"http://tastyigniter.dev/admin/menus/edit?id=87\"><b>Boiled Plantain.</b></a>', '0', '0000-00-00 00:00:00');
INSERT INTO `5vvgh_activities` (`activity_id`, `domain`, `context`, `user`, `user_id`, `action`, `message`, `status`, `date_added`) VALUES ('16', 'admin', 'menus', 'staff', '11', 'updated', 'Admin Person <b>updated</b> menu item <a href=\"http://tastyigniter.dev/admin/menus/edit?id=87\"><b>Boiled Plantain.</b></a>', '0', '0000-00-00 00:00:00');
INSERT INTO `5vvgh_activities` (`activity_id`, `domain`, `context`, `user`, `user_id`, `action`, `message`, `status`, `date_added`) VALUES ('17', 'admin', 'menus', 'staff', '11', 'updated', 'Admin Person <b>updated</b> menu item <a href=\"http://tastyigniter.dev/admin/menus/edit?id=87\"><b>Boiled Plantain.</b></a>', '0', '0000-00-00 00:00:00');
INSERT INTO `5vvgh_activities` (`activity_id`, `domain`, `context`, `user`, `user_id`, `action`, `message`, `status`, `date_added`) VALUES ('18', 'admin', 'menus', 'staff', '11', 'updated', 'Admin Person <b>updated</b> menu item <a href=\"http://tastyigniter.dev/admin/menus/edit?id=87\"><b>Boiled Plantain.</b></a>', '0', '0000-00-00 00:00:00');
INSERT INTO `5vvgh_activities` (`activity_id`, `domain`, `context`, `user`, `user_id`, `action`, `message`, `status`, `date_added`) VALUES ('28', 'admin', 'menus', 'staff', '11', 'updated', 'Admin Person <b>updated</b> menu item <a href=\"http://tastyigniter.dev/admin/menus/edit?id=87\"><b>Boiled Plantain.</b></a>', '0', '0000-00-00 00:00:00');
INSERT INTO `5vvgh_activities` (`activity_id`, `domain`, `context`, `user`, `user_id`, `action`, `message`, `status`, `date_added`) VALUES ('29', 'admin', 'menus', 'staff', '11', 'updated', 'Admin Person <b>updated</b> menu item <a href=\"http://tastyigniter.dev/admin/menus/edit?id=87\"><b>Boiled Plantain.</b></a>', '0', '0000-00-00 00:00:00');
INSERT INTO `5vvgh_activities` (`activity_id`, `domain`, `context`, `user`, `user_id`, `action`, `message`, `status`, `date_added`) VALUES ('30', 'admin', 'menus', 'staff', '11', 'updated', 'Admin Person <b>updated</b> menu item <a href=\"http://tastyigniter.dev/admin/menus/edit?id=87\"><b>Boiled Plantain.</b></a>', '0', '0000-00-00 00:00:00');
INSERT INTO `5vvgh_activities` (`activity_id`, `domain`, `context`, `user`, `user_id`, `action`, `message`, `status`, `date_added`) VALUES ('31', 'admin', 'menus', 'staff', '11', 'updated', 'Admin Person <b>updated</b> menu item <a href=\"http://tastyigniter.dev/admin/menus/edit?id=87\"><b>Boiled Plantain.</b></a>', '0', '0000-00-00 00:00:00');
INSERT INTO `5vvgh_activities` (`activity_id`, `domain`, `context`, `user`, `user_id`, `action`, `message`, `status`, `date_added`) VALUES ('44', 'admin', 'menus', 'staff', '11', 'updated', 'Admin Person <b>updated</b> menu item <a href=\"http://tastyigniter.dev/admin/menus/edit?id=87\"><b>Boiled Plantain.</b></a>', '0', '0000-00-00 00:00:00');
INSERT INTO `5vvgh_activities` (`activity_id`, `domain`, `context`, `user`, `user_id`, `action`, `message`, `status`, `date_added`) VALUES ('45', 'admin', 'menus', 'staff', '11', 'updated', 'Admin Person <b>updated</b> menu item <a href=\"http://tastyigniter.dev/admin/menus/edit?id=87\"><b>Boiled Plantain.</b></a>', '0', '0000-00-00 00:00:00');
INSERT INTO `5vvgh_activities` (`activity_id`, `domain`, `context`, `user`, `user_id`, `action`, `message`, `status`, `date_added`) VALUES ('46', 'admin', 'menus', 'staff', '11', 'updated', 'Admin Person <b>updated</b> menu item <a href=\"http://tastyigniter.dev/admin/menus/edit?id=87\"><b>Boiled Plantain.</b></a>', '0', '2016-11-17 22:50:13');
INSERT INTO `5vvgh_activities` (`activity_id`, `domain`, `context`, `user`, `user_id`, `action`, `message`, `status`, `date_added`) VALUES ('47', 'admin', 'menus', 'staff', '11', 'updated', 'Admin Person <b>updated</b> menu item <a href=\"http://tastyigniter.dev/admin/menus/edit?id=87\"><b>Boiled Plantain.</b></a>', '0', '2016-11-17 23:18:32');
INSERT INTO `5vvgh_activities` (`activity_id`, `domain`, `context`, `user`, `user_id`, `action`, `message`, `status`, `date_added`) VALUES ('48', 'admin', 'menus', 'staff', '11', 'updated', 'Admin Person <b>updated</b> menu item <a href=\"http://tastyigniter.dev/admin/menus/edit?id=87\"><b>Boiled Plantain.</b></a>', '0', '2016-11-17 23:20:47');
INSERT INTO `5vvgh_activities` (`activity_id`, `domain`, `context`, `user`, `user_id`, `action`, `message`, `status`, `date_added`) VALUES ('49', 'admin', 'customers', 'staff', '11', 'added', 'Admin Person <b>added</b> customer <a href=\"http://tastyigniter.dev/admin/customers/edit?id=1\"><b>Demo Demo.</b></a>', '0', '2016-11-17 23:36:55');
INSERT INTO `5vvgh_activities` (`activity_id`, `domain`, `context`, `user`, `user_id`, `action`, `message`, `status`, `date_added`) VALUES ('50', 'admin', 'customers', 'staff', '11', 'updated', 'Admin Person <b>updated</b> customer <a href=\"http://tastyigniter.dev/admin/customers/edit?id=1\"><b>Demo Demo.</b></a>', '0', '2016-11-18 15:04:55');
INSERT INTO `5vvgh_activities` (`activity_id`, `domain`, `context`, `user`, `user_id`, `action`, `message`, `status`, `date_added`) VALUES ('51', 'admin', 'staffs', 'staff', '11', 'logged in', '<a href=\"http://tastyigniter.dev/admin/staffs/edit?id=11\">Admin Person</a> <b>logged</b> in.', '0', '2016-11-18 15:55:15');
INSERT INTO `5vvgh_activities` (`activity_id`, `domain`, `context`, `user`, `user_id`, `action`, `message`, `status`, `date_added`) VALUES ('52', 'admin', 'menus', 'staff', '11', 'updated', 'Admin Person <b>updated</b> menu item <a href=\"http://tastyigniter.dev/admin/menus/edit?id=87\"><b>Boiled Plantain.</b></a>', '0', '2016-11-18 16:40:17');
INSERT INTO `5vvgh_activities` (`activity_id`, `domain`, `context`, `user`, `user_id`, `action`, `message`, `status`, `date_added`) VALUES ('53', 'admin', 'menus', 'staff', '11', 'updated', 'Admin Person <b>updated</b> menu item <a href=\"http://tastyigniter.dev/admin/menus/edit?id=87\"><b>Boiled Plantain.</b></a>', '0', '2016-11-18 16:40:19');
INSERT INTO `5vvgh_activities` (`activity_id`, `domain`, `context`, `user`, `user_id`, `action`, `message`, `status`, `date_added`) VALUES ('54', 'admin', 'menus', 'staff', '11', 'updated', 'Admin Person <b>updated</b> menu item <a href=\"http://tastyigniter.dev/admin/menus/edit?id=87\"><b>Boiled Plantain.</b></a>', '0', '2016-11-18 16:40:20');
INSERT INTO `5vvgh_activities` (`activity_id`, `domain`, `context`, `user`, `user_id`, `action`, `message`, `status`, `date_added`) VALUES ('55', 'admin', 'menus', 'staff', '11', 'updated', 'Admin Person <b>updated</b> menu item <a href=\"http://tastyigniter.dev/admin/menus/edit?id=87\"><b>Boiled Plantain.</b></a>', '0', '2016-11-18 16:40:21');
INSERT INTO `5vvgh_activities` (`activity_id`, `domain`, `context`, `user`, `user_id`, `action`, `message`, `status`, `date_added`) VALUES ('56', 'admin', 'customers', 'staff', '11', 'updated', 'Admin Person <b>updated</b> customer <a href=\"http://tastyigniter.dev/admin/customers/edit?id=1\"><b>Demo Demo.</b></a>', '0', '2016-11-19 20:20:26');
INSERT INTO `5vvgh_activities` (`activity_id`, `domain`, `context`, `user`, `user_id`, `action`, `message`, `status`, `date_added`) VALUES ('57', 'admin', 'coupons', 'staff', '11', 'updated', 'Admin Person <b>updated</b> coupon <a href=\"http://tastyigniter.dev/admin/coupons/edit?id=14\"><b>Full Tuesdays.</b></a>', '0', '2016-11-20 11:36:51');
INSERT INTO `5vvgh_activities` (`activity_id`, `domain`, `context`, `user`, `user_id`, `action`, `message`, `status`, `date_added`) VALUES ('58', 'admin', 'coupons', 'staff', '11', 'updated', 'Admin Person <b>updated</b> coupon <a href=\"http://tastyigniter.dev/admin/coupons/edit?id=14\"><b>Full Tuesdays.</b></a>', '0', '2016-11-20 11:38:22');
INSERT INTO `5vvgh_activities` (`activity_id`, `domain`, `context`, `user`, `user_id`, `action`, `message`, `status`, `date_added`) VALUES ('59', 'admin', 'coupons', 'staff', '11', 'added', 'Admin Person <b>added</b> coupon <a href=\"http://tastyigniter.dev/admin/coupons/edit?id=16\"><b>Paid Site.</b></a>', '0', '2016-11-20 12:06:28');
INSERT INTO `5vvgh_activities` (`activity_id`, `domain`, `context`, `user`, `user_id`, `action`, `message`, `status`, `date_added`) VALUES ('60', 'admin', 'coupons', 'staff', '11', 'updated', 'Admin Person <b>updated</b> coupon <a href=\"http://tastyigniter.dev/admin/coupons/edit?id=16\"><b>Paid Site.</b></a>', '0', '2016-11-20 12:07:37');
INSERT INTO `5vvgh_activities` (`activity_id`, `domain`, `context`, `user`, `user_id`, `action`, `message`, `status`, `date_added`) VALUES ('61', 'admin', 'coupons', 'staff', '11', 'updated', 'Admin Person <b>updated</b> coupon <a href=\"http://tastyigniter.dev/admin/coupons/edit?id=16\"><b>Paid Site.</b></a>', '0', '2016-11-20 12:07:45');
INSERT INTO `5vvgh_activities` (`activity_id`, `domain`, `context`, `user`, `user_id`, `action`, `message`, `status`, `date_added`) VALUES ('62', 'admin', 'coupons', 'staff', '11', 'updated', 'Admin Person <b>updated</b> coupon <a href=\"http://tastyigniter.dev/admin/coupons/edit?id=16\"><b>Paid Site.</b></a>', '0', '2016-11-20 12:08:44');
INSERT INTO `5vvgh_activities` (`activity_id`, `domain`, `context`, `user`, `user_id`, `action`, `message`, `status`, `date_added`) VALUES ('63', 'admin', 'customers', 'staff', '11', 'updated', 'Admin Person <b>updated</b> customer <a href=\"http://tastyigniter.dev/admin/customers/edit?id=1\"><b>Demoo Demo.</b></a>', '0', '2016-11-20 17:10:21');
INSERT INTO `5vvgh_activities` (`activity_id`, `domain`, `context`, `user`, `user_id`, `action`, `message`, `status`, `date_added`) VALUES ('64', 'admin', 'customers', 'staff', '11', 'added', 'Admin Person <b>added</b> customer <a href=\"http://tastyigniter.dev/admin/customers/edit?id=2\"><b>Demo Demo.</b></a>', '0', '2016-11-20 17:55:04');
INSERT INTO `5vvgh_activities` (`activity_id`, `domain`, `context`, `user`, `user_id`, `action`, `message`, `status`, `date_added`) VALUES ('65', 'admin', 'customers', 'staff', '2', 'logged in', '<a href=\"http://tastyigniter.dev/admin/staffs/edit?id=11\">Admin Person</a> <b>logged</b> in as <a href=\"http://tastyigniter.dev/admin/customers/edit?id=2\">Demo Demo</a>.', '0', '2016-11-20 17:57:45');
INSERT INTO `5vvgh_activities` (`activity_id`, `domain`, `context`, `user`, `user_id`, `action`, `message`, `status`, `date_added`) VALUES ('66', 'admin', 'customers', 'staff', '11', 'added', 'Admin Person <b>added</b> customer <a href=\"http://tastyigniter.dev/admin/customers/edit?id=3\"><b>Demo Sam.</b></a>', '0', '2016-11-20 18:11:16');
INSERT INTO `5vvgh_activities` (`activity_id`, `domain`, `context`, `user`, `user_id`, `action`, `message`, `status`, `date_added`) VALUES ('67', 'admin', 'customers', 'staff', '11', 'added', 'Admin Person <b>added</b> customer <a href=\"http://tastyigniter.dev/admin/customers/edit?id=4\"><b>Demo Demo.</b></a>', '0', '2016-11-20 18:18:07');
INSERT INTO `5vvgh_activities` (`activity_id`, `domain`, `context`, `user`, `user_id`, `action`, `message`, `status`, `date_added`) VALUES ('68', 'admin', 'extensions', 'staff', '11', 'installed', 'Admin Person <b>installed</b> extension <b>Banners.</b>', '0', '2016-11-21 00:22:56');
INSERT INTO `5vvgh_activities` (`activity_id`, `domain`, `context`, `user`, `user_id`, `action`, `message`, `status`, `date_added`) VALUES ('69', 'admin', 'extensions', 'staff', '11', 'installed', 'Admin Person <b>installed</b> extension <b>Authorize.Net (AIM).</b>', '0', '2016-11-21 00:25:29');
INSERT INTO `5vvgh_activities` (`activity_id`, `domain`, `context`, `user`, `user_id`, `action`, `message`, `status`, `date_added`) VALUES ('70', 'admin', 'extensions', 'staff', '11', 'installed', 'Admin Person <b>installed</b> extension <b>Newsletter.</b>', '0', '2016-11-21 01:27:50');
INSERT INTO `5vvgh_activities` (`activity_id`, `domain`, `context`, `user`, `user_id`, `action`, `message`, `status`, `date_added`) VALUES ('71', 'module', 'extensions', 'customer', '11', 'updated', 'Admin Person <b>updated</b> extension <b>Local.</b>', '0', '2016-11-21 01:44:47');
INSERT INTO `5vvgh_activities` (`activity_id`, `domain`, `context`, `user`, `user_id`, `action`, `message`, `status`, `date_added`) VALUES ('72', 'module', 'extensions', 'customer', '11', 'updated', 'Admin Person <b>updated</b> extension <b>Local.</b>', '0', '2016-11-21 01:46:55');
INSERT INTO `5vvgh_activities` (`activity_id`, `domain`, `context`, `user`, `user_id`, `action`, `message`, `status`, `date_added`) VALUES ('73', 'module', 'extensions', 'customer', '11', 'updated', 'Admin Person <b>updated</b> extension <b>Local.</b>', '0', '2016-11-21 01:47:14');
INSERT INTO `5vvgh_activities` (`activity_id`, `domain`, `context`, `user`, `user_id`, `action`, `message`, `status`, `date_added`) VALUES ('74', 'module', 'extensions', 'customer', '11', 'updated', 'Admin Person <b>updated</b> extension <b>Local.</b>', '0', '2016-11-21 01:48:18');
INSERT INTO `5vvgh_activities` (`activity_id`, `domain`, `context`, `user`, `user_id`, `action`, `message`, `status`, `date_added`) VALUES ('75', 'module', 'extensions', 'customer', '11', 'updated', 'Admin Person <b>updated</b> extension <b>Local.</b>', '0', '2016-11-21 01:49:31');
INSERT INTO `5vvgh_activities` (`activity_id`, `domain`, `context`, `user`, `user_id`, `action`, `message`, `status`, `date_added`) VALUES ('76', 'module', 'extensions', 'customer', '11', 'updated', 'Admin Person <b>updated</b> extension <b>Local.</b>', '0', '2016-11-21 01:49:56');
INSERT INTO `5vvgh_activities` (`activity_id`, `domain`, `context`, `user`, `user_id`, `action`, `message`, `status`, `date_added`) VALUES ('77', 'module', 'extensions', 'customer', '11', 'updated', 'Admin Person <b>updated</b> extension <b>Local.</b>', '0', '2016-11-21 01:50:37');
INSERT INTO `5vvgh_activities` (`activity_id`, `domain`, `context`, `user`, `user_id`, `action`, `message`, `status`, `date_added`) VALUES ('78', 'admin', 'locations', 'staff', '11', 'updated', 'Admin Person <b>updated</b> location <a href=\"http://tastyigniter.dev/admin/locations/edit?id=11\"><b>Lewisham Munch.</b></a>', '0', '2016-11-22 17:21:41');
INSERT INTO `5vvgh_activities` (`activity_id`, `domain`, `context`, `user`, `user_id`, `action`, `message`, `status`, `date_added`) VALUES ('79', 'admin', 'locations', 'staff', '11', 'updated', 'Admin Person <b>updated</b> location <a href=\"http://tastyigniter.dev/admin/locations/edit?id=11\"><b>Lewisham Munch.</b></a>', '0', '2016-11-22 17:22:42');
INSERT INTO `5vvgh_activities` (`activity_id`, `domain`, `context`, `user`, `user_id`, `action`, `message`, `status`, `date_added`) VALUES ('80', 'admin', 'locations', 'staff', '11', 'updated', 'Admin Person <b>updated</b> location <a href=\"http://tastyigniter.dev/admin/locations/edit?id=11\"><b>Lewisham Munch.</b></a>', '0', '2016-11-22 17:24:12');
INSERT INTO `5vvgh_activities` (`activity_id`, `domain`, `context`, `user`, `user_id`, `action`, `message`, `status`, `date_added`) VALUES ('81', 'admin', 'locations', 'staff', '11', 'updated', 'Admin Person <b>updated</b> location <a href=\"http://tastyigniter.dev/admin/locations/edit?id=11\"><b>Lewisham Munch.</b></a>', '0', '2016-11-22 17:24:31');
INSERT INTO `5vvgh_activities` (`activity_id`, `domain`, `context`, `user`, `user_id`, `action`, `message`, `status`, `date_added`) VALUES ('82', 'admin', 'locations', 'staff', '11', 'updated', 'Admin Person <b>updated</b> location <a href=\"http://tastyigniter.dev/admin/locations/edit?id=11\"><b>Lewisham Munch.</b></a>', '0', '2016-11-22 17:25:40');
INSERT INTO `5vvgh_activities` (`activity_id`, `domain`, `context`, `user`, `user_id`, `action`, `message`, `status`, `date_added`) VALUES ('83', 'admin', 'locations', 'staff', '11', 'updated', 'Admin Person <b>updated</b> location <a href=\"http://tastyigniter.dev/admin/locations/edit?id=11\"><b>Lewisham Munch.</b></a>', '0', '2016-11-22 17:25:58');
INSERT INTO `5vvgh_activities` (`activity_id`, `domain`, `context`, `user`, `user_id`, `action`, `message`, `status`, `date_added`) VALUES ('84', 'admin', 'locations', 'staff', '11', 'updated', 'Admin Person <b>updated</b> location <a href=\"http://tastyigniter.dev/admin/locations/edit?id=11\"><b>Lewisham Munch.</b></a>', '0', '2016-11-22 17:29:46');
INSERT INTO `5vvgh_activities` (`activity_id`, `domain`, `context`, `user`, `user_id`, `action`, `message`, `status`, `date_added`) VALUES ('85', 'admin', 'locations', 'staff', '11', 'updated', 'Admin Person <b>updated</b> location <a href=\"http://tastyigniter.dev/admin/locations/edit?id=11\"><b>Lewisham Munch.</b></a>', '0', '2016-11-22 17:30:31');
INSERT INTO `5vvgh_activities` (`activity_id`, `domain`, `context`, `user`, `user_id`, `action`, `message`, `status`, `date_added`) VALUES ('86', 'admin', 'locations', 'staff', '11', 'updated', 'Admin Person <b>updated</b> location <a href=\"http://tastyigniter.dev/admin/locations/edit?id=11\"><b>Lewisham Munch.</b></a>', '0', '2016-11-22 17:30:38');
INSERT INTO `5vvgh_activities` (`activity_id`, `domain`, `context`, `user`, `user_id`, `action`, `message`, `status`, `date_added`) VALUES ('87', 'admin', 'locations', 'staff', '11', 'updated', 'Admin Person <b>updated</b> location <a href=\"http://tastyigniter.dev/admin/locations/edit?id=11\"><b>Lewisham Munch.</b></a>', '0', '2016-11-22 17:30:53');
INSERT INTO `5vvgh_activities` (`activity_id`, `domain`, `context`, `user`, `user_id`, `action`, `message`, `status`, `date_added`) VALUES ('88', 'admin', 'locations', 'staff', '11', 'updated', 'Admin Person <b>updated</b> location <a href=\"http://tastyigniter.dev/admin/locations/edit?id=11\"><b>Lewisham Munch.</b></a>', '0', '2016-11-22 17:31:02');
INSERT INTO `5vvgh_activities` (`activity_id`, `domain`, `context`, `user`, `user_id`, `action`, `message`, `status`, `date_added`) VALUES ('89', 'admin', 'locations', 'staff', '11', 'updated', 'Admin Person <b>updated</b> location <a href=\"http://tastyigniter.dev/admin/locations/edit?id=11\"><b>Lewisham Munch.</b></a>', '0', '2016-11-22 17:31:08');
INSERT INTO `5vvgh_activities` (`activity_id`, `domain`, `context`, `user`, `user_id`, `action`, `message`, `status`, `date_added`) VALUES ('90', 'admin', 'locations', 'staff', '11', 'updated', 'Admin Person <b>updated</b> location <a href=\"http://tastyigniter.dev/admin/locations/edit?id=11\"><b>Lewisham Munch.</b></a>', '0', '2016-11-22 17:31:37');
INSERT INTO `5vvgh_activities` (`activity_id`, `domain`, `context`, `user`, `user_id`, `action`, `message`, `status`, `date_added`) VALUES ('91', 'admin', 'locations', 'staff', '11', 'updated', 'Admin Person <b>updated</b> location <a href=\"http://tastyigniter.dev/admin/locations/edit?id=11\"><b>Lewisham Munch.</b></a>', '0', '2016-11-22 17:31:51');
INSERT INTO `5vvgh_activities` (`activity_id`, `domain`, `context`, `user`, `user_id`, `action`, `message`, `status`, `date_added`) VALUES ('92', 'admin', 'staffs', 'staff', '11', 'logged in', '<a href=\"http://tastyigniter.dev/admin/staffs/edit?id=11\">Admin Person</a> <b>logged</b> in.', '0', '2016-11-22 17:34:25');
INSERT INTO `5vvgh_activities` (`activity_id`, `domain`, `context`, `user`, `user_id`, `action`, `message`, `status`, `date_added`) VALUES ('93', 'admin', 'locations', 'staff', '11', 'updated', 'Admin Person <b>updated</b> location <a href=\"http://tastyigniter.dev/admin/locations/edit?id=11\"><b>Lewisham Munch.</b></a>', '0', '2016-11-22 17:34:51');
INSERT INTO `5vvgh_activities` (`activity_id`, `domain`, `context`, `user`, `user_id`, `action`, `message`, `status`, `date_added`) VALUES ('94', 'admin', 'locations', 'staff', '11', 'updated', 'Admin Person <b>updated</b> location <a href=\"http://tastyigniter.dev/admin/locations/edit?id=11\"><b>Lewisham Munch.</b></a>', '0', '2016-11-22 17:35:09');
INSERT INTO `5vvgh_activities` (`activity_id`, `domain`, `context`, `user`, `user_id`, `action`, `message`, `status`, `date_added`) VALUES ('95', 'admin', 'locations', 'staff', '11', 'added', 'Admin Person <b>added</b> location <a href=\"http://tastyigniter.dev/admin/locations/edit?id=12\"><b>Lewisham Munch.</b></a>', '0', '2016-11-22 17:38:32');
INSERT INTO `5vvgh_activities` (`activity_id`, `domain`, `context`, `user`, `user_id`, `action`, `message`, `status`, `date_added`) VALUES ('96', 'admin', 'locations', 'staff', '11', 'updated', 'Admin Person <b>updated</b> location <a href=\"http://tastyigniter.dev/admin/locations/edit?id=12\"><b>Lewisham Munch.</b></a>', '0', '2016-11-22 17:41:13');
INSERT INTO `5vvgh_activities` (`activity_id`, `domain`, `context`, `user`, `user_id`, `action`, `message`, `status`, `date_added`) VALUES ('97', 'admin', 'locations', 'staff', '11', 'updated', 'Admin Person <b>updated</b> location <a href=\"http://tastyigniter.dev/admin/locations/edit?id=12\"><b>Lewisham Munch.</b></a>', '0', '2016-11-22 17:41:34');
INSERT INTO `5vvgh_activities` (`activity_id`, `domain`, `context`, `user`, `user_id`, `action`, `message`, `status`, `date_added`) VALUES ('98', 'admin', 'locations', 'staff', '11', 'updated', 'Admin Person <b>updated</b> location <a href=\"http://tastyigniter.dev/admin/locations/edit?id=12\"><b>Lewisham Munch.</b></a>', '0', '2016-11-22 17:42:09');
INSERT INTO `5vvgh_activities` (`activity_id`, `domain`, `context`, `user`, `user_id`, `action`, `message`, `status`, `date_added`) VALUES ('99', 'admin', 'locations', 'staff', '11', 'updated', 'Admin Person <b>updated</b> location <a href=\"http://tastyigniter.dev/admin/locations/edit?id=12\"><b>Lewisham Munch.</b></a>', '0', '2016-11-22 17:42:47');
INSERT INTO `5vvgh_activities` (`activity_id`, `domain`, `context`, `user`, `user_id`, `action`, `message`, `status`, `date_added`) VALUES ('100', 'admin', 'locations', 'staff', '11', 'updated', 'Admin Person <b>updated</b> location <a href=\"http://tastyigniter.dev/admin/locations/edit?id=12\"><b>Lewisham Munch.</b></a>', '0', '2016-11-22 17:43:04');
INSERT INTO `5vvgh_activities` (`activity_id`, `domain`, `context`, `user`, `user_id`, `action`, `message`, `status`, `date_added`) VALUES ('101', 'admin', 'locations', 'staff', '11', 'updated', 'Admin Person <b>updated</b> location <a href=\"http://tastyigniter.dev/admin/locations/edit?id=12\"><b>Lewisham Munch.</b></a>', '0', '2016-11-22 17:43:08');
INSERT INTO `5vvgh_activities` (`activity_id`, `domain`, `context`, `user`, `user_id`, `action`, `message`, `status`, `date_added`) VALUES ('102', 'admin', 'locations', 'staff', '11', 'updated', 'Admin Person <b>updated</b> location <a href=\"http://tastyigniter.dev/admin/locations/edit?id=12\"><b>Lewisham Munch.</b></a>', '0', '2016-11-22 17:43:18');
INSERT INTO `5vvgh_activities` (`activity_id`, `domain`, `context`, `user`, `user_id`, `action`, `message`, `status`, `date_added`) VALUES ('103', 'admin', 'locations', 'staff', '11', 'updated', 'Admin Person <b>updated</b> location <a href=\"http://tastyigniter.dev/admin/locations/edit?id=12\"><b>Lewisham Munch.</b></a>', '0', '2016-11-22 17:45:11');
INSERT INTO `5vvgh_activities` (`activity_id`, `domain`, `context`, `user`, `user_id`, `action`, `message`, `status`, `date_added`) VALUES ('104', 'admin', 'staffs', 'staff', '11', 'logged in', '<a href=\"http://tastyigniter.dev/admin/staffs/edit?id=11\">Admin Person</a> <b>logged</b> in.', '0', '2016-11-22 17:48:09');
INSERT INTO `5vvgh_activities` (`activity_id`, `domain`, `context`, `user`, `user_id`, `action`, `message`, `status`, `date_added`) VALUES ('105', 'admin', 'locations', 'staff', '11', 'updated', 'Admin Person <b>updated</b> location <a href=\"http://tastyigniter.dev/admin/locations/edit?id=12\"><b>Lewisham Munch.</b></a>', '0', '2016-11-22 17:48:17');
INSERT INTO `5vvgh_activities` (`activity_id`, `domain`, `context`, `user`, `user_id`, `action`, `message`, `status`, `date_added`) VALUES ('106', 'admin', 'locations', 'staff', '11', 'updated', 'Admin Person <b>updated</b> location <a href=\"http://tastyigniter.dev/admin/locations/edit?id=12\"><b>Lewisham Munch.</b></a>', '0', '2016-11-22 17:48:54');
INSERT INTO `5vvgh_activities` (`activity_id`, `domain`, `context`, `user`, `user_id`, `action`, `message`, `status`, `date_added`) VALUES ('107', 'admin', 'locations', 'staff', '11', 'updated', 'Admin Person <b>updated</b> location <a href=\"http://tastyigniter.dev/admin/locations/edit?id=12\"><b>Lewisham Munch.</b></a>', '0', '2016-11-22 17:50:14');
INSERT INTO `5vvgh_activities` (`activity_id`, `domain`, `context`, `user`, `user_id`, `action`, `message`, `status`, `date_added`) VALUES ('108', 'admin', 'locations', 'staff', '11', 'updated', 'Admin Person <b>updated</b> location <a href=\"http://tastyigniter.dev/admin/locations/edit?id=12\"><b>Lewisham Munch.</b></a>', '0', '2016-11-22 17:50:54');
INSERT INTO `5vvgh_activities` (`activity_id`, `domain`, `context`, `user`, `user_id`, `action`, `message`, `status`, `date_added`) VALUES ('109', 'admin', 'locations', 'staff', '11', 'updated', 'Admin Person <b>updated</b> location <a href=\"http://tastyigniter.dev/admin/locations/edit?id=12\"><b>Lewisham Munch.</b></a>', '0', '2016-11-22 17:51:27');
INSERT INTO `5vvgh_activities` (`activity_id`, `domain`, `context`, `user`, `user_id`, `action`, `message`, `status`, `date_added`) VALUES ('110', 'admin', 'locations', 'staff', '11', 'updated', 'Admin Person <b>updated</b> location <a href=\"http://tastyigniter.dev/admin/locations/edit?id=12\"><b>Lewisham Munch.</b></a>', '0', '2016-11-22 17:51:33');
INSERT INTO `5vvgh_activities` (`activity_id`, `domain`, `context`, `user`, `user_id`, `action`, `message`, `status`, `date_added`) VALUES ('111', 'admin', 'locations', 'staff', '11', 'updated', 'Admin Person <b>updated</b> location <a href=\"http://tastyigniter.dev/admin/locations/edit?id=12\"><b>Lewisham Munch.</b></a>', '0', '2016-11-22 17:51:57');
INSERT INTO `5vvgh_activities` (`activity_id`, `domain`, `context`, `user`, `user_id`, `action`, `message`, `status`, `date_added`) VALUES ('112', 'admin', 'locations', 'staff', '11', 'updated', 'Admin Person <b>updated</b> location <a href=\"http://tastyigniter.dev/admin/locations/edit?id=12\"><b>Lewisham Munch.</b></a>', '0', '2016-11-22 17:52:09');
INSERT INTO `5vvgh_activities` (`activity_id`, `domain`, `context`, `user`, `user_id`, `action`, `message`, `status`, `date_added`) VALUES ('113', 'admin', 'locations', 'staff', '11', 'updated', 'Admin Person <b>updated</b> location <a href=\"http://tastyigniter.dev/admin/locations/edit?id=12\"><b>Lewisham Munch.</b></a>', '0', '2016-11-22 17:52:28');
INSERT INTO `5vvgh_activities` (`activity_id`, `domain`, `context`, `user`, `user_id`, `action`, `message`, `status`, `date_added`) VALUES ('114', 'admin', 'locations', 'staff', '11', 'updated', 'Admin Person <b>updated</b> location <a href=\"http://tastyigniter.dev/admin/locations/edit?id=12\"><b>Lewisham Munch.</b></a>', '0', '2016-11-22 17:53:27');
INSERT INTO `5vvgh_activities` (`activity_id`, `domain`, `context`, `user`, `user_id`, `action`, `message`, `status`, `date_added`) VALUES ('115', 'admin', 'locations', 'staff', '11', 'updated', 'Admin Person <b>updated</b> location <a href=\"http://tastyigniter.dev/admin/locations/edit?id=12\"><b>Lewisham Munch.</b></a>', '0', '2016-11-22 17:53:49');
INSERT INTO `5vvgh_activities` (`activity_id`, `domain`, `context`, `user`, `user_id`, `action`, `message`, `status`, `date_added`) VALUES ('116', 'admin', 'locations', 'staff', '11', 'updated', 'Admin Person <b>updated</b> location <a href=\"http://tastyigniter.dev/admin/locations/edit?id=12\"><b>Lewisham Munch.</b></a>', '0', '2016-11-22 17:54:08');
INSERT INTO `5vvgh_activities` (`activity_id`, `domain`, `context`, `user`, `user_id`, `action`, `message`, `status`, `date_added`) VALUES ('117', 'admin', 'locations', 'staff', '11', 'updated', 'Admin Person <b>updated</b> location <a href=\"http://tastyigniter.dev/admin/locations/edit?id=12\"><b>Lewisham Munch.</b></a>', '0', '2016-11-22 17:54:59');
INSERT INTO `5vvgh_activities` (`activity_id`, `domain`, `context`, `user`, `user_id`, `action`, `message`, `status`, `date_added`) VALUES ('118', 'admin', 'locations', 'staff', '11', 'updated', 'Admin Person <b>updated</b> location <a href=\"http://tastyigniter.dev/admin/locations/edit?id=12\"><b>Lewisham Munch.</b></a>', '0', '2016-11-22 17:55:29');
INSERT INTO `5vvgh_activities` (`activity_id`, `domain`, `context`, `user`, `user_id`, `action`, `message`, `status`, `date_added`) VALUES ('119', 'admin', 'locations', 'staff', '11', 'updated', 'Admin Person <b>updated</b> location <a href=\"http://tastyigniter.dev/admin/locations/edit?id=12\"><b>Lewisham Munch.</b></a>', '0', '2016-11-22 18:01:04');
INSERT INTO `5vvgh_activities` (`activity_id`, `domain`, `context`, `user`, `user_id`, `action`, `message`, `status`, `date_added`) VALUES ('120', 'admin', 'locations', 'staff', '11', 'updated', 'Admin Person <b>updated</b> location <a href=\"http://tastyigniter.dev/admin/locations/edit?id=12\"><b>Lewisham Munch.</b></a>', '0', '2016-11-22 18:02:50');
INSERT INTO `5vvgh_activities` (`activity_id`, `domain`, `context`, `user`, `user_id`, `action`, `message`, `status`, `date_added`) VALUES ('121', 'admin', 'locations', 'staff', '11', 'updated', 'Admin Person <b>updated</b> location <a href=\"http://tastyigniter.dev/admin/locations/edit?id=12\"><b>Lewisham Munch.</b></a>', '0', '2016-11-22 18:03:10');
INSERT INTO `5vvgh_activities` (`activity_id`, `domain`, `context`, `user`, `user_id`, `action`, `message`, `status`, `date_added`) VALUES ('122', 'admin', 'locations', 'staff', '11', 'updated', 'Admin Person <b>updated</b> location <a href=\"http://tastyigniter.dev/admin/locations/edit?id=12\"><b>Lewisham Munch.</b></a>', '0', '2016-11-22 18:03:52');
INSERT INTO `5vvgh_activities` (`activity_id`, `domain`, `context`, `user`, `user_id`, `action`, `message`, `status`, `date_added`) VALUES ('123', 'admin', 'locations', 'staff', '11', 'updated', 'Admin Person <b>updated</b> location <a href=\"http://tastyigniter.dev/admin/locations/edit?id=12\"><b>Lewisham Munch.</b></a>', '0', '2016-11-22 18:04:23');
INSERT INTO `5vvgh_activities` (`activity_id`, `domain`, `context`, `user`, `user_id`, `action`, `message`, `status`, `date_added`) VALUES ('124', 'admin', 'locations', 'staff', '11', 'updated', 'Admin Person <b>updated</b> location <a href=\"http://tastyigniter.dev/admin/locations/edit?id=12\"><b>Lewisham Munch.</b></a>', '0', '2016-11-22 18:15:07');
INSERT INTO `5vvgh_activities` (`activity_id`, `domain`, `context`, `user`, `user_id`, `action`, `message`, `status`, `date_added`) VALUES ('125', 'admin', 'locations', 'staff', '11', 'updated', 'Admin Person <b>updated</b> location <a href=\"http://tastyigniter.dev/admin/locations/edit?id=12\"><b>Lewisham Munch.</b></a>', '0', '2016-11-22 18:15:48');
INSERT INTO `5vvgh_activities` (`activity_id`, `domain`, `context`, `user`, `user_id`, `action`, `message`, `status`, `date_added`) VALUES ('126', 'admin', 'locations', 'staff', '11', 'updated', 'Admin Person <b>updated</b> location <a href=\"http://tastyigniter.dev/admin/locations/edit?id=12\"><b>Lagos Munch.</b></a>', '0', '2016-11-22 18:16:05');
INSERT INTO `5vvgh_activities` (`activity_id`, `domain`, `context`, `user`, `user_id`, `action`, `message`, `status`, `date_added`) VALUES ('127', 'admin', 'locations', 'staff', '11', 'updated', 'Admin Person <b>updated</b> location <a href=\"http://tastyigniter.dev/admin/locations/edit?id=12\"><b>Lagos Munch.</b></a>', '0', '2016-11-22 18:16:09');
INSERT INTO `5vvgh_activities` (`activity_id`, `domain`, `context`, `user`, `user_id`, `action`, `message`, `status`, `date_added`) VALUES ('128', 'admin', 'locations', 'staff', '11', 'updated', 'Admin Person <b>updated</b> location <a href=\"http://tastyigniter.dev/admin/locations/edit?id=12\"><b>Lagos Munch.</b></a>', '0', '2016-11-22 18:16:39');


#
# TABLE STRUCTURE FOR: 5vvgh_addresses
#

DROP TABLE IF EXISTS `5vvgh_addresses`;

CREATE TABLE `5vvgh_addresses` (
  `address_id` int(11) NOT NULL AUTO_INCREMENT,
  `customer_id` int(15) NOT NULL,
  `address_1` varchar(128) NOT NULL,
  `address_2` varchar(128) NOT NULL,
  `city` varchar(128) NOT NULL,
  `state` varchar(128) NOT NULL,
  `postcode` varchar(10) NOT NULL,
  `country_id` int(11) NOT NULL,
  PRIMARY KEY (`address_id`)
) ENGINE=InnoDB AUTO_INCREMENT=3 DEFAULT CHARSET=utf8;

INSERT INTO `5vvgh_addresses` (`address_id`, `customer_id`, `address_1`, `address_2`, `city`, `state`, `postcode`, `country_id`) VALUES ('1', '1', '333', '4', '', '', '3444', '0');
INSERT INTO `5vvgh_addresses` (`address_id`, `customer_id`, `address_1`, `address_2`, `city`, `state`, `postcode`, `country_id`) VALUES ('2', '0', '', '', '', '', '', '0');


#
# TABLE STRUCTURE FOR: 5vvgh_banners
#

DROP TABLE IF EXISTS `5vvgh_banners`;

CREATE TABLE `5vvgh_banners` (
  `banner_id` int(11) NOT NULL AUTO_INCREMENT,
  `name` varchar(255) NOT NULL,
  `type` char(8) NOT NULL,
  `click_url` varchar(255) NOT NULL,
  `language_id` int(11) NOT NULL,
  `alt_text` varchar(255) NOT NULL,
  `image_code` text NOT NULL,
  `custom_code` text NOT NULL,
  `status` tinyint(1) NOT NULL,
  PRIMARY KEY (`banner_id`)
) ENGINE=InnoDB AUTO_INCREMENT=51 DEFAULT CHARSET=utf8;

INSERT INTO `5vvgh_banners` (`banner_id`, `name`, `type`, `click_url`, `language_id`, `alt_text`, `image_code`, `custom_code`, `status`) VALUES ('1', 'ddd', 'image', 'activities', '11', 'dd', 'a:1:{s:4:\"path\";s:17:\"data/no_photo.png\";}', '', '1');
INSERT INTO `5vvgh_banners` (`banner_id`, `name`, `type`, `click_url`, `language_id`, `alt_text`, `image_code`, `custom_code`, `status`) VALUES ('2', 'ddd', 'image', 'activities', '11', 'dd', 'a:1:{s:4:\"path\";s:17:\"data/no_photo.png\";}', '', '1');
INSERT INTO `5vvgh_banners` (`banner_id`, `name`, `type`, `click_url`, `language_id`, `alt_text`, `image_code`, `custom_code`, `status`) VALUES ('5', 'dddhhh', 'image', 'activities', '11', 'dd', 'a:1:{s:4:\"path\";s:17:\"data/no_photo.png\";}', '', '1');
INSERT INTO `5vvgh_banners` (`banner_id`, `name`, `type`, `click_url`, `language_id`, `alt_text`, `image_code`, `custom_code`, `status`) VALUES ('6', 'dddhhh', 'image', 'activities', '11', 'dd', 'a:1:{s:4:\"path\";s:17:\"data/no_photo.png\";}', '', '1');
INSERT INTO `5vvgh_banners` (`banner_id`, `name`, `type`, `click_url`, `language_id`, `alt_text`, `image_code`, `custom_code`, `status`) VALUES ('7', 'dddhhh', 'image', 'activities', '11', 'dd', 'a:1:{s:4:\"path\";s:17:\"data/no_photo.png\";}', '', '1');
INSERT INTO `5vvgh_banners` (`banner_id`, `name`, `type`, `click_url`, `language_id`, `alt_text`, `image_code`, `custom_code`, `status`) VALUES ('8', 'dddhhh', 'image', 'activities', '11', 'dd', 'a:1:{s:4:\"path\";s:17:\"data/no_photo.png\";}', '', '1');
INSERT INTO `5vvgh_banners` (`banner_id`, `name`, `type`, `click_url`, `language_id`, `alt_text`, `image_code`, `custom_code`, `status`) VALUES ('9', 'dddhhh', 'image', 'activities', '11', 'dd', 'a:1:{s:4:\"path\";s:17:\"data/no_photo.png\";}', '', '1');
INSERT INTO `5vvgh_banners` (`banner_id`, `name`, `type`, `click_url`, `language_id`, `alt_text`, `image_code`, `custom_code`, `status`) VALUES ('10', 'dddhhh', 'image', 'activities', '11', 'dd', 'a:1:{s:4:\"path\";s:17:\"data/no_photo.png\";}', '', '1');
INSERT INTO `5vvgh_banners` (`banner_id`, `name`, `type`, `click_url`, `language_id`, `alt_text`, `image_code`, `custom_code`, `status`) VALUES ('11', 'dddhhh', 'image', 'activities', '11', 'dd', 'a:1:{s:4:\"path\";s:17:\"data/no_photo.png\";}', '', '1');
INSERT INTO `5vvgh_banners` (`banner_id`, `name`, `type`, `click_url`, `language_id`, `alt_text`, `image_code`, `custom_code`, `status`) VALUES ('12', 'dddhhh', 'image', 'activities', '11', 'dd', 'a:1:{s:4:\"path\";s:17:\"data/no_photo.png\";}', '', '1');
INSERT INTO `5vvgh_banners` (`banner_id`, `name`, `type`, `click_url`, `language_id`, `alt_text`, `image_code`, `custom_code`, `status`) VALUES ('13', 'dddhhh', 'image', 'activities', '11', 'dd', 'a:1:{s:4:\"path\";s:17:\"data/no_photo.png\";}', '', '1');
INSERT INTO `5vvgh_banners` (`banner_id`, `name`, `type`, `click_url`, `language_id`, `alt_text`, `image_code`, `custom_code`, `status`) VALUES ('14', 'dddhhh', 'image', 'activities', '11', 'dd', 'a:1:{s:4:\"path\";s:17:\"data/no_photo.png\";}', '', '1');
INSERT INTO `5vvgh_banners` (`banner_id`, `name`, `type`, `click_url`, `language_id`, `alt_text`, `image_code`, `custom_code`, `status`) VALUES ('15', 'dddhhh', 'image', 'activities', '11', 'dd', 'a:1:{s:4:\"path\";s:17:\"data/no_photo.png\";}', '', '1');
INSERT INTO `5vvgh_banners` (`banner_id`, `name`, `type`, `click_url`, `language_id`, `alt_text`, `image_code`, `custom_code`, `status`) VALUES ('16', 'dddhhh', 'image', 'activities', '11', 'dd', 'a:1:{s:4:\"path\";s:17:\"data/no_photo.png\";}', '', '1');
INSERT INTO `5vvgh_banners` (`banner_id`, `name`, `type`, `click_url`, `language_id`, `alt_text`, `image_code`, `custom_code`, `status`) VALUES ('17', 'dddhhh', 'image', 'activities', '11', 'dd', 'a:1:{s:4:\"path\";s:17:\"data/no_photo.png\";}', '', '1');
INSERT INTO `5vvgh_banners` (`banner_id`, `name`, `type`, `click_url`, `language_id`, `alt_text`, `image_code`, `custom_code`, `status`) VALUES ('18', 'dddhhh', 'image', 'activities', '11', 'dd', 'a:1:{s:4:\"path\";s:17:\"data/no_photo.png\";}', '', '1');
INSERT INTO `5vvgh_banners` (`banner_id`, `name`, `type`, `click_url`, `language_id`, `alt_text`, `image_code`, `custom_code`, `status`) VALUES ('19', 'dddhhh', 'image', 'activities', '11', 'dd', 'a:1:{s:4:\"path\";s:17:\"data/no_photo.png\";}', '', '1');
INSERT INTO `5vvgh_banners` (`banner_id`, `name`, `type`, `click_url`, `language_id`, `alt_text`, `image_code`, `custom_code`, `status`) VALUES ('20', 'dddhhh', 'image', 'activities', '11', 'dd', 'a:1:{s:4:\"path\";s:17:\"data/no_photo.png\";}', '', '1');
INSERT INTO `5vvgh_banners` (`banner_id`, `name`, `type`, `click_url`, `language_id`, `alt_text`, `image_code`, `custom_code`, `status`) VALUES ('21', 'dddhhh', 'image', 'activities', '11', 'dd', 'a:1:{s:4:\"path\";s:17:\"data/no_photo.png\";}', '', '1');
INSERT INTO `5vvgh_banners` (`banner_id`, `name`, `type`, `click_url`, `language_id`, `alt_text`, `image_code`, `custom_code`, `status`) VALUES ('22', 'dddhhh', 'image', 'activities', '11', 'dd', 'a:1:{s:4:\"path\";s:17:\"data/no_photo.png\";}', '', '1');
INSERT INTO `5vvgh_banners` (`banner_id`, `name`, `type`, `click_url`, `language_id`, `alt_text`, `image_code`, `custom_code`, `status`) VALUES ('23', 'dddhhh', 'image', 'activities', '11', 'dd', 'a:1:{s:4:\"path\";s:17:\"data/no_photo.png\";}', '', '1');
INSERT INTO `5vvgh_banners` (`banner_id`, `name`, `type`, `click_url`, `language_id`, `alt_text`, `image_code`, `custom_code`, `status`) VALUES ('24', 'dddhhh', 'image', 'activities', '11', 'dd', 'a:1:{s:4:\"path\";s:17:\"data/no_photo.png\";}', '', '1');
INSERT INTO `5vvgh_banners` (`banner_id`, `name`, `type`, `click_url`, `language_id`, `alt_text`, `image_code`, `custom_code`, `status`) VALUES ('25', 'dddhhh', 'image', 'activities', '11', 'dd', 'a:1:{s:4:\"path\";s:17:\"data/no_photo.png\";}', '', '1');
INSERT INTO `5vvgh_banners` (`banner_id`, `name`, `type`, `click_url`, `language_id`, `alt_text`, `image_code`, `custom_code`, `status`) VALUES ('26', 'dddhhh', 'image', 'activities', '11', 'dd', 'a:1:{s:4:\"path\";s:17:\"data/no_photo.png\";}', '', '1');
INSERT INTO `5vvgh_banners` (`banner_id`, `name`, `type`, `click_url`, `language_id`, `alt_text`, `image_code`, `custom_code`, `status`) VALUES ('27', 'dddhhh', 'image', 'activities', '11', 'dd', 'a:1:{s:4:\"path\";s:17:\"data/no_photo.png\";}', '', '1');
INSERT INTO `5vvgh_banners` (`banner_id`, `name`, `type`, `click_url`, `language_id`, `alt_text`, `image_code`, `custom_code`, `status`) VALUES ('28', 'dddhhh', 'image', 'activities', '11', 'dd', 'a:1:{s:4:\"path\";s:17:\"data/no_photo.png\";}', '', '1');
INSERT INTO `5vvgh_banners` (`banner_id`, `name`, `type`, `click_url`, `language_id`, `alt_text`, `image_code`, `custom_code`, `status`) VALUES ('29', 'dddhhh', 'image', 'activities', '11', 'dd', 'a:1:{s:4:\"path\";s:17:\"data/no_photo.png\";}', '', '1');
INSERT INTO `5vvgh_banners` (`banner_id`, `name`, `type`, `click_url`, `language_id`, `alt_text`, `image_code`, `custom_code`, `status`) VALUES ('30', 'dddhhh', 'image', 'activities', '11', 'dd', 'a:1:{s:4:\"path\";s:17:\"data/no_photo.png\";}', '', '1');
INSERT INTO `5vvgh_banners` (`banner_id`, `name`, `type`, `click_url`, `language_id`, `alt_text`, `image_code`, `custom_code`, `status`) VALUES ('31', 'dddhhh', 'image', 'activities', '11', 'dd', 'a:1:{s:4:\"path\";s:17:\"data/no_photo.png\";}', '', '1');
INSERT INTO `5vvgh_banners` (`banner_id`, `name`, `type`, `click_url`, `language_id`, `alt_text`, `image_code`, `custom_code`, `status`) VALUES ('32', 'dddhhh', 'image', 'activities', '11', 'dd', 'a:1:{s:4:\"path\";s:17:\"data/no_photo.png\";}', '', '1');
INSERT INTO `5vvgh_banners` (`banner_id`, `name`, `type`, `click_url`, `language_id`, `alt_text`, `image_code`, `custom_code`, `status`) VALUES ('33', 'dddhhh', 'image', 'activities', '11', 'dd', 'a:1:{s:4:\"path\";s:17:\"data/no_photo.png\";}', '', '1');
INSERT INTO `5vvgh_banners` (`banner_id`, `name`, `type`, `click_url`, `language_id`, `alt_text`, `image_code`, `custom_code`, `status`) VALUES ('34', 'dddhhh', 'image', 'activities', '11', 'dd', 'a:1:{s:4:\"path\";s:17:\"data/no_photo.png\";}', '', '1');
INSERT INTO `5vvgh_banners` (`banner_id`, `name`, `type`, `click_url`, `language_id`, `alt_text`, `image_code`, `custom_code`, `status`) VALUES ('35', 'dddhhh', 'image', 'activities', '11', 'dd', 'a:1:{s:4:\"path\";s:17:\"data/no_photo.png\";}', '', '1');
INSERT INTO `5vvgh_banners` (`banner_id`, `name`, `type`, `click_url`, `language_id`, `alt_text`, `image_code`, `custom_code`, `status`) VALUES ('36', 'dddhhh', 'image', 'activities', '11', 'dd', 'a:1:{s:4:\"path\";s:17:\"data/no_photo.png\";}', '', '1');
INSERT INTO `5vvgh_banners` (`banner_id`, `name`, `type`, `click_url`, `language_id`, `alt_text`, `image_code`, `custom_code`, `status`) VALUES ('37', 'dddhhh', 'image', 'activities', '11', 'dd', 'a:1:{s:4:\"path\";s:17:\"data/no_photo.png\";}', '', '1');
INSERT INTO `5vvgh_banners` (`banner_id`, `name`, `type`, `click_url`, `language_id`, `alt_text`, `image_code`, `custom_code`, `status`) VALUES ('38', 'dddhhh', 'image', 'activities', '11', 'dd', 'a:1:{s:4:\"path\";s:17:\"data/no_photo.png\";}', '', '1');
INSERT INTO `5vvgh_banners` (`banner_id`, `name`, `type`, `click_url`, `language_id`, `alt_text`, `image_code`, `custom_code`, `status`) VALUES ('39', 'dddhhh', 'image', 'activities', '11', 'dd', 'a:1:{s:4:\"path\";s:17:\"data/no_photo.png\";}', '', '1');
INSERT INTO `5vvgh_banners` (`banner_id`, `name`, `type`, `click_url`, `language_id`, `alt_text`, `image_code`, `custom_code`, `status`) VALUES ('40', 'dddhhh', 'image', 'activities', '11', 'dd', 'a:1:{s:4:\"path\";s:17:\"data/no_photo.png\";}', '', '1');
INSERT INTO `5vvgh_banners` (`banner_id`, `name`, `type`, `click_url`, `language_id`, `alt_text`, `image_code`, `custom_code`, `status`) VALUES ('41', 'dddhhh', 'image', 'activities', '11', 'dd', 'a:1:{s:4:\"path\";s:17:\"data/no_photo.png\";}', '', '1');
INSERT INTO `5vvgh_banners` (`banner_id`, `name`, `type`, `click_url`, `language_id`, `alt_text`, `image_code`, `custom_code`, `status`) VALUES ('42', 'dddhhh', 'image', 'activities', '11', 'dd', 'a:1:{s:4:\"path\";s:17:\"data/no_photo.png\";}', '', '1');
INSERT INTO `5vvgh_banners` (`banner_id`, `name`, `type`, `click_url`, `language_id`, `alt_text`, `image_code`, `custom_code`, `status`) VALUES ('43', 'dddhhh', 'image', 'activities', '11', 'dd', 'a:1:{s:4:\"path\";s:17:\"data/no_photo.png\";}', '', '1');
INSERT INTO `5vvgh_banners` (`banner_id`, `name`, `type`, `click_url`, `language_id`, `alt_text`, `image_code`, `custom_code`, `status`) VALUES ('44', 'dddhhh', 'image', 'activities', '11', 'dd', 'a:1:{s:4:\"path\";s:17:\"data/no_photo.png\";}', '', '1');
INSERT INTO `5vvgh_banners` (`banner_id`, `name`, `type`, `click_url`, `language_id`, `alt_text`, `image_code`, `custom_code`, `status`) VALUES ('45', 'dddhhh', 'image', 'activities', '11', 'dd', 'a:1:{s:4:\"path\";s:17:\"data/no_photo.png\";}', '', '1');
INSERT INTO `5vvgh_banners` (`banner_id`, `name`, `type`, `click_url`, `language_id`, `alt_text`, `image_code`, `custom_code`, `status`) VALUES ('50', 'dddhhh', 'image', 'activities', '11', 'dd', 'a:1:{s:4:\"path\";s:17:\"data/no_photo.png\";}', '', '1');


#
# TABLE STRUCTURE FOR: 5vvgh_categories
#

DROP TABLE IF EXISTS `5vvgh_categories`;

CREATE TABLE `5vvgh_categories` (
  `category_id` int(11) NOT NULL AUTO_INCREMENT,
  `name` varchar(32) NOT NULL,
  `description` text NOT NULL,
  `parent_id` int(11) NOT NULL,
  `priority` int(11) NOT NULL,
  `image` varchar(255) NOT NULL,
  `status` tinyint(4) NOT NULL DEFAULT '1',
  PRIMARY KEY (`category_id`)
) ENGINE=InnoDB AUTO_INCREMENT=34 DEFAULT CHARSET=utf8;

INSERT INTO `5vvgh_categories` (`category_id`, `name`, `description`, `parent_id`, `priority`, `image`, `status`) VALUES ('15', 'Appetizer', '', '0', '0', 'data/no_photo.png', '1');
INSERT INTO `5vvgh_categories` (`category_id`, `name`, `description`, `parent_id`, `priority`, `image`, `status`) VALUES ('16', 'Main Course', '', '0', '0', '', '1');
INSERT INTO `5vvgh_categories` (`category_id`, `name`, `description`, `parent_id`, `priority`, `image`, `status`) VALUES ('17', 'Salads', '', '0', '0', '', '1');
INSERT INTO `5vvgh_categories` (`category_id`, `name`, `description`, `parent_id`, `priority`, `image`, `status`) VALUES ('18', 'Seafoods', '', '0', '0', '', '1');
INSERT INTO `5vvgh_categories` (`category_id`, `name`, `description`, `parent_id`, `priority`, `image`, `status`) VALUES ('19', 'Traditional', '', '0', '0', '', '1');
INSERT INTO `5vvgh_categories` (`category_id`, `name`, `description`, `parent_id`, `priority`, `image`, `status`) VALUES ('20', 'Vegetarian', '', '0', '0', '', '1');
INSERT INTO `5vvgh_categories` (`category_id`, `name`, `description`, `parent_id`, `priority`, `image`, `status`) VALUES ('21', 'Soups', '', '0', '0', '', '1');
INSERT INTO `5vvgh_categories` (`category_id`, `name`, `description`, `parent_id`, `priority`, `image`, `status`) VALUES ('22', 'Desserts', '', '0', '0', '', '1');
INSERT INTO `5vvgh_categories` (`category_id`, `name`, `description`, `parent_id`, `priority`, `image`, `status`) VALUES ('23', 'Drinks', '', '0', '0', '', '1');
INSERT INTO `5vvgh_categories` (`category_id`, `name`, `description`, `parent_id`, `priority`, `image`, `status`) VALUES ('24', 'Specials', '', '0', '0', '', '1');
INSERT INTO `5vvgh_categories` (`category_id`, `name`, `description`, `parent_id`, `priority`, `image`, `status`) VALUES ('26', 'Rice Dishes', '', '16', '0', 'data/vegetable-fried-rice.jpg', '1');
INSERT INTO `5vvgh_categories` (`category_id`, `name`, `description`, `parent_id`, `priority`, `image`, `status`) VALUES ('29', 'Just Munch', 'dddddddddddddddddddddddddddddddddddddddddd', '0', '0', '', '1');
INSERT INTO `5vvgh_categories` (`category_id`, `name`, `description`, `parent_id`, `priority`, `image`, `status`) VALUES ('30', 'Paid Thn', '', '0', '2', '', '0');
INSERT INTO `5vvgh_categories` (`category_id`, `name`, `description`, `parent_id`, `priority`, `image`, `status`) VALUES ('31', 'Just Munch', 'dddddddddddddddddddddddddddddddddddddddddd', '0', '0', '', '1');
INSERT INTO `5vvgh_categories` (`category_id`, `name`, `description`, `parent_id`, `priority`, `image`, `status`) VALUES ('32', 'Just Munch', 'dddddddddddddddddddddddddddddddddddddddddd', '0', '0', '', '1');
INSERT INTO `5vvgh_categories` (`category_id`, `name`, `description`, `parent_id`, `priority`, `image`, `status`) VALUES ('33', 'Just Munch', 'New\r\n   Delete', '0', '0', '', '1');


#
# TABLE STRUCTURE FOR: 5vvgh_countries
#

DROP TABLE IF EXISTS `5vvgh_countries`;

CREATE TABLE `5vvgh_countries` (
  `country_id` int(11) NOT NULL AUTO_INCREMENT,
  `country_name` varchar(128) NOT NULL,
  `iso_code_2` varchar(2) NOT NULL,
  `iso_code_3` varchar(3) NOT NULL,
  `format` text NOT NULL,
  `status` tinyint(1) NOT NULL,
  `flag` varchar(255) NOT NULL,
  PRIMARY KEY (`country_id`)
) ENGINE=InnoDB AUTO_INCREMENT=240 DEFAULT CHARSET=utf8;

INSERT INTO `5vvgh_countries` (`country_id`, `country_name`, `iso_code_2`, `iso_code_3`, `format`, `status`, `flag`) VALUES ('1', 'Afghanistan', 'AO', 'AFG', '', '1', 'data/flags/ao.png');
INSERT INTO `5vvgh_countries` (`country_id`, `country_name`, `iso_code_2`, `iso_code_3`, `format`, `status`, `flag`) VALUES ('2', 'Albania', 'AL', 'ALB', '', '1', 'data/flags/al.png');
INSERT INTO `5vvgh_countries` (`country_id`, `country_name`, `iso_code_2`, `iso_code_3`, `format`, `status`, `flag`) VALUES ('3', 'Algeria', 'DZ', 'DZA', '', '1', 'data/flags/dz.png');
INSERT INTO `5vvgh_countries` (`country_id`, `country_name`, `iso_code_2`, `iso_code_3`, `format`, `status`, `flag`) VALUES ('4', 'American Samoa', 'AS', 'ASM', '', '1', 'data/flags/as.png');
INSERT INTO `5vvgh_countries` (`country_id`, `country_name`, `iso_code_2`, `iso_code_3`, `format`, `status`, `flag`) VALUES ('5', 'Andorra', 'AD', 'AND', '', '1', 'data/flags/ad.png');
INSERT INTO `5vvgh_countries` (`country_id`, `country_name`, `iso_code_2`, `iso_code_3`, `format`, `status`, `flag`) VALUES ('6', 'Angola', 'AO', 'AGO', '', '1', 'data/flags/ao.png');
INSERT INTO `5vvgh_countries` (`country_id`, `country_name`, `iso_code_2`, `iso_code_3`, `format`, `status`, `flag`) VALUES ('7', 'Anguilla', 'AI', 'AIA', '', '1', 'data/flags/ai.png');
INSERT INTO `5vvgh_countries` (`country_id`, `country_name`, `iso_code_2`, `iso_code_3`, `format`, `status`, `flag`) VALUES ('8', 'Antarctica', 'AQ', 'ATA', '', '1', 'data/flags/aq.png');
INSERT INTO `5vvgh_countries` (`country_id`, `country_name`, `iso_code_2`, `iso_code_3`, `format`, `status`, `flag`) VALUES ('9', 'Antigua and Barbuda', 'AG', 'ATG', '', '1', 'data/flags/ag.png');
INSERT INTO `5vvgh_countries` (`country_id`, `country_name`, `iso_code_2`, `iso_code_3`, `format`, `status`, `flag`) VALUES ('10', 'Argentina', 'AR', 'ARG', '', '1', 'data/flags/ar.png');
INSERT INTO `5vvgh_countries` (`country_id`, `country_name`, `iso_code_2`, `iso_code_3`, `format`, `status`, `flag`) VALUES ('11', 'Armenia', 'AM', 'ARM', '', '1', 'data/flags/am.png');
INSERT INTO `5vvgh_countries` (`country_id`, `country_name`, `iso_code_2`, `iso_code_3`, `format`, `status`, `flag`) VALUES ('12', 'Aruba', 'AW', 'ABW', '', '1', 'data/flags/aw.png');
INSERT INTO `5vvgh_countries` (`country_id`, `country_name`, `iso_code_2`, `iso_code_3`, `format`, `status`, `flag`) VALUES ('13', 'Australia', 'AU', 'AUS', '', '1', 'data/flags/au.png');
INSERT INTO `5vvgh_countries` (`country_id`, `country_name`, `iso_code_2`, `iso_code_3`, `format`, `status`, `flag`) VALUES ('14', 'Austria', 'AT', 'AUT', '', '1', 'data/flags/at.png');
INSERT INTO `5vvgh_countries` (`country_id`, `country_name`, `iso_code_2`, `iso_code_3`, `format`, `status`, `flag`) VALUES ('15', 'Azerbaijan', 'AZ', 'AZE', '', '1', 'data/flags/az.png');
INSERT INTO `5vvgh_countries` (`country_id`, `country_name`, `iso_code_2`, `iso_code_3`, `format`, `status`, `flag`) VALUES ('16', 'Bahamas', 'BS', 'BHS', '', '1', 'data/flags/bs.png');
INSERT INTO `5vvgh_countries` (`country_id`, `country_name`, `iso_code_2`, `iso_code_3`, `format`, `status`, `flag`) VALUES ('17', 'Bahrain', 'BH', 'BHR', '', '1', 'data/flags/bh.png');
INSERT INTO `5vvgh_countries` (`country_id`, `country_name`, `iso_code_2`, `iso_code_3`, `format`, `status`, `flag`) VALUES ('18', 'Bangladesh', 'BD', 'BGD', '', '1', 'data/flags/bd.png');
INSERT INTO `5vvgh_countries` (`country_id`, `country_name`, `iso_code_2`, `iso_code_3`, `format`, `status`, `flag`) VALUES ('19', 'Barbados', 'BB', 'BRB', '', '1', 'data/flags/bb.png');
INSERT INTO `5vvgh_countries` (`country_id`, `country_name`, `iso_code_2`, `iso_code_3`, `format`, `status`, `flag`) VALUES ('20', 'Belarus', 'BY', 'BLR', '', '1', 'data/flags/by.png');
INSERT INTO `5vvgh_countries` (`country_id`, `country_name`, `iso_code_2`, `iso_code_3`, `format`, `status`, `flag`) VALUES ('21', 'Belgium', 'BE', 'BEL', '', '1', 'data/flags/be.png');
INSERT INTO `5vvgh_countries` (`country_id`, `country_name`, `iso_code_2`, `iso_code_3`, `format`, `status`, `flag`) VALUES ('22', 'Belize', 'BZ', 'BLZ', '', '1', 'data/flags/bz.png');
INSERT INTO `5vvgh_countries` (`country_id`, `country_name`, `iso_code_2`, `iso_code_3`, `format`, `status`, `flag`) VALUES ('23', 'Benin', 'BJ', 'BEN', '', '1', 'data/flags/bj.png');
INSERT INTO `5vvgh_countries` (`country_id`, `country_name`, `iso_code_2`, `iso_code_3`, `format`, `status`, `flag`) VALUES ('24', 'Bermuda', 'BM', 'BMU', '', '1', 'data/flags/bm.png');
INSERT INTO `5vvgh_countries` (`country_id`, `country_name`, `iso_code_2`, `iso_code_3`, `format`, `status`, `flag`) VALUES ('25', 'Bhutan', 'BT', 'BTN', '', '1', 'data/flags/bt.png');
INSERT INTO `5vvgh_countries` (`country_id`, `country_name`, `iso_code_2`, `iso_code_3`, `format`, `status`, `flag`) VALUES ('26', 'Bolivia', 'BO', 'BOL', '', '1', 'data/flags/bo.png');
INSERT INTO `5vvgh_countries` (`country_id`, `country_name`, `iso_code_2`, `iso_code_3`, `format`, `status`, `flag`) VALUES ('27', 'Bosnia and Herzegowina', 'BA', 'BIH', '', '1', 'data/flags/ba.png');
INSERT INTO `5vvgh_countries` (`country_id`, `country_name`, `iso_code_2`, `iso_code_3`, `format`, `status`, `flag`) VALUES ('28', 'Botswana', 'BW', 'BWA', '', '1', 'data/flags/bw.png');
INSERT INTO `5vvgh_countries` (`country_id`, `country_name`, `iso_code_2`, `iso_code_3`, `format`, `status`, `flag`) VALUES ('29', 'Bouvet Island', 'BV', 'BVT', '', '1', 'data/flags/bv.png');
INSERT INTO `5vvgh_countries` (`country_id`, `country_name`, `iso_code_2`, `iso_code_3`, `format`, `status`, `flag`) VALUES ('30', 'Brazil', 'BR', 'BRA', '', '1', 'data/flags/br.png');
INSERT INTO `5vvgh_countries` (`country_id`, `country_name`, `iso_code_2`, `iso_code_3`, `format`, `status`, `flag`) VALUES ('31', 'British Indian Ocean Territory', 'IO', 'IOT', '', '1', 'data/flags/io.png');
INSERT INTO `5vvgh_countries` (`country_id`, `country_name`, `iso_code_2`, `iso_code_3`, `format`, `status`, `flag`) VALUES ('32', 'Brunei Darussalam', 'BN', 'BRN', '', '1', 'data/flags/bn.png');
INSERT INTO `5vvgh_countries` (`country_id`, `country_name`, `iso_code_2`, `iso_code_3`, `format`, `status`, `flag`) VALUES ('33', 'Bulgaria', 'BG', 'BGR', '', '1', 'data/flags/bg.png');
INSERT INTO `5vvgh_countries` (`country_id`, `country_name`, `iso_code_2`, `iso_code_3`, `format`, `status`, `flag`) VALUES ('34', 'Burkina Faso', 'BF', 'BFA', '', '1', 'data/flags/bf.png');
INSERT INTO `5vvgh_countries` (`country_id`, `country_name`, `iso_code_2`, `iso_code_3`, `format`, `status`, `flag`) VALUES ('35', 'Burundi', 'BI', 'BDI', '', '1', 'data/flags/bi.png');
INSERT INTO `5vvgh_countries` (`country_id`, `country_name`, `iso_code_2`, `iso_code_3`, `format`, `status`, `flag`) VALUES ('36', 'Cambodia', 'KH', 'KHM', '', '1', 'data/flags/kh.png');
INSERT INTO `5vvgh_countries` (`country_id`, `country_name`, `iso_code_2`, `iso_code_3`, `format`, `status`, `flag`) VALUES ('37', 'Cameroon', 'CM', 'CMR', '', '1', 'data/flags/cm.png');
INSERT INTO `5vvgh_countries` (`country_id`, `country_name`, `iso_code_2`, `iso_code_3`, `format`, `status`, `flag`) VALUES ('38', 'Canada', 'CA', 'CAN', '', '1', 'data/flags/ca.png');
INSERT INTO `5vvgh_countries` (`country_id`, `country_name`, `iso_code_2`, `iso_code_3`, `format`, `status`, `flag`) VALUES ('39', 'Cape Verde', 'CV', 'CPV', '', '1', 'data/flags/cv.png');
INSERT INTO `5vvgh_countries` (`country_id`, `country_name`, `iso_code_2`, `iso_code_3`, `format`, `status`, `flag`) VALUES ('40', 'Cayman Islands', 'KY', 'CYM', '', '1', 'data/flags/ky.png');
INSERT INTO `5vvgh_countries` (`country_id`, `country_name`, `iso_code_2`, `iso_code_3`, `format`, `status`, `flag`) VALUES ('41', 'Central African Republic', 'CF', 'CAF', '', '1', 'data/flags/cf.png');
INSERT INTO `5vvgh_countries` (`country_id`, `country_name`, `iso_code_2`, `iso_code_3`, `format`, `status`, `flag`) VALUES ('42', 'Chad', 'TD', 'TCD', '', '1', 'data/flags/td.png');
INSERT INTO `5vvgh_countries` (`country_id`, `country_name`, `iso_code_2`, `iso_code_3`, `format`, `status`, `flag`) VALUES ('43', 'Chile', 'CL', 'CHL', '', '1', 'data/flags/cl.png');
INSERT INTO `5vvgh_countries` (`country_id`, `country_name`, `iso_code_2`, `iso_code_3`, `format`, `status`, `flag`) VALUES ('44', 'China', 'CN', 'CHN', '', '1', 'data/flags/cn.png');
INSERT INTO `5vvgh_countries` (`country_id`, `country_name`, `iso_code_2`, `iso_code_3`, `format`, `status`, `flag`) VALUES ('45', 'Christmas Island', 'CX', 'CXR', '', '1', 'data/flags/cx.png');
INSERT INTO `5vvgh_countries` (`country_id`, `country_name`, `iso_code_2`, `iso_code_3`, `format`, `status`, `flag`) VALUES ('46', 'Cocos (Keeling) Islands', 'CC', 'CCK', '', '1', 'data/flags/cc.png');
INSERT INTO `5vvgh_countries` (`country_id`, `country_name`, `iso_code_2`, `iso_code_3`, `format`, `status`, `flag`) VALUES ('47', 'Colombia', 'CO', 'COL', '', '1', 'data/flags/co.png');
INSERT INTO `5vvgh_countries` (`country_id`, `country_name`, `iso_code_2`, `iso_code_3`, `format`, `status`, `flag`) VALUES ('48', 'Comoros', 'KM', 'COM', '', '1', 'data/flags/km.png');
INSERT INTO `5vvgh_countries` (`country_id`, `country_name`, `iso_code_2`, `iso_code_3`, `format`, `status`, `flag`) VALUES ('49', 'Congo', 'CG', 'COG', '', '1', 'data/flags/cg.png');
INSERT INTO `5vvgh_countries` (`country_id`, `country_name`, `iso_code_2`, `iso_code_3`, `format`, `status`, `flag`) VALUES ('50', 'Cook Islands', 'CK', 'COK', '', '1', 'data/flags/ck.png');
INSERT INTO `5vvgh_countries` (`country_id`, `country_name`, `iso_code_2`, `iso_code_3`, `format`, `status`, `flag`) VALUES ('51', 'Costa Rica', 'CR', 'CRI', '', '1', 'data/flags/cr.png');
INSERT INTO `5vvgh_countries` (`country_id`, `country_name`, `iso_code_2`, `iso_code_3`, `format`, `status`, `flag`) VALUES ('52', 'Cote D\'Ivoire', 'CI', 'CIV', '', '1', 'data/flags/ci.png');
INSERT INTO `5vvgh_countries` (`country_id`, `country_name`, `iso_code_2`, `iso_code_3`, `format`, `status`, `flag`) VALUES ('53', 'Croatia', 'HR', 'HRV', '', '1', 'data/flags/hr.png');
INSERT INTO `5vvgh_countries` (`country_id`, `country_name`, `iso_code_2`, `iso_code_3`, `format`, `status`, `flag`) VALUES ('54', 'Cuba', 'CU', 'CUB', '', '1', 'data/flags/cu.png');
INSERT INTO `5vvgh_countries` (`country_id`, `country_name`, `iso_code_2`, `iso_code_3`, `format`, `status`, `flag`) VALUES ('55', 'Cyprus', 'CY', 'CYP', '', '1', 'data/flags/cy.png');
INSERT INTO `5vvgh_countries` (`country_id`, `country_name`, `iso_code_2`, `iso_code_3`, `format`, `status`, `flag`) VALUES ('56', 'Czech Republic', 'CZ', 'CZE', '', '1', 'data/flags/cz.png');
INSERT INTO `5vvgh_countries` (`country_id`, `country_name`, `iso_code_2`, `iso_code_3`, `format`, `status`, `flag`) VALUES ('57', 'Denmark', 'DK', 'DNK', '', '1', 'data/flags/dk.png');
INSERT INTO `5vvgh_countries` (`country_id`, `country_name`, `iso_code_2`, `iso_code_3`, `format`, `status`, `flag`) VALUES ('58', 'Djibouti', 'DJ', 'DJI', '', '1', 'data/flags/dj.png');
INSERT INTO `5vvgh_countries` (`country_id`, `country_name`, `iso_code_2`, `iso_code_3`, `format`, `status`, `flag`) VALUES ('59', 'Dominica', 'DM', 'DMA', '', '1', 'data/flags/dm.png');
INSERT INTO `5vvgh_countries` (`country_id`, `country_name`, `iso_code_2`, `iso_code_3`, `format`, `status`, `flag`) VALUES ('60', 'Dominican Republic', 'DO', 'DOM', '', '1', 'data/flags/do.png');
INSERT INTO `5vvgh_countries` (`country_id`, `country_name`, `iso_code_2`, `iso_code_3`, `format`, `status`, `flag`) VALUES ('61', 'East Timor', 'TP', 'TMP', '', '1', 'data/flags/tp.png');
INSERT INTO `5vvgh_countries` (`country_id`, `country_name`, `iso_code_2`, `iso_code_3`, `format`, `status`, `flag`) VALUES ('62', 'Ecuador', 'EC', 'ECU', '', '1', 'data/flags/ec.png');
INSERT INTO `5vvgh_countries` (`country_id`, `country_name`, `iso_code_2`, `iso_code_3`, `format`, `status`, `flag`) VALUES ('63', 'Egypt', 'EG', 'EGY', '', '1', 'data/flags/eg.png');
INSERT INTO `5vvgh_countries` (`country_id`, `country_name`, `iso_code_2`, `iso_code_3`, `format`, `status`, `flag`) VALUES ('64', 'El Salvador', 'SV', 'SLV', '', '1', 'data/flags/sv.png');
INSERT INTO `5vvgh_countries` (`country_id`, `country_name`, `iso_code_2`, `iso_code_3`, `format`, `status`, `flag`) VALUES ('65', 'Equatorial Guinea', 'GQ', 'GNQ', '', '1', 'data/flags/gq.png');
INSERT INTO `5vvgh_countries` (`country_id`, `country_name`, `iso_code_2`, `iso_code_3`, `format`, `status`, `flag`) VALUES ('66', 'Eritrea', 'ER', 'ERI', '', '1', 'data/flags/er.png');
INSERT INTO `5vvgh_countries` (`country_id`, `country_name`, `iso_code_2`, `iso_code_3`, `format`, `status`, `flag`) VALUES ('67', 'Estonia', 'EE', 'EST', '', '1', 'data/flags/ee.png');
INSERT INTO `5vvgh_countries` (`country_id`, `country_name`, `iso_code_2`, `iso_code_3`, `format`, `status`, `flag`) VALUES ('68', 'Ethiopia', 'ET', 'ETH', '', '1', 'data/flags/et.png');
INSERT INTO `5vvgh_countries` (`country_id`, `country_name`, `iso_code_2`, `iso_code_3`, `format`, `status`, `flag`) VALUES ('69', 'Falkland Islands (Malvinas)', 'FK', 'FLK', '', '1', 'data/flags/fk.png');
INSERT INTO `5vvgh_countries` (`country_id`, `country_name`, `iso_code_2`, `iso_code_3`, `format`, `status`, `flag`) VALUES ('70', 'Faroe Islands', 'FO', 'FRO', '', '1', 'data/flags/fo.png');
INSERT INTO `5vvgh_countries` (`country_id`, `country_name`, `iso_code_2`, `iso_code_3`, `format`, `status`, `flag`) VALUES ('71', 'Fiji', 'FJ', 'FJI', '', '1', 'data/flags/fj.png');
INSERT INTO `5vvgh_countries` (`country_id`, `country_name`, `iso_code_2`, `iso_code_3`, `format`, `status`, `flag`) VALUES ('72', 'Finland', 'FI', 'FIN', '', '1', 'data/flags/fi.png');
INSERT INTO `5vvgh_countries` (`country_id`, `country_name`, `iso_code_2`, `iso_code_3`, `format`, `status`, `flag`) VALUES ('73', 'France', 'FR', 'FRA', '', '1', 'data/flags/fr.png');
INSERT INTO `5vvgh_countries` (`country_id`, `country_name`, `iso_code_2`, `iso_code_3`, `format`, `status`, `flag`) VALUES ('74', 'France, Metropolitan', 'FX', 'FXX', '', '1', 'data/flags/fx.png');
INSERT INTO `5vvgh_countries` (`country_id`, `country_name`, `iso_code_2`, `iso_code_3`, `format`, `status`, `flag`) VALUES ('75', 'French Guiana', 'GF', 'GUF', '', '1', 'data/flags/gf.png');
INSERT INTO `5vvgh_countries` (`country_id`, `country_name`, `iso_code_2`, `iso_code_3`, `format`, `status`, `flag`) VALUES ('76', 'French Polynesia', 'PF', 'PYF', '', '1', 'data/flags/pf.png');
INSERT INTO `5vvgh_countries` (`country_id`, `country_name`, `iso_code_2`, `iso_code_3`, `format`, `status`, `flag`) VALUES ('77', 'French Southern Territories', 'TF', 'ATF', '', '1', 'data/flags/tf.png');
INSERT INTO `5vvgh_countries` (`country_id`, `country_name`, `iso_code_2`, `iso_code_3`, `format`, `status`, `flag`) VALUES ('78', 'Gabon', 'GA', 'GAB', '', '1', 'data/flags/ga.png');
INSERT INTO `5vvgh_countries` (`country_id`, `country_name`, `iso_code_2`, `iso_code_3`, `format`, `status`, `flag`) VALUES ('79', 'Gambia', 'GM', 'GMB', '', '1', 'data/flags/gm.png');
INSERT INTO `5vvgh_countries` (`country_id`, `country_name`, `iso_code_2`, `iso_code_3`, `format`, `status`, `flag`) VALUES ('80', 'Georgia', 'GE', 'GEO', '', '1', 'data/flags/ge.png');
INSERT INTO `5vvgh_countries` (`country_id`, `country_name`, `iso_code_2`, `iso_code_3`, `format`, `status`, `flag`) VALUES ('81', 'Germany', 'DE', 'DEU', '', '1', 'data/flags/de.png');
INSERT INTO `5vvgh_countries` (`country_id`, `country_name`, `iso_code_2`, `iso_code_3`, `format`, `status`, `flag`) VALUES ('82', 'Ghana', 'GH', 'GHA', '', '1', 'data/flags/gh.png');
INSERT INTO `5vvgh_countries` (`country_id`, `country_name`, `iso_code_2`, `iso_code_3`, `format`, `status`, `flag`) VALUES ('83', 'Gibraltar', 'GI', 'GIB', '', '1', 'data/flags/gi.png');
INSERT INTO `5vvgh_countries` (`country_id`, `country_name`, `iso_code_2`, `iso_code_3`, `format`, `status`, `flag`) VALUES ('84', 'Greece', 'GR', 'GRC', '', '1', 'data/flags/gr.png');
INSERT INTO `5vvgh_countries` (`country_id`, `country_name`, `iso_code_2`, `iso_code_3`, `format`, `status`, `flag`) VALUES ('85', 'Greenland', 'GL', 'GRL', '', '1', 'data/flags/gl.png');
INSERT INTO `5vvgh_countries` (`country_id`, `country_name`, `iso_code_2`, `iso_code_3`, `format`, `status`, `flag`) VALUES ('86', 'Grenada', 'GD', 'GRD', '', '1', 'data/flags/gd.png');
INSERT INTO `5vvgh_countries` (`country_id`, `country_name`, `iso_code_2`, `iso_code_3`, `format`, `status`, `flag`) VALUES ('87', 'Guadeloupe', 'GP', 'GLP', '', '1', 'data/flags/gp.png');
INSERT INTO `5vvgh_countries` (`country_id`, `country_name`, `iso_code_2`, `iso_code_3`, `format`, `status`, `flag`) VALUES ('88', 'Guam', 'GU', 'GUM', '', '1', 'data/flags/gu.png');
INSERT INTO `5vvgh_countries` (`country_id`, `country_name`, `iso_code_2`, `iso_code_3`, `format`, `status`, `flag`) VALUES ('89', 'Guatemala', 'GT', 'GTM', '', '1', 'data/flags/gt.png');
INSERT INTO `5vvgh_countries` (`country_id`, `country_name`, `iso_code_2`, `iso_code_3`, `format`, `status`, `flag`) VALUES ('90', 'Guinea', 'GN', 'GIN', '', '1', 'data/flags/gn.png');
INSERT INTO `5vvgh_countries` (`country_id`, `country_name`, `iso_code_2`, `iso_code_3`, `format`, `status`, `flag`) VALUES ('91', 'Guinea-bissau', 'GW', 'GNB', '', '1', 'data/flags/gw.png');
INSERT INTO `5vvgh_countries` (`country_id`, `country_name`, `iso_code_2`, `iso_code_3`, `format`, `status`, `flag`) VALUES ('92', 'Guyana', 'GY', 'GUY', '', '1', 'data/flags/gy.png');
INSERT INTO `5vvgh_countries` (`country_id`, `country_name`, `iso_code_2`, `iso_code_3`, `format`, `status`, `flag`) VALUES ('93', 'Haiti', 'HT', 'HTI', '', '1', 'data/flags/ht.png');
INSERT INTO `5vvgh_countries` (`country_id`, `country_name`, `iso_code_2`, `iso_code_3`, `format`, `status`, `flag`) VALUES ('94', 'Heard and Mc Donald Islands', 'HM', 'HMD', '', '1', 'data/flags/hm.png');
INSERT INTO `5vvgh_countries` (`country_id`, `country_name`, `iso_code_2`, `iso_code_3`, `format`, `status`, `flag`) VALUES ('95', 'Honduras', 'HN', 'HND', '', '1', 'data/flags/hn.png');
INSERT INTO `5vvgh_countries` (`country_id`, `country_name`, `iso_code_2`, `iso_code_3`, `format`, `status`, `flag`) VALUES ('96', 'Hong Kong', 'HK', 'HKG', '', '1', 'data/flags/hk.png');
INSERT INTO `5vvgh_countries` (`country_id`, `country_name`, `iso_code_2`, `iso_code_3`, `format`, `status`, `flag`) VALUES ('97', 'Hungary', 'HU', 'HUN', '', '1', 'data/flags/hu.png');
INSERT INTO `5vvgh_countries` (`country_id`, `country_name`, `iso_code_2`, `iso_code_3`, `format`, `status`, `flag`) VALUES ('98', 'Iceland', 'IS', 'ISL', '', '1', 'data/flags/is.png');
INSERT INTO `5vvgh_countries` (`country_id`, `country_name`, `iso_code_2`, `iso_code_3`, `format`, `status`, `flag`) VALUES ('99', 'India', 'IN', 'IND', '', '1', 'data/flags/in.png');
INSERT INTO `5vvgh_countries` (`country_id`, `country_name`, `iso_code_2`, `iso_code_3`, `format`, `status`, `flag`) VALUES ('100', 'Indonesia', 'ID', 'IDN', '', '1', 'data/flags/id.png');
INSERT INTO `5vvgh_countries` (`country_id`, `country_name`, `iso_code_2`, `iso_code_3`, `format`, `status`, `flag`) VALUES ('101', 'Iran (Islamic Republic of)', 'IR', 'IRN', '', '1', 'data/flags/ir.png');
INSERT INTO `5vvgh_countries` (`country_id`, `country_name`, `iso_code_2`, `iso_code_3`, `format`, `status`, `flag`) VALUES ('102', 'Iraq', 'IQ', 'IRQ', '', '1', 'data/flags/iq.png');
INSERT INTO `5vvgh_countries` (`country_id`, `country_name`, `iso_code_2`, `iso_code_3`, `format`, `status`, `flag`) VALUES ('103', 'Ireland', 'IE', 'IRL', '', '1', 'data/flags/ie.png');
INSERT INTO `5vvgh_countries` (`country_id`, `country_name`, `iso_code_2`, `iso_code_3`, `format`, `status`, `flag`) VALUES ('104', 'Israel', 'IL', 'ISR', '', '1', 'data/flags/il.png');
INSERT INTO `5vvgh_countries` (`country_id`, `country_name`, `iso_code_2`, `iso_code_3`, `format`, `status`, `flag`) VALUES ('105', 'Italy', 'IT', 'ITA', '', '1', 'data/flags/it.png');
INSERT INTO `5vvgh_countries` (`country_id`, `country_name`, `iso_code_2`, `iso_code_3`, `format`, `status`, `flag`) VALUES ('106', 'Jamaica', 'JM', 'JAM', '', '1', 'data/flags/jm.png');
INSERT INTO `5vvgh_countries` (`country_id`, `country_name`, `iso_code_2`, `iso_code_3`, `format`, `status`, `flag`) VALUES ('107', 'Japan', 'JP', 'JPN', '', '1', 'data/flags/jp.png');
INSERT INTO `5vvgh_countries` (`country_id`, `country_name`, `iso_code_2`, `iso_code_3`, `format`, `status`, `flag`) VALUES ('108', 'Jordan', 'JO', 'JOR', '', '1', 'data/flags/jo.png');
INSERT INTO `5vvgh_countries` (`country_id`, `country_name`, `iso_code_2`, `iso_code_3`, `format`, `status`, `flag`) VALUES ('109', 'Kazakhstan', 'KZ', 'KAZ', '', '1', 'data/flags/kz.png');
INSERT INTO `5vvgh_countries` (`country_id`, `country_name`, `iso_code_2`, `iso_code_3`, `format`, `status`, `flag`) VALUES ('110', 'Kenya', 'KE', 'KEN', '', '1', 'data/flags/ke.png');
INSERT INTO `5vvgh_countries` (`country_id`, `country_name`, `iso_code_2`, `iso_code_3`, `format`, `status`, `flag`) VALUES ('111', 'Kiribati', 'KI', 'KIR', '', '1', 'data/flags/ki.png');
INSERT INTO `5vvgh_countries` (`country_id`, `country_name`, `iso_code_2`, `iso_code_3`, `format`, `status`, `flag`) VALUES ('112', 'North Korea', 'KP', 'PRK', '', '1', 'data/flags/kp.png');
INSERT INTO `5vvgh_countries` (`country_id`, `country_name`, `iso_code_2`, `iso_code_3`, `format`, `status`, `flag`) VALUES ('113', 'Korea, Republic of', 'KR', 'KOR', '', '1', 'data/flags/kr.png');
INSERT INTO `5vvgh_countries` (`country_id`, `country_name`, `iso_code_2`, `iso_code_3`, `format`, `status`, `flag`) VALUES ('114', 'Kuwait', 'KW', 'KWT', '', '1', 'data/flags/kw.png');
INSERT INTO `5vvgh_countries` (`country_id`, `country_name`, `iso_code_2`, `iso_code_3`, `format`, `status`, `flag`) VALUES ('115', 'Kyrgyzstan', 'KG', 'KGZ', '', '1', 'data/flags/kg.png');
INSERT INTO `5vvgh_countries` (`country_id`, `country_name`, `iso_code_2`, `iso_code_3`, `format`, `status`, `flag`) VALUES ('116', 'Lao People\'s Democratic Republic', 'LA', 'LAO', '', '1', 'data/flags/la.png');
INSERT INTO `5vvgh_countries` (`country_id`, `country_name`, `iso_code_2`, `iso_code_3`, `format`, `status`, `flag`) VALUES ('117', 'Latvia', 'LV', 'LVA', '', '1', 'data/flags/lv.png');
INSERT INTO `5vvgh_countries` (`country_id`, `country_name`, `iso_code_2`, `iso_code_3`, `format`, `status`, `flag`) VALUES ('118', 'Lebanon', 'LB', 'LBN', '', '1', 'data/flags/lb.png');
INSERT INTO `5vvgh_countries` (`country_id`, `country_name`, `iso_code_2`, `iso_code_3`, `format`, `status`, `flag`) VALUES ('119', 'Lesotho', 'LS', 'LSO', '', '1', 'data/flags/ls.png');
INSERT INTO `5vvgh_countries` (`country_id`, `country_name`, `iso_code_2`, `iso_code_3`, `format`, `status`, `flag`) VALUES ('120', 'Liberia', 'LR', 'LBR', '', '1', 'data/flags/lr.png');
INSERT INTO `5vvgh_countries` (`country_id`, `country_name`, `iso_code_2`, `iso_code_3`, `format`, `status`, `flag`) VALUES ('121', 'Libyan Arab Jamahiriya', 'LY', 'LBY', '', '1', 'data/flags/ly.png');
INSERT INTO `5vvgh_countries` (`country_id`, `country_name`, `iso_code_2`, `iso_code_3`, `format`, `status`, `flag`) VALUES ('122', 'Liechtenstein', 'LI', 'LIE', '', '1', 'data/flags/li.png');
INSERT INTO `5vvgh_countries` (`country_id`, `country_name`, `iso_code_2`, `iso_code_3`, `format`, `status`, `flag`) VALUES ('123', 'Lithuania', 'LT', 'LTU', '', '1', 'data/flags/lt.png');
INSERT INTO `5vvgh_countries` (`country_id`, `country_name`, `iso_code_2`, `iso_code_3`, `format`, `status`, `flag`) VALUES ('124', 'Luxembourg', 'LU', 'LUX', '', '1', 'data/flags/lu.png');
INSERT INTO `5vvgh_countries` (`country_id`, `country_name`, `iso_code_2`, `iso_code_3`, `format`, `status`, `flag`) VALUES ('125', 'Macau', 'MO', 'MAC', '', '1', 'data/flags/mo.png');
INSERT INTO `5vvgh_countries` (`country_id`, `country_name`, `iso_code_2`, `iso_code_3`, `format`, `status`, `flag`) VALUES ('126', 'FYROM', 'MK', 'MKD', '', '1', 'data/flags/mk.png');
INSERT INTO `5vvgh_countries` (`country_id`, `country_name`, `iso_code_2`, `iso_code_3`, `format`, `status`, `flag`) VALUES ('127', 'Madagascar', 'MG', 'MDG', '', '1', 'data/flags/mg.png');
INSERT INTO `5vvgh_countries` (`country_id`, `country_name`, `iso_code_2`, `iso_code_3`, `format`, `status`, `flag`) VALUES ('128', 'Malawi', 'MW', 'MWI', '', '1', 'data/flags/mw.png');
INSERT INTO `5vvgh_countries` (`country_id`, `country_name`, `iso_code_2`, `iso_code_3`, `format`, `status`, `flag`) VALUES ('129', 'Malaysia', 'MY', 'MYS', '', '1', 'data/flags/my.png');
INSERT INTO `5vvgh_countries` (`country_id`, `country_name`, `iso_code_2`, `iso_code_3`, `format`, `status`, `flag`) VALUES ('130', 'Maldives', 'MV', 'MDV', '', '1', 'data/flags/mv.png');
INSERT INTO `5vvgh_countries` (`country_id`, `country_name`, `iso_code_2`, `iso_code_3`, `format`, `status`, `flag`) VALUES ('131', 'Mali', 'ML', 'MLI', '', '1', 'data/flags/ml.png');
INSERT INTO `5vvgh_countries` (`country_id`, `country_name`, `iso_code_2`, `iso_code_3`, `format`, `status`, `flag`) VALUES ('132', 'Malta', 'MT', 'MLT', '', '1', 'data/flags/mt.png');
INSERT INTO `5vvgh_countries` (`country_id`, `country_name`, `iso_code_2`, `iso_code_3`, `format`, `status`, `flag`) VALUES ('133', 'Marshall Islands', 'MH', 'MHL', '', '1', 'data/flags/mh.png');
INSERT INTO `5vvgh_countries` (`country_id`, `country_name`, `iso_code_2`, `iso_code_3`, `format`, `status`, `flag`) VALUES ('134', 'Martinique', 'MQ', 'MTQ', '', '1', 'data/flags/mq.png');
INSERT INTO `5vvgh_countries` (`country_id`, `country_name`, `iso_code_2`, `iso_code_3`, `format`, `status`, `flag`) VALUES ('135', 'Mauritania', 'MR', 'MRT', '', '1', 'data/flags/mr.png');
INSERT INTO `5vvgh_countries` (`country_id`, `country_name`, `iso_code_2`, `iso_code_3`, `format`, `status`, `flag`) VALUES ('136', 'Mauritius', 'MU', 'MUS', '', '1', 'data/flags/mu.png');
INSERT INTO `5vvgh_countries` (`country_id`, `country_name`, `iso_code_2`, `iso_code_3`, `format`, `status`, `flag`) VALUES ('137', 'Mayotte', 'YT', 'MYT', '', '1', 'data/flags/yt.png');
INSERT INTO `5vvgh_countries` (`country_id`, `country_name`, `iso_code_2`, `iso_code_3`, `format`, `status`, `flag`) VALUES ('138', 'Mexico', 'MX', 'MEX', '', '1', 'data/flags/mx.png');
INSERT INTO `5vvgh_countries` (`country_id`, `country_name`, `iso_code_2`, `iso_code_3`, `format`, `status`, `flag`) VALUES ('139', 'Micronesia, Federated States of', 'FM', 'FSM', '', '1', 'data/flags/fm.png');
INSERT INTO `5vvgh_countries` (`country_id`, `country_name`, `iso_code_2`, `iso_code_3`, `format`, `status`, `flag`) VALUES ('140', 'Moldova, Republic of', 'MD', 'MDA', '', '1', 'data/flags/md.png');
INSERT INTO `5vvgh_countries` (`country_id`, `country_name`, `iso_code_2`, `iso_code_3`, `format`, `status`, `flag`) VALUES ('141', 'Monaco', 'MC', 'MCO', '', '1', 'data/flags/mc.png');
INSERT INTO `5vvgh_countries` (`country_id`, `country_name`, `iso_code_2`, `iso_code_3`, `format`, `status`, `flag`) VALUES ('142', 'Mongolia', 'MN', 'MNG', '', '1', 'data/flags/mn.png');
INSERT INTO `5vvgh_countries` (`country_id`, `country_name`, `iso_code_2`, `iso_code_3`, `format`, `status`, `flag`) VALUES ('143', 'Montserrat', 'MS', 'MSR', '', '1', 'data/flags/ms.png');
INSERT INTO `5vvgh_countries` (`country_id`, `country_name`, `iso_code_2`, `iso_code_3`, `format`, `status`, `flag`) VALUES ('144', 'Morocco', 'MA', 'MAR', '', '1', 'data/flags/ma.png');
INSERT INTO `5vvgh_countries` (`country_id`, `country_name`, `iso_code_2`, `iso_code_3`, `format`, `status`, `flag`) VALUES ('145', 'Mozambique', 'MZ', 'MOZ', '', '1', 'data/flags/mz.png');
INSERT INTO `5vvgh_countries` (`country_id`, `country_name`, `iso_code_2`, `iso_code_3`, `format`, `status`, `flag`) VALUES ('146', 'Myanmar', 'MM', 'MMR', '', '1', 'data/flags/mm.png');
INSERT INTO `5vvgh_countries` (`country_id`, `country_name`, `iso_code_2`, `iso_code_3`, `format`, `status`, `flag`) VALUES ('147', 'Namibia', 'NA', 'NAM', '', '1', 'data/flags/na.png');
INSERT INTO `5vvgh_countries` (`country_id`, `country_name`, `iso_code_2`, `iso_code_3`, `format`, `status`, `flag`) VALUES ('148', 'Nauru', 'NR', 'NRU', '', '1', 'data/flags/nr.png');
INSERT INTO `5vvgh_countries` (`country_id`, `country_name`, `iso_code_2`, `iso_code_3`, `format`, `status`, `flag`) VALUES ('149', 'Nepal', 'NP', 'NPL', '', '1', 'data/flags/np.png');
INSERT INTO `5vvgh_countries` (`country_id`, `country_name`, `iso_code_2`, `iso_code_3`, `format`, `status`, `flag`) VALUES ('150', 'Netherlands', 'NL', 'NLD', '', '1', 'data/flags/nl.png');
INSERT INTO `5vvgh_countries` (`country_id`, `country_name`, `iso_code_2`, `iso_code_3`, `format`, `status`, `flag`) VALUES ('151', 'Netherlands Antilles', 'AN', 'ANT', '', '1', 'data/flags/an.png');
INSERT INTO `5vvgh_countries` (`country_id`, `country_name`, `iso_code_2`, `iso_code_3`, `format`, `status`, `flag`) VALUES ('152', 'New Caledonia', 'NC', 'NCL', '', '1', 'data/flags/nc.png');
INSERT INTO `5vvgh_countries` (`country_id`, `country_name`, `iso_code_2`, `iso_code_3`, `format`, `status`, `flag`) VALUES ('153', 'New Zealand', 'NZ', 'NZL', '', '1', 'data/flags/nz.png');
INSERT INTO `5vvgh_countries` (`country_id`, `country_name`, `iso_code_2`, `iso_code_3`, `format`, `status`, `flag`) VALUES ('154', 'Nicaragua', 'NI', 'NIC', '', '1', 'data/flags/ni.png');
INSERT INTO `5vvgh_countries` (`country_id`, `country_name`, `iso_code_2`, `iso_code_3`, `format`, `status`, `flag`) VALUES ('155', 'Niger', 'NE', 'NER', '', '1', 'data/flags/ne.png');
INSERT INTO `5vvgh_countries` (`country_id`, `country_name`, `iso_code_2`, `iso_code_3`, `format`, `status`, `flag`) VALUES ('156', 'Nigeria', 'NG', 'NGA', '', '1', 'data/flags/ng.png');
INSERT INTO `5vvgh_countries` (`country_id`, `country_name`, `iso_code_2`, `iso_code_3`, `format`, `status`, `flag`) VALUES ('157', 'Niue', 'NU', 'NIU', '', '1', 'data/flags/nu.png');
INSERT INTO `5vvgh_countries` (`country_id`, `country_name`, `iso_code_2`, `iso_code_3`, `format`, `status`, `flag`) VALUES ('158', 'Norfolk Island', 'NF', 'NFK', '', '1', 'data/flags/nf.png');
INSERT INTO `5vvgh_countries` (`country_id`, `country_name`, `iso_code_2`, `iso_code_3`, `format`, `status`, `flag`) VALUES ('159', 'Northern Mariana Islands', 'MP', 'MNP', '', '1', 'data/flags/mp.png');
INSERT INTO `5vvgh_countries` (`country_id`, `country_name`, `iso_code_2`, `iso_code_3`, `format`, `status`, `flag`) VALUES ('160', 'Norway', 'NO', 'NOR', '', '1', 'data/flags/no.png');
INSERT INTO `5vvgh_countries` (`country_id`, `country_name`, `iso_code_2`, `iso_code_3`, `format`, `status`, `flag`) VALUES ('161', 'Oman', 'OM', 'OMN', '', '1', 'data/flags/om.png');
INSERT INTO `5vvgh_countries` (`country_id`, `country_name`, `iso_code_2`, `iso_code_3`, `format`, `status`, `flag`) VALUES ('162', 'Pakistan', 'PK', 'PAK', '', '1', 'data/flags/pk.png');
INSERT INTO `5vvgh_countries` (`country_id`, `country_name`, `iso_code_2`, `iso_code_3`, `format`, `status`, `flag`) VALUES ('163', 'Palau', 'PW', 'PLW', '', '1', 'data/flags/pw.png');
INSERT INTO `5vvgh_countries` (`country_id`, `country_name`, `iso_code_2`, `iso_code_3`, `format`, `status`, `flag`) VALUES ('164', 'Panama', 'PA', 'PAN', '', '1', 'data/flags/pa.png');
INSERT INTO `5vvgh_countries` (`country_id`, `country_name`, `iso_code_2`, `iso_code_3`, `format`, `status`, `flag`) VALUES ('165', 'Papua New Guinea', 'PG', 'PNG', '', '1', 'data/flags/pg.png');
INSERT INTO `5vvgh_countries` (`country_id`, `country_name`, `iso_code_2`, `iso_code_3`, `format`, `status`, `flag`) VALUES ('166', 'Paraguay', 'PY', 'PRY', '', '1', 'data/flags/py.png');
INSERT INTO `5vvgh_countries` (`country_id`, `country_name`, `iso_code_2`, `iso_code_3`, `format`, `status`, `flag`) VALUES ('167', 'Peru', 'PE', 'PER', '', '1', 'data/flags/pe.png');
INSERT INTO `5vvgh_countries` (`country_id`, `country_name`, `iso_code_2`, `iso_code_3`, `format`, `status`, `flag`) VALUES ('168', 'Philippines', 'PH', 'PHL', '', '1', 'data/flags/ph.png');
INSERT INTO `5vvgh_countries` (`country_id`, `country_name`, `iso_code_2`, `iso_code_3`, `format`, `status`, `flag`) VALUES ('169', 'Pitcairn', 'PN', 'PCN', '', '1', 'data/flags/pn.png');
INSERT INTO `5vvgh_countries` (`country_id`, `country_name`, `iso_code_2`, `iso_code_3`, `format`, `status`, `flag`) VALUES ('170', 'Poland', 'PL', 'POL', '', '1', 'data/flags/pl.png');
INSERT INTO `5vvgh_countries` (`country_id`, `country_name`, `iso_code_2`, `iso_code_3`, `format`, `status`, `flag`) VALUES ('171', 'Portugal', 'PT', 'PRT', '', '1', 'data/flags/pt.png');
INSERT INTO `5vvgh_countries` (`country_id`, `country_name`, `iso_code_2`, `iso_code_3`, `format`, `status`, `flag`) VALUES ('172', 'Puerto Rico', 'PR', 'PRI', '', '1', 'data/flags/pr.png');
INSERT INTO `5vvgh_countries` (`country_id`, `country_name`, `iso_code_2`, `iso_code_3`, `format`, `status`, `flag`) VALUES ('173', 'Qatar', 'QA', 'QAT', '', '1', 'data/flags/qa.png');
INSERT INTO `5vvgh_countries` (`country_id`, `country_name`, `iso_code_2`, `iso_code_3`, `format`, `status`, `flag`) VALUES ('174', 'Reunion', 'RE', 'REU', '', '1', 'data/flags/re.png');
INSERT INTO `5vvgh_countries` (`country_id`, `country_name`, `iso_code_2`, `iso_code_3`, `format`, `status`, `flag`) VALUES ('175', 'Romania', 'RO', 'ROM', '', '1', 'data/flags/ro.png');
INSERT INTO `5vvgh_countries` (`country_id`, `country_name`, `iso_code_2`, `iso_code_3`, `format`, `status`, `flag`) VALUES ('176', 'Russian Federation', 'RU', 'RUS', '', '1', 'data/flags/ru.png');
INSERT INTO `5vvgh_countries` (`country_id`, `country_name`, `iso_code_2`, `iso_code_3`, `format`, `status`, `flag`) VALUES ('177', 'Rwanda', 'RW', 'RWA', '', '1', 'data/flags/rw.png');
INSERT INTO `5vvgh_countries` (`country_id`, `country_name`, `iso_code_2`, `iso_code_3`, `format`, `status`, `flag`) VALUES ('178', 'Saint Kitts and Nevis', 'KN', 'KNA', '', '1', 'data/flags/kn.png');
INSERT INTO `5vvgh_countries` (`country_id`, `country_name`, `iso_code_2`, `iso_code_3`, `format`, `status`, `flag`) VALUES ('179', 'Saint Lucia', 'LC', 'LCA', '', '1', 'data/flags/lc.png');
INSERT INTO `5vvgh_countries` (`country_id`, `country_name`, `iso_code_2`, `iso_code_3`, `format`, `status`, `flag`) VALUES ('180', 'Saint Vincent and the Grenadines', 'VC', 'VCT', '', '1', 'data/flags/vc.png');
INSERT INTO `5vvgh_countries` (`country_id`, `country_name`, `iso_code_2`, `iso_code_3`, `format`, `status`, `flag`) VALUES ('181', 'Samoa', 'WS', 'WSM', '', '1', 'data/flags/ws.png');
INSERT INTO `5vvgh_countries` (`country_id`, `country_name`, `iso_code_2`, `iso_code_3`, `format`, `status`, `flag`) VALUES ('182', 'San Marino', 'SM', 'SMR', '', '1', 'data/flags/sm.png');
INSERT INTO `5vvgh_countries` (`country_id`, `country_name`, `iso_code_2`, `iso_code_3`, `format`, `status`, `flag`) VALUES ('183', 'Sao Tome and Principe', 'ST', 'STP', '', '1', 'data/flags/st.png');
INSERT INTO `5vvgh_countries` (`country_id`, `country_name`, `iso_code_2`, `iso_code_3`, `format`, `status`, `flag`) VALUES ('184', 'Saudi Arabia', 'SA', 'SAU', '', '1', 'data/flags/sa.png');
INSERT INTO `5vvgh_countries` (`country_id`, `country_name`, `iso_code_2`, `iso_code_3`, `format`, `status`, `flag`) VALUES ('185', 'Senegal', 'SN', 'SEN', '', '1', 'data/flags/sn.png');
INSERT INTO `5vvgh_countries` (`country_id`, `country_name`, `iso_code_2`, `iso_code_3`, `format`, `status`, `flag`) VALUES ('186', 'Seychelles', 'SC', 'SYC', '', '1', 'data/flags/sc.png');
INSERT INTO `5vvgh_countries` (`country_id`, `country_name`, `iso_code_2`, `iso_code_3`, `format`, `status`, `flag`) VALUES ('187', 'Sierra Leone', 'SL', 'SLE', '', '1', 'data/flags/sl.png');
INSERT INTO `5vvgh_countries` (`country_id`, `country_name`, `iso_code_2`, `iso_code_3`, `format`, `status`, `flag`) VALUES ('188', 'Singapore', 'SG', 'SGP', '', '1', 'data/flags/sg.png');
INSERT INTO `5vvgh_countries` (`country_id`, `country_name`, `iso_code_2`, `iso_code_3`, `format`, `status`, `flag`) VALUES ('189', 'Slovak Republic', 'SK', 'SVK', '', '1', 'data/flags/sk.png');
INSERT INTO `5vvgh_countries` (`country_id`, `country_name`, `iso_code_2`, `iso_code_3`, `format`, `status`, `flag`) VALUES ('190', 'Slovenia', 'SI', 'SVN', '', '1', 'data/flags/si.png');
INSERT INTO `5vvgh_countries` (`country_id`, `country_name`, `iso_code_2`, `iso_code_3`, `format`, `status`, `flag`) VALUES ('191', 'Solomon Islands', 'SB', 'SLB', '', '1', 'data/flags/sb.png');
INSERT INTO `5vvgh_countries` (`country_id`, `country_name`, `iso_code_2`, `iso_code_3`, `format`, `status`, `flag`) VALUES ('192', 'Somalia', 'SO', 'SOM', '', '1', 'data/flags/so.png');
INSERT INTO `5vvgh_countries` (`country_id`, `country_name`, `iso_code_2`, `iso_code_3`, `format`, `status`, `flag`) VALUES ('193', 'South Africa', 'ZA', 'ZAF', '', '1', 'data/flags/za.png');
INSERT INTO `5vvgh_countries` (`country_id`, `country_name`, `iso_code_2`, `iso_code_3`, `format`, `status`, `flag`) VALUES ('194', 'South Georgia &amp; South Sandwich Islands', 'GS', 'SGS', '', '1', 'data/flags/gs.png');
INSERT INTO `5vvgh_countries` (`country_id`, `country_name`, `iso_code_2`, `iso_code_3`, `format`, `status`, `flag`) VALUES ('195', 'Spain', 'ES', 'ESP', '', '1', 'data/flags/es.png');
INSERT INTO `5vvgh_countries` (`country_id`, `country_name`, `iso_code_2`, `iso_code_3`, `format`, `status`, `flag`) VALUES ('196', 'Sri Lanka', 'LK', 'LKA', '', '1', 'data/flags/lk.png');
INSERT INTO `5vvgh_countries` (`country_id`, `country_name`, `iso_code_2`, `iso_code_3`, `format`, `status`, `flag`) VALUES ('197', 'St. Helena', 'SH', 'SHN', '', '1', 'data/flags/sh.png');
INSERT INTO `5vvgh_countries` (`country_id`, `country_name`, `iso_code_2`, `iso_code_3`, `format`, `status`, `flag`) VALUES ('198', 'St. Pierre and Miquelon', 'PM', 'SPM', '', '1', 'data/flags/pm.png');
INSERT INTO `5vvgh_countries` (`country_id`, `country_name`, `iso_code_2`, `iso_code_3`, `format`, `status`, `flag`) VALUES ('199', 'Sudan', 'SD', 'SDN', '', '1', 'data/flags/sd.png');
INSERT INTO `5vvgh_countries` (`country_id`, `country_name`, `iso_code_2`, `iso_code_3`, `format`, `status`, `flag`) VALUES ('200', 'Suriname', 'SR', 'SUR', '', '1', 'data/flags/sr.png');
INSERT INTO `5vvgh_countries` (`country_id`, `country_name`, `iso_code_2`, `iso_code_3`, `format`, `status`, `flag`) VALUES ('201', 'Svalbard and Jan Mayen Islands', 'SJ', 'SJM', '', '1', 'data/flags/sj.png');
INSERT INTO `5vvgh_countries` (`country_id`, `country_name`, `iso_code_2`, `iso_code_3`, `format`, `status`, `flag`) VALUES ('202', 'Swaziland', 'SZ', 'SWZ', '', '1', 'data/flags/sz.png');
INSERT INTO `5vvgh_countries` (`country_id`, `country_name`, `iso_code_2`, `iso_code_3`, `format`, `status`, `flag`) VALUES ('203', 'Sweden', 'SE', 'SWE', '', '1', 'data/flags/se.png');
INSERT INTO `5vvgh_countries` (`country_id`, `country_name`, `iso_code_2`, `iso_code_3`, `format`, `status`, `flag`) VALUES ('204', 'Switzerland', 'CH', 'CHE', '', '1', 'data/flags/ch.png');
INSERT INTO `5vvgh_countries` (`country_id`, `country_name`, `iso_code_2`, `iso_code_3`, `format`, `status`, `flag`) VALUES ('205', 'Syrian Arab Republic', 'SY', 'SYR', '', '1', 'data/flags/sy.png');
INSERT INTO `5vvgh_countries` (`country_id`, `country_name`, `iso_code_2`, `iso_code_3`, `format`, `status`, `flag`) VALUES ('206', 'Taiwan', 'TW', 'TWN', '', '1', 'data/flags/tw.png');
INSERT INTO `5vvgh_countries` (`country_id`, `country_name`, `iso_code_2`, `iso_code_3`, `format`, `status`, `flag`) VALUES ('207', 'Tajikistan', 'TJ', 'TJK', '', '1', 'data/flags/tj.png');
INSERT INTO `5vvgh_countries` (`country_id`, `country_name`, `iso_code_2`, `iso_code_3`, `format`, `status`, `flag`) VALUES ('208', 'Tanzania, United Republic of', 'TZ', 'TZA', '', '1', 'data/flags/tz.png');
INSERT INTO `5vvgh_countries` (`country_id`, `country_name`, `iso_code_2`, `iso_code_3`, `format`, `status`, `flag`) VALUES ('209', 'Thailand', 'TH', 'THA', '', '1', 'data/flags/th.png');
INSERT INTO `5vvgh_countries` (`country_id`, `country_name`, `iso_code_2`, `iso_code_3`, `format`, `status`, `flag`) VALUES ('210', 'Togo', 'TG', 'TGO', '', '1', 'data/flags/tg.png');
INSERT INTO `5vvgh_countries` (`country_id`, `country_name`, `iso_code_2`, `iso_code_3`, `format`, `status`, `flag`) VALUES ('211', 'Tokelau', 'TK', 'TKL', '', '1', 'data/flags/tk.png');
INSERT INTO `5vvgh_countries` (`country_id`, `country_name`, `iso_code_2`, `iso_code_3`, `format`, `status`, `flag`) VALUES ('212', 'Tonga', 'TO', 'TON', '', '1', 'data/flags/to.png');
INSERT INTO `5vvgh_countries` (`country_id`, `country_name`, `iso_code_2`, `iso_code_3`, `format`, `status`, `flag`) VALUES ('213', 'Trinidad and Tobago', 'TT', 'TTO', '', '1', 'data/flags/tt.png');
INSERT INTO `5vvgh_countries` (`country_id`, `country_name`, `iso_code_2`, `iso_code_3`, `format`, `status`, `flag`) VALUES ('214', 'Tunisia', 'TN', 'TUN', '', '1', 'data/flags/tn.png');
INSERT INTO `5vvgh_countries` (`country_id`, `country_name`, `iso_code_2`, `iso_code_3`, `format`, `status`, `flag`) VALUES ('215', 'Turkey', 'TR', 'TUR', '', '1', 'data/flags/tr.png');
INSERT INTO `5vvgh_countries` (`country_id`, `country_name`, `iso_code_2`, `iso_code_3`, `format`, `status`, `flag`) VALUES ('216', 'Turkmenistan', 'TM', 'TKM', '', '1', 'data/flags/tm.png');
INSERT INTO `5vvgh_countries` (`country_id`, `country_name`, `iso_code_2`, `iso_code_3`, `format`, `status`, `flag`) VALUES ('217', 'Turks and Caicos Islands', 'TC', 'TCA', '', '1', 'data/flags/tc.png');
INSERT INTO `5vvgh_countries` (`country_id`, `country_name`, `iso_code_2`, `iso_code_3`, `format`, `status`, `flag`) VALUES ('218', 'Tuvalu', 'TV', 'TUV', '', '1', 'data/flags/tv.png');
INSERT INTO `5vvgh_countries` (`country_id`, `country_name`, `iso_code_2`, `iso_code_3`, `format`, `status`, `flag`) VALUES ('219', 'Uganda', 'UG', 'UGA', '', '1', 'data/flags/ug.png');
INSERT INTO `5vvgh_countries` (`country_id`, `country_name`, `iso_code_2`, `iso_code_3`, `format`, `status`, `flag`) VALUES ('220', 'Ukraine', 'UA', 'UKR', '', '1', 'data/flags/ua.png');
INSERT INTO `5vvgh_countries` (`country_id`, `country_name`, `iso_code_2`, `iso_code_3`, `format`, `status`, `flag`) VALUES ('221', 'United Arab Emirates', 'AE', 'ARE', '', '1', 'data/flags/ae.png');
INSERT INTO `5vvgh_countries` (`country_id`, `country_name`, `iso_code_2`, `iso_code_3`, `format`, `status`, `flag`) VALUES ('222', 'United Kingdom', 'GB', 'GBR', '{address_1}\n{address_2}\n{city} {postcode} {state}\n{country}', '1', 'data/flags/gb.png');
INSERT INTO `5vvgh_countries` (`country_id`, `country_name`, `iso_code_2`, `iso_code_3`, `format`, `status`, `flag`) VALUES ('223', 'United States', 'US', 'USA', '', '1', 'data/flags/us.png');
INSERT INTO `5vvgh_countries` (`country_id`, `country_name`, `iso_code_2`, `iso_code_3`, `format`, `status`, `flag`) VALUES ('224', 'United States Minor Outlying Islands', 'UM', 'UMI', '', '1', 'data/flags/um.png');
INSERT INTO `5vvgh_countries` (`country_id`, `country_name`, `iso_code_2`, `iso_code_3`, `format`, `status`, `flag`) VALUES ('225', 'Uruguay', 'UY', 'URY', '', '1', 'data/flags/uy.png');
INSERT INTO `5vvgh_countries` (`country_id`, `country_name`, `iso_code_2`, `iso_code_3`, `format`, `status`, `flag`) VALUES ('226', 'Uzbekistan', 'UZ', 'UZB', '', '1', 'data/flags/uz.png');
INSERT INTO `5vvgh_countries` (`country_id`, `country_name`, `iso_code_2`, `iso_code_3`, `format`, `status`, `flag`) VALUES ('227', 'Vanuatu', 'VU', 'VUT', '', '1', 'data/flags/vu.png');
INSERT INTO `5vvgh_countries` (`country_id`, `country_name`, `iso_code_2`, `iso_code_3`, `format`, `status`, `flag`) VALUES ('228', 'Vatican City State (Holy See)', 'VA', 'VAT', '', '1', 'data/flags/va.png');
INSERT INTO `5vvgh_countries` (`country_id`, `country_name`, `iso_code_2`, `iso_code_3`, `format`, `status`, `flag`) VALUES ('229', 'Venezuela', 'VE', 'VEN', '', '1', 'data/flags/ve.png');
INSERT INTO `5vvgh_countries` (`country_id`, `country_name`, `iso_code_2`, `iso_code_3`, `format`, `status`, `flag`) VALUES ('230', 'Viet Nam', 'VN', 'VNM', '', '1', 'data/flags/vn.png');
INSERT INTO `5vvgh_countries` (`country_id`, `country_name`, `iso_code_2`, `iso_code_3`, `format`, `status`, `flag`) VALUES ('231', 'Virgin Islands (British)', 'VG', 'VGB', '', '1', 'data/flags/vg.png');
INSERT INTO `5vvgh_countries` (`country_id`, `country_name`, `iso_code_2`, `iso_code_3`, `format`, `status`, `flag`) VALUES ('232', 'Virgin Islands (U.S.)', 'VI', 'VIR', '', '1', 'data/flags/vi.png');
INSERT INTO `5vvgh_countries` (`country_id`, `country_name`, `iso_code_2`, `iso_code_3`, `format`, `status`, `flag`) VALUES ('233', 'Wallis and Futuna Islands', 'WF', 'WLF', '', '1', 'data/flags/wf.png');
INSERT INTO `5vvgh_countries` (`country_id`, `country_name`, `iso_code_2`, `iso_code_3`, `format`, `status`, `flag`) VALUES ('234', 'Western Sahara', 'EH', 'ESH', '', '1', 'data/flags/eh.png');
INSERT INTO `5vvgh_countries` (`country_id`, `country_name`, `iso_code_2`, `iso_code_3`, `format`, `status`, `flag`) VALUES ('235', 'Yemen', 'YE', 'YEM', '', '1', 'data/flags/ye.png');
INSERT INTO `5vvgh_countries` (`country_id`, `country_name`, `iso_code_2`, `iso_code_3`, `format`, `status`, `flag`) VALUES ('236', 'Yugoslavia', 'YU', 'YUG', '', '1', 'data/flags/yu.png');
INSERT INTO `5vvgh_countries` (`country_id`, `country_name`, `iso_code_2`, `iso_code_3`, `format`, `status`, `flag`) VALUES ('237', 'Democratic Republic of Congo', 'CD', 'COD', '', '1', 'data/flags/cd.png');
INSERT INTO `5vvgh_countries` (`country_id`, `country_name`, `iso_code_2`, `iso_code_3`, `format`, `status`, `flag`) VALUES ('238', 'Zambia', 'ZM', 'ZMB', '', '1', 'data/flags/zm.png');
INSERT INTO `5vvgh_countries` (`country_id`, `country_name`, `iso_code_2`, `iso_code_3`, `format`, `status`, `flag`) VALUES ('239', 'Zimbabwe', 'ZW', 'ZWE', '', '1', 'data/flags/zw.png');


#
# TABLE STRUCTURE FOR: 5vvgh_coupons
#

DROP TABLE IF EXISTS `5vvgh_coupons`;

CREATE TABLE `5vvgh_coupons` (
  `coupon_id` int(11) NOT NULL AUTO_INCREMENT,
  `name` varchar(128) NOT NULL,
  `code` varchar(15) NOT NULL,
  `type` char(1) NOT NULL,
  `discount` decimal(15,4) DEFAULT NULL,
  `min_total` decimal(15,4) DEFAULT NULL,
  `redemptions` int(11) NOT NULL DEFAULT '0',
  `customer_redemptions` int(11) NOT NULL DEFAULT '0',
  `description` text NOT NULL,
  `status` tinyint(1) NOT NULL,
  `date_added` date NOT NULL,
  `validity` char(15) NOT NULL,
  `fixed_date` date DEFAULT NULL,
  `fixed_from_time` time DEFAULT NULL,
  `fixed_to_time` time DEFAULT NULL,
  `period_start_date` date DEFAULT NULL,
  `period_end_date` date DEFAULT NULL,
  `recurring_every` varchar(35) NOT NULL,
  `recurring_from_time` time DEFAULT NULL,
  `recurring_to_time` time DEFAULT NULL,
  `order_restriction` tinyint(4) NOT NULL,
  PRIMARY KEY (`coupon_id`),
  UNIQUE KEY `code` (`code`)
) ENGINE=InnoDB AUTO_INCREMENT=21 DEFAULT CHARSET=utf8;

INSERT INTO `5vvgh_coupons` (`coupon_id`, `name`, `code`, `type`, `discount`, `min_total`, `redemptions`, `customer_redemptions`, `description`, `status`, `date_added`, `validity`, `fixed_date`, `fixed_from_time`, `fixed_to_time`, `period_start_date`, `period_end_date`, `recurring_every`, `recurring_from_time`, `recurring_to_time`, `order_restriction`) VALUES ('11', 'Half Sundays', '2222', 'F', '100.0000', '500.0000', '0', '0', '', '1', '0000-00-00', 'forever', NULL, NULL, NULL, NULL, NULL, '', NULL, NULL, '0');
INSERT INTO `5vvgh_coupons` (`coupon_id`, `name`, `code`, `type`, `discount`, `min_total`, `redemptions`, `customer_redemptions`, `description`, `status`, `date_added`, `validity`, `fixed_date`, `fixed_from_time`, `fixed_to_time`, `period_start_date`, `period_end_date`, `recurring_every`, `recurring_from_time`, `recurring_to_time`, `order_restriction`) VALUES ('12', 'Half Tuesdays', '3333', 'P', '30.0000', '1000.0000', '0', '0', '', '1', '0000-00-00', 'forever', NULL, NULL, NULL, NULL, NULL, '', NULL, NULL, '0');
INSERT INTO `5vvgh_coupons` (`coupon_id`, `name`, `code`, `type`, `discount`, `min_total`, `redemptions`, `customer_redemptions`, `description`, `status`, `date_added`, `validity`, `fixed_date`, `fixed_from_time`, `fixed_to_time`, `period_start_date`, `period_end_date`, `recurring_every`, `recurring_from_time`, `recurring_to_time`, `order_restriction`) VALUES ('13', 'Full Mondays', 'MTo6TuTg', 'P', '50.0000', '0.0000', '0', '1', '', '1', '0000-00-00', 'forever', NULL, '00:00:00', '23:59:00', NULL, NULL, '', '00:00:00', '23:59:00', '0');
INSERT INTO `5vvgh_coupons` (`coupon_id`, `name`, `code`, `type`, `discount`, `min_total`, `redemptions`, `customer_redemptions`, `description`, `status`, `date_added`, `validity`, `fixed_date`, `fixed_from_time`, `fixed_to_time`, `period_start_date`, `period_end_date`, `recurring_every`, `recurring_from_time`, `recurring_to_time`, `order_restriction`) VALUES ('14', 'Full Tuesdays', '4444', 'F', '500.0000', '5000.0000', '0', '0', '', '1', '0000-00-00', 'recurring', '2016-11-20', '00:00:00', '23:59:00', '2016-11-20', '2016-11-20', '0, 2, 4, 5, 6', '00:00:00', '23:59:00', '0');
INSERT INTO `5vvgh_coupons` (`coupon_id`, `name`, `code`, `type`, `discount`, `min_total`, `redemptions`, `customer_redemptions`, `description`, `status`, `date_added`, `validity`, `fixed_date`, `fixed_from_time`, `fixed_to_time`, `period_start_date`, `period_end_date`, `recurring_every`, `recurring_from_time`, `recurring_to_time`, `order_restriction`) VALUES ('15', 'Full Wednesdays', '5555', 'F', '5000.0000', '5000.0000', '0', '0', '', '1', '0000-00-00', 'forever', NULL, NULL, NULL, NULL, NULL, '', NULL, NULL, '0');
INSERT INTO `5vvgh_coupons` (`coupon_id`, `name`, `code`, `type`, `discount`, `min_total`, `redemptions`, `customer_redemptions`, `description`, `status`, `date_added`, `validity`, `fixed_date`, `fixed_from_time`, `fixed_to_time`, `period_start_date`, `period_end_date`, `recurring_every`, `recurring_from_time`, `recurring_to_time`, `order_restriction`) VALUES ('20', 'Paid Site', 'kisq4rf', 'P', '50.0000', '0.0000', '0', '0', '', '1', '2016-11-20', 'forever', '2016-11-20', '00:00:00', '23:59:00', '2016-11-20', '2016-11-20', '', '00:00:00', '23:59:00', '0');


#
# TABLE STRUCTURE FOR: 5vvgh_coupons_history
#

DROP TABLE IF EXISTS `5vvgh_coupons_history`;

CREATE TABLE `5vvgh_coupons_history` (
  `coupon_history_id` int(11) NOT NULL AUTO_INCREMENT,
  `coupon_id` int(11) NOT NULL,
  `order_id` int(11) NOT NULL,
  `customer_id` int(11) NOT NULL,
  `code` varchar(15) NOT NULL,
  `min_total` decimal(15,4) DEFAULT NULL,
  `amount` decimal(15,4) DEFAULT NULL,
  `date_used` datetime NOT NULL,
  `status` tinyint(4) NOT NULL,
  PRIMARY KEY (`coupon_history_id`)
) ENGINE=InnoDB AUTO_INCREMENT=22 DEFAULT CHARSET=utf8;

INSERT INTO `5vvgh_coupons_history` (`coupon_history_id`, `coupon_id`, `order_id`, `customer_id`, `code`, `min_total`, `amount`, `date_used`, `status`) VALUES ('2', '12', '343', '1', '3333', NULL, NULL, '0000-00-00 00:00:00', '0');
INSERT INTO `5vvgh_coupons_history` (`coupon_history_id`, `coupon_id`, `order_id`, `customer_id`, `code`, `min_total`, `amount`, `date_used`, `status`) VALUES ('3', '12', '343', '1', '3333', NULL, NULL, '0000-00-00 00:00:00', '0');
INSERT INTO `5vvgh_coupons_history` (`coupon_history_id`, `coupon_id`, `order_id`, `customer_id`, `code`, `min_total`, `amount`, `date_used`, `status`) VALUES ('4', '12', '343', '1', '3333', NULL, NULL, '0000-00-00 00:00:00', '0');
INSERT INTO `5vvgh_coupons_history` (`coupon_history_id`, `coupon_id`, `order_id`, `customer_id`, `code`, `min_total`, `amount`, `date_used`, `status`) VALUES ('5', '12', '343', '1', '3333', NULL, NULL, '0000-00-00 00:00:00', '0');
INSERT INTO `5vvgh_coupons_history` (`coupon_history_id`, `coupon_id`, `order_id`, `customer_id`, `code`, `min_total`, `amount`, `date_used`, `status`) VALUES ('6', '12', '343', '1', '3333', NULL, NULL, '0000-00-00 00:00:00', '0');
INSERT INTO `5vvgh_coupons_history` (`coupon_history_id`, `coupon_id`, `order_id`, `customer_id`, `code`, `min_total`, `amount`, `date_used`, `status`) VALUES ('7', '12', '343', '1', '3333', NULL, NULL, '0000-00-00 00:00:00', '0');
INSERT INTO `5vvgh_coupons_history` (`coupon_history_id`, `coupon_id`, `order_id`, `customer_id`, `code`, `min_total`, `amount`, `date_used`, `status`) VALUES ('8', '12', '343', '1', '3333', NULL, NULL, '0000-00-00 00:00:00', '0');
INSERT INTO `5vvgh_coupons_history` (`coupon_history_id`, `coupon_id`, `order_id`, `customer_id`, `code`, `min_total`, `amount`, `date_used`, `status`) VALUES ('9', '12', '343', '1', '3333', NULL, NULL, '0000-00-00 00:00:00', '0');
INSERT INTO `5vvgh_coupons_history` (`coupon_history_id`, `coupon_id`, `order_id`, `customer_id`, `code`, `min_total`, `amount`, `date_used`, `status`) VALUES ('10', '14', '343', '1', '3333', NULL, NULL, '0000-00-00 00:00:00', '0');
INSERT INTO `5vvgh_coupons_history` (`coupon_history_id`, `coupon_id`, `order_id`, `customer_id`, `code`, `min_total`, `amount`, `date_used`, `status`) VALUES ('11', '14', '34', '1', '3333', NULL, NULL, '0000-00-00 00:00:00', '0');
INSERT INTO `5vvgh_coupons_history` (`coupon_history_id`, `coupon_id`, `order_id`, `customer_id`, `code`, `min_total`, `amount`, `date_used`, `status`) VALUES ('12', '14', '1343', '1', '3333', NULL, NULL, '0000-00-00 00:00:00', '0');
INSERT INTO `5vvgh_coupons_history` (`coupon_history_id`, `coupon_id`, `order_id`, `customer_id`, `code`, `min_total`, `amount`, `date_used`, `status`) VALUES ('13', '14', '343', '1', '3333', NULL, NULL, '0000-00-00 00:00:00', '0');
INSERT INTO `5vvgh_coupons_history` (`coupon_history_id`, `coupon_id`, `order_id`, `customer_id`, `code`, `min_total`, `amount`, `date_used`, `status`) VALUES ('14', '14', '343', '1', '3333', NULL, NULL, '0000-00-00 00:00:00', '0');
INSERT INTO `5vvgh_coupons_history` (`coupon_history_id`, `coupon_id`, `order_id`, `customer_id`, `code`, `min_total`, `amount`, `date_used`, `status`) VALUES ('15', '14', '343', '1', '3333', NULL, NULL, '0000-00-00 00:00:00', '0');
INSERT INTO `5vvgh_coupons_history` (`coupon_history_id`, `coupon_id`, `order_id`, `customer_id`, `code`, `min_total`, `amount`, `date_used`, `status`) VALUES ('16', '14', '343', '1', '3333', NULL, NULL, '0000-00-00 00:00:00', '0');
INSERT INTO `5vvgh_coupons_history` (`coupon_history_id`, `coupon_id`, `order_id`, `customer_id`, `code`, `min_total`, `amount`, `date_used`, `status`) VALUES ('17', '14', '343', '1', '3333', NULL, NULL, '0000-00-00 00:00:00', '0');
INSERT INTO `5vvgh_coupons_history` (`coupon_history_id`, `coupon_id`, `order_id`, `customer_id`, `code`, `min_total`, `amount`, `date_used`, `status`) VALUES ('18', '14', '343', '1', '3333', NULL, NULL, '0000-00-00 00:00:00', '0');
INSERT INTO `5vvgh_coupons_history` (`coupon_history_id`, `coupon_id`, `order_id`, `customer_id`, `code`, `min_total`, `amount`, `date_used`, `status`) VALUES ('19', '14', '343', '1', '3333', NULL, NULL, '0000-00-00 00:00:00', '0');
INSERT INTO `5vvgh_coupons_history` (`coupon_history_id`, `coupon_id`, `order_id`, `customer_id`, `code`, `min_total`, `amount`, `date_used`, `status`) VALUES ('20', '14', '343', '1', '3333', NULL, NULL, '0000-00-00 00:00:00', '0');
INSERT INTO `5vvgh_coupons_history` (`coupon_history_id`, `coupon_id`, `order_id`, `customer_id`, `code`, `min_total`, `amount`, `date_used`, `status`) VALUES ('21', '14', '343', '1', '3333', NULL, NULL, '0000-00-00 00:00:00', '0');


#
# TABLE STRUCTURE FOR: 5vvgh_currencies
#

DROP TABLE IF EXISTS `5vvgh_currencies`;

CREATE TABLE `5vvgh_currencies` (
  `currency_id` int(11) NOT NULL AUTO_INCREMENT,
  `country_id` int(11) NOT NULL,
  `currency_name` varchar(32) NOT NULL,
  `currency_code` varchar(3) NOT NULL,
  `currency_symbol` varchar(3) NOT NULL,
  `currency_rate` decimal(15,8) NOT NULL,
  `symbol_position` tinyint(4) NOT NULL,
  `thousand_sign` char(1) NOT NULL,
  `decimal_sign` char(1) NOT NULL,
  `decimal_position` char(1) NOT NULL,
  `iso_alpha2` varchar(2) NOT NULL,
  `iso_alpha3` varchar(3) NOT NULL,
  `iso_numeric` int(11) NOT NULL,
  `flag` varchar(6) NOT NULL,
  `currency_status` int(1) NOT NULL,
  `date_modified` datetime NOT NULL,
  PRIMARY KEY (`currency_id`)
) ENGINE=InnoDB AUTO_INCREMENT=240 DEFAULT CHARSET=utf8;

INSERT INTO `5vvgh_currencies` (`currency_id`, `country_id`, `currency_name`, `currency_code`, `currency_symbol`, `currency_rate`, `symbol_position`, `thousand_sign`, `decimal_sign`, `decimal_position`, `iso_alpha2`, `iso_alpha3`, `iso_numeric`, `flag`, `currency_status`, `date_modified`) VALUES ('1', '1', 'Afghani', 'AFN', '', '82.53000000', '0', ',', '.', '2', 'AF', 'AFG', '4', 'AF.png', '0', '2016-11-20 12:36:05');
INSERT INTO `5vvgh_currencies` (`currency_id`, `country_id`, `currency_name`, `currency_code`, `currency_symbol`, `currency_rate`, `symbol_position`, `thousand_sign`, `decimal_sign`, `decimal_position`, `iso_alpha2`, `iso_alpha3`, `iso_numeric`, `flag`, `currency_status`, `date_modified`) VALUES ('2', '2', 'Lek', 'ALL', 'Lek', '158.16000000', '0', ',', '.', '2', 'AL', 'ALB', '8', 'AL.png', '0', '2016-11-20 12:36:05');
INSERT INTO `5vvgh_currencies` (`currency_id`, `country_id`, `currency_name`, `currency_code`, `currency_symbol`, `currency_rate`, `symbol_position`, `thousand_sign`, `decimal_sign`, `decimal_position`, `iso_alpha2`, `iso_alpha3`, `iso_numeric`, `flag`, `currency_status`, `date_modified`) VALUES ('3', '3', 'Dinar', 'DZD', '.', '137.73000000', '0', ',', '.', '2', 'DZ', 'DZA', '12', 'DZ.png', '0', '2016-11-20 12:36:05');
INSERT INTO `5vvgh_currencies` (`currency_id`, `country_id`, `currency_name`, `currency_code`, `currency_symbol`, `currency_rate`, `symbol_position`, `thousand_sign`, `decimal_sign`, `decimal_position`, `iso_alpha2`, `iso_alpha3`, `iso_numeric`, `flag`, `currency_status`, `date_modified`) VALUES ('4', '4', 'Dollar', 'USD', '$', '1.23450000', '0', ',', '.', '2', 'AS', 'ASM', '16', 'AS.png', '0', '2016-11-20 12:36:06');
INSERT INTO `5vvgh_currencies` (`currency_id`, `country_id`, `currency_name`, `currency_code`, `currency_symbol`, `currency_rate`, `symbol_position`, `thousand_sign`, `decimal_sign`, `decimal_position`, `iso_alpha2`, `iso_alpha3`, `iso_numeric`, `flag`, `currency_status`, `date_modified`) VALUES ('5', '5', 'Euro', 'EUR', '', '1.16570000', '0', ',', '.', '2', 'AD', 'AND', '20', 'AD.png', '0', '2016-11-20 12:36:06');
INSERT INTO `5vvgh_currencies` (`currency_id`, `country_id`, `currency_name`, `currency_code`, `currency_symbol`, `currency_rate`, `symbol_position`, `thousand_sign`, `decimal_sign`, `decimal_position`, `iso_alpha2`, `iso_alpha3`, `iso_numeric`, `flag`, `currency_status`, `date_modified`) VALUES ('6', '6', 'Kwanza', 'AOA', 'Kz', '205.94000000', '0', ',', '.', '2', 'AO', 'AGO', '24', 'AO.png', '0', '2016-11-20 12:36:05');
INSERT INTO `5vvgh_currencies` (`currency_id`, `country_id`, `currency_name`, `currency_code`, `currency_symbol`, `currency_rate`, `symbol_position`, `thousand_sign`, `decimal_sign`, `decimal_position`, `iso_alpha2`, `iso_alpha3`, `iso_numeric`, `flag`, `currency_status`, `date_modified`) VALUES ('7', '7', 'Dollar', 'XCD', '$', '3.34910000', '0', ',', '.', '2', 'AI', 'AIA', '660', 'AI.png', '0', '2016-11-20 12:36:06');
INSERT INTO `5vvgh_currencies` (`currency_id`, `country_id`, `currency_name`, `currency_code`, `currency_symbol`, `currency_rate`, `symbol_position`, `thousand_sign`, `decimal_sign`, `decimal_position`, `iso_alpha2`, `iso_alpha3`, `iso_numeric`, `flag`, `currency_status`, `date_modified`) VALUES ('8', '8', 'Antarctican', 'AQD', 'A$', '0.00000000', '0', ',', '.', '2', 'AQ', 'ATA', '10', 'AQ.png', '0', '2016-11-20 12:36:05');
INSERT INTO `5vvgh_currencies` (`currency_id`, `country_id`, `currency_name`, `currency_code`, `currency_symbol`, `currency_rate`, `symbol_position`, `thousand_sign`, `decimal_sign`, `decimal_position`, `iso_alpha2`, `iso_alpha3`, `iso_numeric`, `flag`, `currency_status`, `date_modified`) VALUES ('9', '9', 'Dollar', 'XCD', '$', '3.34910000', '0', ',', '.', '2', 'AG', 'ATG', '28', 'AG.png', '0', '2016-11-20 12:36:06');
INSERT INTO `5vvgh_currencies` (`currency_id`, `country_id`, `currency_name`, `currency_code`, `currency_symbol`, `currency_rate`, `symbol_position`, `thousand_sign`, `decimal_sign`, `decimal_position`, `iso_alpha2`, `iso_alpha3`, `iso_numeric`, `flag`, `currency_status`, `date_modified`) VALUES ('10', '10', 'Peso', 'ARS', '$', '19.10250000', '0', ',', '.', '2', 'AR', 'ARG', '32', 'AR.png', '0', '2016-11-20 12:36:05');
INSERT INTO `5vvgh_currencies` (`currency_id`, `country_id`, `currency_name`, `currency_code`, `currency_symbol`, `currency_rate`, `symbol_position`, `thousand_sign`, `decimal_sign`, `decimal_position`, `iso_alpha2`, `iso_alpha3`, `iso_numeric`, `flag`, `currency_status`, `date_modified`) VALUES ('11', '11', 'Dram', 'AMD', '.', '592.71000000', '0', ',', '.', '2', 'AM', 'ARM', '51', 'AM.png', '0', '2016-11-20 12:36:05');
INSERT INTO `5vvgh_currencies` (`currency_id`, `country_id`, `currency_name`, `currency_code`, `currency_symbol`, `currency_rate`, `symbol_position`, `thousand_sign`, `decimal_sign`, `decimal_position`, `iso_alpha2`, `iso_alpha3`, `iso_numeric`, `flag`, `currency_status`, `date_modified`) VALUES ('12', '12', 'Guilder', 'AWG', '', '2.22120000', '0', ',', '.', '2', 'AW', 'ABW', '533', 'AW.png', '0', '2016-11-20 12:36:05');
INSERT INTO `5vvgh_currencies` (`currency_id`, `country_id`, `currency_name`, `currency_code`, `currency_symbol`, `currency_rate`, `symbol_position`, `thousand_sign`, `decimal_sign`, `decimal_position`, `iso_alpha2`, `iso_alpha3`, `iso_numeric`, `flag`, `currency_status`, `date_modified`) VALUES ('13', '13', 'Dollar', 'AUD', '$', '1.68120000', '0', ',', '.', '2', 'AU', 'AUS', '36', 'AU.png', '1', '2016-11-20 12:36:06');
INSERT INTO `5vvgh_currencies` (`currency_id`, `country_id`, `currency_name`, `currency_code`, `currency_symbol`, `currency_rate`, `symbol_position`, `thousand_sign`, `decimal_sign`, `decimal_position`, `iso_alpha2`, `iso_alpha3`, `iso_numeric`, `flag`, `currency_status`, `date_modified`) VALUES ('14', '14', 'Euro', 'EUR', '', '1.16570000', '0', ',', '.', '2', 'AT', 'AUT', '40', 'AT.png', '0', '2016-11-20 12:36:06');
INSERT INTO `5vvgh_currencies` (`currency_id`, `country_id`, `currency_name`, `currency_code`, `currency_symbol`, `currency_rate`, `symbol_position`, `thousand_sign`, `decimal_sign`, `decimal_position`, `iso_alpha2`, `iso_alpha3`, `iso_numeric`, `flag`, `currency_status`, `date_modified`) VALUES ('15', '15', 'Manat', 'AZN', '', '2.12660000', '0', ',', '.', '2', 'AZ', 'AZE', '31', 'AZ.png', '0', '2016-11-20 12:36:05');
INSERT INTO `5vvgh_currencies` (`currency_id`, `country_id`, `currency_name`, `currency_code`, `currency_symbol`, `currency_rate`, `symbol_position`, `thousand_sign`, `decimal_sign`, `decimal_position`, `iso_alpha2`, `iso_alpha3`, `iso_numeric`, `flag`, `currency_status`, `date_modified`) VALUES ('16', '16', 'Dollar', 'BSD', '$', '1.23650000', '0', ',', '.', '2', 'BS', 'BHS', '44', 'BS.png', '0', '2016-11-20 12:36:05');
INSERT INTO `5vvgh_currencies` (`currency_id`, `country_id`, `currency_name`, `currency_code`, `currency_symbol`, `currency_rate`, `symbol_position`, `thousand_sign`, `decimal_sign`, `decimal_position`, `iso_alpha2`, `iso_alpha3`, `iso_numeric`, `flag`, `currency_status`, `date_modified`) VALUES ('17', '17', 'Dinar', 'BHD', '..', '0.46440000', '0', ',', '.', '2', 'BH', 'BHR', '48', 'BH.png', '0', '2016-11-20 12:36:05');
INSERT INTO `5vvgh_currencies` (`currency_id`, `country_id`, `currency_name`, `currency_code`, `currency_symbol`, `currency_rate`, `symbol_position`, `thousand_sign`, `decimal_sign`, `decimal_position`, `iso_alpha2`, `iso_alpha3`, `iso_numeric`, `flag`, `currency_status`, `date_modified`) VALUES ('18', '18', 'Taka', 'BDT', '', '97.37000000', '0', ',', '.', '2', 'BD', 'BGD', '50', 'BD.png', '0', '2016-11-20 12:36:05');
INSERT INTO `5vvgh_currencies` (`currency_id`, `country_id`, `currency_name`, `currency_code`, `currency_symbol`, `currency_rate`, `symbol_position`, `thousand_sign`, `decimal_sign`, `decimal_position`, `iso_alpha2`, `iso_alpha3`, `iso_numeric`, `flag`, `currency_status`, `date_modified`) VALUES ('19', '19', 'Dollar', 'BBD', '$', '2.48050000', '0', ',', '.', '2', 'BB', 'BRB', '52', 'BB.png', '0', '2016-11-20 12:36:05');
INSERT INTO `5vvgh_currencies` (`currency_id`, `country_id`, `currency_name`, `currency_code`, `currency_symbol`, `currency_rate`, `symbol_position`, `thousand_sign`, `decimal_sign`, `decimal_position`, `iso_alpha2`, `iso_alpha3`, `iso_numeric`, `flag`, `currency_status`, `date_modified`) VALUES ('20', '20', 'Ruble', 'BYR', 'p.', '26887.09960000', '0', ',', '.', '2', 'BY', 'BLR', '112', 'BY.png', '0', '2016-11-20 12:36:05');
INSERT INTO `5vvgh_currencies` (`currency_id`, `country_id`, `currency_name`, `currency_code`, `currency_symbol`, `currency_rate`, `symbol_position`, `thousand_sign`, `decimal_sign`, `decimal_position`, `iso_alpha2`, `iso_alpha3`, `iso_numeric`, `flag`, `currency_status`, `date_modified`) VALUES ('21', '21', 'Euro', 'EUR', '', '1.16570000', '0', ',', '.', '2', 'BE', 'BEL', '56', 'BE.png', '0', '2016-11-20 12:36:06');
INSERT INTO `5vvgh_currencies` (`currency_id`, `country_id`, `currency_name`, `currency_code`, `currency_symbol`, `currency_rate`, `symbol_position`, `thousand_sign`, `decimal_sign`, `decimal_position`, `iso_alpha2`, `iso_alpha3`, `iso_numeric`, `flag`, `currency_status`, `date_modified`) VALUES ('22', '22', 'Dollar', 'BZD', 'BZ$', '2.46500000', '0', ',', '.', '2', 'BZ', 'BLZ', '84', 'BZ.png', '0', '2016-11-20 12:36:05');
INSERT INTO `5vvgh_currencies` (`currency_id`, `country_id`, `currency_name`, `currency_code`, `currency_symbol`, `currency_rate`, `symbol_position`, `thousand_sign`, `decimal_sign`, `decimal_position`, `iso_alpha2`, `iso_alpha3`, `iso_numeric`, `flag`, `currency_status`, `date_modified`) VALUES ('23', '23', 'Franc', 'XOF', '', '766.88000000', '0', ',', '.', '2', 'BJ', 'BEN', '204', 'BJ.png', '0', '2016-11-20 12:36:06');
INSERT INTO `5vvgh_currencies` (`currency_id`, `country_id`, `currency_name`, `currency_code`, `currency_symbol`, `currency_rate`, `symbol_position`, `thousand_sign`, `decimal_sign`, `decimal_position`, `iso_alpha2`, `iso_alpha3`, `iso_numeric`, `flag`, `currency_status`, `date_modified`) VALUES ('24', '24', 'Dollar', 'BMD', '$', '1.23340000', '0', ',', '.', '2', 'BM', 'BMU', '60', 'BM.png', '0', '2016-11-20 12:36:05');
INSERT INTO `5vvgh_currencies` (`currency_id`, `country_id`, `currency_name`, `currency_code`, `currency_symbol`, `currency_rate`, `symbol_position`, `thousand_sign`, `decimal_sign`, `decimal_position`, `iso_alpha2`, `iso_alpha3`, `iso_numeric`, `flag`, `currency_status`, `date_modified`) VALUES ('25', '25', 'Ngultrum', 'BTN', 'Nu.', '84.08000000', '0', ',', '.', '2', 'BT', 'BTN', '64', 'BT.png', '0', '2016-11-20 12:36:05');
INSERT INTO `5vvgh_currencies` (`currency_id`, `country_id`, `currency_name`, `currency_code`, `currency_symbol`, `currency_rate`, `symbol_position`, `thousand_sign`, `decimal_sign`, `decimal_position`, `iso_alpha2`, `iso_alpha3`, `iso_numeric`, `flag`, `currency_status`, `date_modified`) VALUES ('26', '26', 'Boliviano', 'BOB', '$b', '8.56130000', '0', ',', '.', '2', 'BO', 'BOL', '68', 'BO.png', '0', '2016-11-20 12:36:05');
INSERT INTO `5vvgh_currencies` (`currency_id`, `country_id`, `currency_name`, `currency_code`, `currency_symbol`, `currency_rate`, `symbol_position`, `thousand_sign`, `decimal_sign`, `decimal_position`, `iso_alpha2`, `iso_alpha3`, `iso_numeric`, `flag`, `currency_status`, `date_modified`) VALUES ('27', '27', 'Marka', 'BAM', 'KM', '2.28450000', '0', ',', '.', '2', 'BA', 'BIH', '70', 'BA.png', '0', '2016-11-20 12:36:05');
INSERT INTO `5vvgh_currencies` (`currency_id`, `country_id`, `currency_name`, `currency_code`, `currency_symbol`, `currency_rate`, `symbol_position`, `thousand_sign`, `decimal_sign`, `decimal_position`, `iso_alpha2`, `iso_alpha3`, `iso_numeric`, `flag`, `currency_status`, `date_modified`) VALUES ('28', '28', 'Pula', 'BWP', 'P', '13.59300000', '0', ',', '.', '2', 'BW', 'BWA', '72', 'BW.png', '0', '2016-11-20 12:36:05');
INSERT INTO `5vvgh_currencies` (`currency_id`, `country_id`, `currency_name`, `currency_code`, `currency_symbol`, `currency_rate`, `symbol_position`, `thousand_sign`, `decimal_sign`, `decimal_position`, `iso_alpha2`, `iso_alpha3`, `iso_numeric`, `flag`, `currency_status`, `date_modified`) VALUES ('29', '29', 'Krone', 'NOK', 'kr', '10.61000000', '0', ',', '.', '2', 'BV', 'BVT', '74', 'BV.png', '0', '2016-11-20 12:36:06');
INSERT INTO `5vvgh_currencies` (`currency_id`, `country_id`, `currency_name`, `currency_code`, `currency_symbol`, `currency_rate`, `symbol_position`, `thousand_sign`, `decimal_sign`, `decimal_position`, `iso_alpha2`, `iso_alpha3`, `iso_numeric`, `flag`, `currency_status`, `date_modified`) VALUES ('30', '30', 'Real', 'BRL', 'R$', '4.18770000', '0', ',', '.', '2', 'BR', 'BRA', '76', 'BR.png', '0', '2016-11-20 12:36:05');
INSERT INTO `5vvgh_currencies` (`currency_id`, `country_id`, `currency_name`, `currency_code`, `currency_symbol`, `currency_rate`, `symbol_position`, `thousand_sign`, `decimal_sign`, `decimal_position`, `iso_alpha2`, `iso_alpha3`, `iso_numeric`, `flag`, `currency_status`, `date_modified`) VALUES ('31', '31', 'Dollar', 'USD', '$', '1.23450000', '0', ',', '.', '2', 'IO', 'IOT', '86', 'IO.png', '0', '2016-11-20 12:36:06');
INSERT INTO `5vvgh_currencies` (`currency_id`, `country_id`, `currency_name`, `currency_code`, `currency_symbol`, `currency_rate`, `symbol_position`, `thousand_sign`, `decimal_sign`, `decimal_position`, `iso_alpha2`, `iso_alpha3`, `iso_numeric`, `flag`, `currency_status`, `date_modified`) VALUES ('32', '231', 'Dollar', 'USD', '$', '1.23450000', '0', ',', '.', '2', 'VG', 'VGB', '92', 'VG.png', '0', '2016-11-20 12:36:06');
INSERT INTO `5vvgh_currencies` (`currency_id`, `country_id`, `currency_name`, `currency_code`, `currency_symbol`, `currency_rate`, `symbol_position`, `thousand_sign`, `decimal_sign`, `decimal_position`, `iso_alpha2`, `iso_alpha3`, `iso_numeric`, `flag`, `currency_status`, `date_modified`) VALUES ('33', '32', 'Dollar', 'BND', '$', '1.75610000', '0', ',', '.', '2', 'BN', 'BRN', '96', 'BN.png', '0', '2016-11-20 12:36:05');
INSERT INTO `5vvgh_currencies` (`currency_id`, `country_id`, `currency_name`, `currency_code`, `currency_symbol`, `currency_rate`, `symbol_position`, `thousand_sign`, `decimal_sign`, `decimal_position`, `iso_alpha2`, `iso_alpha3`, `iso_numeric`, `flag`, `currency_status`, `date_modified`) VALUES ('34', '33', 'Lev', 'BGN', '', '2.26120000', '0', ',', '.', '2', 'BG', 'BGR', '100', 'BG.png', '0', '2016-11-20 12:36:05');
INSERT INTO `5vvgh_currencies` (`currency_id`, `country_id`, `currency_name`, `currency_code`, `currency_symbol`, `currency_rate`, `symbol_position`, `thousand_sign`, `decimal_sign`, `decimal_position`, `iso_alpha2`, `iso_alpha3`, `iso_numeric`, `flag`, `currency_status`, `date_modified`) VALUES ('35', '34', 'Franc', 'XOF', '', '766.88000000', '0', ',', '.', '2', 'BF', 'BFA', '854', 'BF.png', '0', '2016-11-20 12:36:06');
INSERT INTO `5vvgh_currencies` (`currency_id`, `country_id`, `currency_name`, `currency_code`, `currency_symbol`, `currency_rate`, `symbol_position`, `thousand_sign`, `decimal_sign`, `decimal_position`, `iso_alpha2`, `iso_alpha3`, `iso_numeric`, `flag`, `currency_status`, `date_modified`) VALUES ('36', '35', 'Franc', 'BIF', 'Fr', '2071.12990000', '0', ',', '.', '2', 'BI', 'BDI', '108', 'BI.png', '0', '2016-11-20 12:36:05');
INSERT INTO `5vvgh_currencies` (`currency_id`, `country_id`, `currency_name`, `currency_code`, `currency_symbol`, `currency_rate`, `symbol_position`, `thousand_sign`, `decimal_sign`, `decimal_position`, `iso_alpha2`, `iso_alpha3`, `iso_numeric`, `flag`, `currency_status`, `date_modified`) VALUES ('37', '36', 'Riels', 'KHR', '', '4937.50000000', '0', ',', '.', '2', 'KH', 'KHM', '116', 'KH.png', '0', '2016-11-20 12:36:05');
INSERT INTO `5vvgh_currencies` (`currency_id`, `country_id`, `currency_name`, `currency_code`, `currency_symbol`, `currency_rate`, `symbol_position`, `thousand_sign`, `decimal_sign`, `decimal_position`, `iso_alpha2`, `iso_alpha3`, `iso_numeric`, `flag`, `currency_status`, `date_modified`) VALUES ('38', '37', 'Franc', 'XAF', 'FCF', '766.88000000', '0', ',', '.', '2', 'CM', 'CMR', '120', 'CM.png', '0', '2016-11-20 12:36:06');
INSERT INTO `5vvgh_currencies` (`currency_id`, `country_id`, `currency_name`, `currency_code`, `currency_symbol`, `currency_rate`, `symbol_position`, `thousand_sign`, `decimal_sign`, `decimal_position`, `iso_alpha2`, `iso_alpha3`, `iso_numeric`, `flag`, `currency_status`, `date_modified`) VALUES ('39', '38', 'Dollar', 'CAD', '$', '1.66640000', '0', ',', '.', '2', 'CA', 'CAN', '124', 'CA.png', '0', '2016-11-20 12:36:05');
INSERT INTO `5vvgh_currencies` (`currency_id`, `country_id`, `currency_name`, `currency_code`, `currency_symbol`, `currency_rate`, `symbol_position`, `thousand_sign`, `decimal_sign`, `decimal_position`, `iso_alpha2`, `iso_alpha3`, `iso_numeric`, `flag`, `currency_status`, `date_modified`) VALUES ('40', '39', 'Escudo', 'CVE', '', '128.04000000', '0', ',', '.', '2', 'CV', 'CPV', '132', 'CV.png', '0', '2016-11-20 12:36:05');
INSERT INTO `5vvgh_currencies` (`currency_id`, `country_id`, `currency_name`, `currency_code`, `currency_symbol`, `currency_rate`, `symbol_position`, `thousand_sign`, `decimal_sign`, `decimal_position`, `iso_alpha2`, `iso_alpha3`, `iso_numeric`, `flag`, `currency_status`, `date_modified`) VALUES ('41', '40', 'Dollar', 'KYD', '$', '1.01630000', '0', ',', '.', '2', 'KY', 'CYM', '136', 'KY.png', '0', '2016-11-20 12:36:05');
INSERT INTO `5vvgh_currencies` (`currency_id`, `country_id`, `currency_name`, `currency_code`, `currency_symbol`, `currency_rate`, `symbol_position`, `thousand_sign`, `decimal_sign`, `decimal_position`, `iso_alpha2`, `iso_alpha3`, `iso_numeric`, `flag`, `currency_status`, `date_modified`) VALUES ('42', '41', 'Franc', 'XAF', 'FCF', '766.88000000', '0', ',', '.', '2', 'CF', 'CAF', '140', 'CF.png', '0', '2016-11-20 12:36:06');
INSERT INTO `5vvgh_currencies` (`currency_id`, `country_id`, `currency_name`, `currency_code`, `currency_symbol`, `currency_rate`, `symbol_position`, `thousand_sign`, `decimal_sign`, `decimal_position`, `iso_alpha2`, `iso_alpha3`, `iso_numeric`, `flag`, `currency_status`, `date_modified`) VALUES ('43', '42', 'Franc', 'XAF', '', '766.88000000', '0', ',', '.', '2', 'TD', 'TCD', '148', 'TD.png', '0', '2016-11-20 12:36:06');
INSERT INTO `5vvgh_currencies` (`currency_id`, `country_id`, `currency_name`, `currency_code`, `currency_symbol`, `currency_rate`, `symbol_position`, `thousand_sign`, `decimal_sign`, `decimal_position`, `iso_alpha2`, `iso_alpha3`, `iso_numeric`, `flag`, `currency_status`, `date_modified`) VALUES ('44', '43', 'Peso', 'CLP', '', '837.48000000', '0', ',', '.', '2', 'CL', 'CHL', '152', 'CL.png', '0', '2016-11-20 12:36:05');
INSERT INTO `5vvgh_currencies` (`currency_id`, `country_id`, `currency_name`, `currency_code`, `currency_symbol`, `currency_rate`, `symbol_position`, `thousand_sign`, `decimal_sign`, `decimal_position`, `iso_alpha2`, `iso_alpha3`, `iso_numeric`, `flag`, `currency_status`, `date_modified`) VALUES ('45', '44', 'Yuan Renminbi', 'CNY', '', '8.50300000', '0', ',', '.', '2', 'CN', 'CHN', '156', 'CN.png', '0', '2016-11-20 12:36:05');
INSERT INTO `5vvgh_currencies` (`currency_id`, `country_id`, `currency_name`, `currency_code`, `currency_symbol`, `currency_rate`, `symbol_position`, `thousand_sign`, `decimal_sign`, `decimal_position`, `iso_alpha2`, `iso_alpha3`, `iso_numeric`, `flag`, `currency_status`, `date_modified`) VALUES ('46', '45', 'Dollar', 'AUD', '$', '1.68120000', '0', ',', '.', '2', 'CX', 'CXR', '162', 'CX.png', '0', '2016-11-20 12:36:06');
INSERT INTO `5vvgh_currencies` (`currency_id`, `country_id`, `currency_name`, `currency_code`, `currency_symbol`, `currency_rate`, `symbol_position`, `thousand_sign`, `decimal_sign`, `decimal_position`, `iso_alpha2`, `iso_alpha3`, `iso_numeric`, `flag`, `currency_status`, `date_modified`) VALUES ('47', '46', 'Dollar', 'AUD', '$', '1.68120000', '0', ',', '.', '2', 'CC', 'CCK', '166', 'CC.png', '0', '2016-11-20 12:36:06');
INSERT INTO `5vvgh_currencies` (`currency_id`, `country_id`, `currency_name`, `currency_code`, `currency_symbol`, `currency_rate`, `symbol_position`, `thousand_sign`, `decimal_sign`, `decimal_position`, `iso_alpha2`, `iso_alpha3`, `iso_numeric`, `flag`, `currency_status`, `date_modified`) VALUES ('48', '47', 'Peso', 'COP', '$', '3927.50000000', '0', ',', '.', '2', 'CO', 'COL', '170', 'CO.png', '0', '2016-11-20 12:36:05');
INSERT INTO `5vvgh_currencies` (`currency_id`, `country_id`, `currency_name`, `currency_code`, `currency_symbol`, `currency_rate`, `symbol_position`, `thousand_sign`, `decimal_sign`, `decimal_position`, `iso_alpha2`, `iso_alpha3`, `iso_numeric`, `flag`, `currency_status`, `date_modified`) VALUES ('49', '48', 'Franc', 'KMF', '', '552.37000000', '0', ',', '.', '2', 'KM', 'COM', '174', 'KM.png', '0', '2016-11-20 12:36:05');
INSERT INTO `5vvgh_currencies` (`currency_id`, `country_id`, `currency_name`, `currency_code`, `currency_symbol`, `currency_rate`, `symbol_position`, `thousand_sign`, `decimal_sign`, `decimal_position`, `iso_alpha2`, `iso_alpha3`, `iso_numeric`, `flag`, `currency_status`, `date_modified`) VALUES ('50', '50', 'Dollar', 'NZD', '$', '1.75830000', '0', ',', '.', '2', 'CK', 'COK', '184', 'CK.png', '0', '2016-11-20 12:36:06');
INSERT INTO `5vvgh_currencies` (`currency_id`, `country_id`, `currency_name`, `currency_code`, `currency_symbol`, `currency_rate`, `symbol_position`, `thousand_sign`, `decimal_sign`, `decimal_position`, `iso_alpha2`, `iso_alpha3`, `iso_numeric`, `flag`, `currency_status`, `date_modified`) VALUES ('51', '51', 'Colon', 'CRC', '', '686.61000000', '0', ',', '.', '2', 'CR', 'CRI', '188', 'CR.png', '0', '2016-11-20 12:36:05');
INSERT INTO `5vvgh_currencies` (`currency_id`, `country_id`, `currency_name`, `currency_code`, `currency_symbol`, `currency_rate`, `symbol_position`, `thousand_sign`, `decimal_sign`, `decimal_position`, `iso_alpha2`, `iso_alpha3`, `iso_numeric`, `flag`, `currency_status`, `date_modified`) VALUES ('52', '53', 'Kuna', 'HRK', 'kn', '8.72000000', '0', ',', '.', '2', 'HR', 'HRV', '191', 'HR.png', '0', '2016-11-20 12:36:05');
INSERT INTO `5vvgh_currencies` (`currency_id`, `country_id`, `currency_name`, `currency_code`, `currency_symbol`, `currency_rate`, `symbol_position`, `thousand_sign`, `decimal_sign`, `decimal_position`, `iso_alpha2`, `iso_alpha3`, `iso_numeric`, `flag`, `currency_status`, `date_modified`) VALUES ('53', '54', 'Peso', 'CUP', '', '1.22800000', '0', ',', '.', '2', 'CU', 'CUB', '192', 'CU.png', '0', '2016-11-20 12:36:05');
INSERT INTO `5vvgh_currencies` (`currency_id`, `country_id`, `currency_name`, `currency_code`, `currency_symbol`, `currency_rate`, `symbol_position`, `thousand_sign`, `decimal_sign`, `decimal_position`, `iso_alpha2`, `iso_alpha3`, `iso_numeric`, `flag`, `currency_status`, `date_modified`) VALUES ('54', '55', 'Pound', 'CYP', '', '0.64150000', '0', ',', '.', '2', 'CY', 'CYP', '196', 'CY.png', '0', '2016-11-20 12:36:05');
INSERT INTO `5vvgh_currencies` (`currency_id`, `country_id`, `currency_name`, `currency_code`, `currency_symbol`, `currency_rate`, `symbol_position`, `thousand_sign`, `decimal_sign`, `decimal_position`, `iso_alpha2`, `iso_alpha3`, `iso_numeric`, `flag`, `currency_status`, `date_modified`) VALUES ('55', '56', 'Koruna', 'CZK', 'K', '31.47500000', '0', ',', '.', '2', 'CZ', 'CZE', '203', 'CZ.png', '0', '2016-11-20 12:36:05');
INSERT INTO `5vvgh_currencies` (`currency_id`, `country_id`, `currency_name`, `currency_code`, `currency_symbol`, `currency_rate`, `symbol_position`, `thousand_sign`, `decimal_sign`, `decimal_position`, `iso_alpha2`, `iso_alpha3`, `iso_numeric`, `flag`, `currency_status`, `date_modified`) VALUES ('56', '49', 'Franc', 'CDF', 'FC', '1146.90000000', '0', ',', '.', '2', 'CD', 'COD', '180', 'CD.png', '0', '2016-11-20 12:36:05');
INSERT INTO `5vvgh_currencies` (`currency_id`, `country_id`, `currency_name`, `currency_code`, `currency_symbol`, `currency_rate`, `symbol_position`, `thousand_sign`, `decimal_sign`, `decimal_position`, `iso_alpha2`, `iso_alpha3`, `iso_numeric`, `flag`, `currency_status`, `date_modified`) VALUES ('57', '57', 'Krone', 'DKK', 'kr', '8.66100000', '0', ',', '.', '2', 'DK', 'DNK', '208', 'DK.png', '0', '2016-11-20 12:36:05');
INSERT INTO `5vvgh_currencies` (`currency_id`, `country_id`, `currency_name`, `currency_code`, `currency_symbol`, `currency_rate`, `symbol_position`, `thousand_sign`, `decimal_sign`, `decimal_position`, `iso_alpha2`, `iso_alpha3`, `iso_numeric`, `flag`, `currency_status`, `date_modified`) VALUES ('58', '58', 'Franc', 'DJF', '', '219.03000000', '0', ',', '.', '2', 'DJ', 'DJI', '262', 'DJ.png', '0', '2016-11-20 12:36:05');
INSERT INTO `5vvgh_currencies` (`currency_id`, `country_id`, `currency_name`, `currency_code`, `currency_symbol`, `currency_rate`, `symbol_position`, `thousand_sign`, `decimal_sign`, `decimal_position`, `iso_alpha2`, `iso_alpha3`, `iso_numeric`, `flag`, `currency_status`, `date_modified`) VALUES ('59', '59', 'Dollar', 'XCD', '$', '3.34910000', '0', ',', '.', '2', 'DM', 'DMA', '212', 'DM.png', '0', '2016-11-20 12:36:06');
INSERT INTO `5vvgh_currencies` (`currency_id`, `country_id`, `currency_name`, `currency_code`, `currency_symbol`, `currency_rate`, `symbol_position`, `thousand_sign`, `decimal_sign`, `decimal_position`, `iso_alpha2`, `iso_alpha3`, `iso_numeric`, `flag`, `currency_status`, `date_modified`) VALUES ('60', '60', 'Peso', 'DOP', 'RD$', '57.21500000', '0', ',', '.', '2', 'DO', 'DOM', '214', 'DO.png', '0', '2016-11-20 12:36:05');
INSERT INTO `5vvgh_currencies` (`currency_id`, `country_id`, `currency_name`, `currency_code`, `currency_symbol`, `currency_rate`, `symbol_position`, `thousand_sign`, `decimal_sign`, `decimal_position`, `iso_alpha2`, `iso_alpha3`, `iso_numeric`, `flag`, `currency_status`, `date_modified`) VALUES ('61', '61', 'Dollar', 'USD', '$', '1.23450000', '0', ',', '.', '2', 'TL', 'TLS', '626', 'TL.png', '0', '2016-11-20 12:36:06');
INSERT INTO `5vvgh_currencies` (`currency_id`, `country_id`, `currency_name`, `currency_code`, `currency_symbol`, `currency_rate`, `symbol_position`, `thousand_sign`, `decimal_sign`, `decimal_position`, `iso_alpha2`, `iso_alpha3`, `iso_numeric`, `flag`, `currency_status`, `date_modified`) VALUES ('62', '62', 'Dollar', 'USD', '$', '1.23450000', '0', ',', '.', '2', 'EC', 'ECU', '218', 'EC.png', '0', '2016-11-20 12:36:06');
INSERT INTO `5vvgh_currencies` (`currency_id`, `country_id`, `currency_name`, `currency_code`, `currency_symbol`, `currency_rate`, `symbol_position`, `thousand_sign`, `decimal_sign`, `decimal_position`, `iso_alpha2`, `iso_alpha3`, `iso_numeric`, `flag`, `currency_status`, `date_modified`) VALUES ('63', '63', 'Pound', 'EGP', '', '19.64530000', '0', ',', '.', '2', 'EG', 'EGY', '818', 'EG.png', '0', '2016-11-20 12:36:05');
INSERT INTO `5vvgh_currencies` (`currency_id`, `country_id`, `currency_name`, `currency_code`, `currency_symbol`, `currency_rate`, `symbol_position`, `thousand_sign`, `decimal_sign`, `decimal_position`, `iso_alpha2`, `iso_alpha3`, `iso_numeric`, `flag`, `currency_status`, `date_modified`) VALUES ('64', '64', 'Colone', 'SVC', '$', '10.76300000', '0', ',', '.', '2', 'SV', 'SLV', '222', 'SV.png', '0', '2016-11-20 12:36:05');
INSERT INTO `5vvgh_currencies` (`currency_id`, `country_id`, `currency_name`, `currency_code`, `currency_symbol`, `currency_rate`, `symbol_position`, `thousand_sign`, `decimal_sign`, `decimal_position`, `iso_alpha2`, `iso_alpha3`, `iso_numeric`, `flag`, `currency_status`, `date_modified`) VALUES ('65', '65', 'Franc', 'XAF', 'FCF', '766.88000000', '0', ',', '.', '2', 'GQ', 'GNQ', '226', 'GQ.png', '0', '2016-11-20 12:36:06');
INSERT INTO `5vvgh_currencies` (`currency_id`, `country_id`, `currency_name`, `currency_code`, `currency_symbol`, `currency_rate`, `symbol_position`, `thousand_sign`, `decimal_sign`, `decimal_position`, `iso_alpha2`, `iso_alpha3`, `iso_numeric`, `flag`, `currency_status`, `date_modified`) VALUES ('66', '66', 'Nakfa', 'ERN', 'Nfk', '19.23600000', '0', ',', '.', '2', 'ER', 'ERI', '232', 'ER.png', '0', '2016-11-20 12:36:05');
INSERT INTO `5vvgh_currencies` (`currency_id`, `country_id`, `currency_name`, `currency_code`, `currency_symbol`, `currency_rate`, `symbol_position`, `thousand_sign`, `decimal_sign`, `decimal_position`, `iso_alpha2`, `iso_alpha3`, `iso_numeric`, `flag`, `currency_status`, `date_modified`) VALUES ('67', '67', 'Kroon', 'EEK', 'kr', '0.00000000', '0', ',', '.', '2', 'EE', 'EST', '233', 'EE.png', '0', '2016-11-20 12:36:05');
INSERT INTO `5vvgh_currencies` (`currency_id`, `country_id`, `currency_name`, `currency_code`, `currency_symbol`, `currency_rate`, `symbol_position`, `thousand_sign`, `decimal_sign`, `decimal_position`, `iso_alpha2`, `iso_alpha3`, `iso_numeric`, `flag`, `currency_status`, `date_modified`) VALUES ('68', '68', 'Birr', 'ETB', '', '27.68400000', '0', ',', '.', '2', 'ET', 'ETH', '231', 'ET.png', '0', '2016-11-20 12:36:05');
INSERT INTO `5vvgh_currencies` (`currency_id`, `country_id`, `currency_name`, `currency_code`, `currency_symbol`, `currency_rate`, `symbol_position`, `thousand_sign`, `decimal_sign`, `decimal_position`, `iso_alpha2`, `iso_alpha3`, `iso_numeric`, `flag`, `currency_status`, `date_modified`) VALUES ('69', '69', 'Pound', 'FKP', '', '1.00000000', '0', ',', '.', '2', 'FK', 'FLK', '238', 'FK.png', '0', '2016-11-20 12:36:05');
INSERT INTO `5vvgh_currencies` (`currency_id`, `country_id`, `currency_name`, `currency_code`, `currency_symbol`, `currency_rate`, `symbol_position`, `thousand_sign`, `decimal_sign`, `decimal_position`, `iso_alpha2`, `iso_alpha3`, `iso_numeric`, `flag`, `currency_status`, `date_modified`) VALUES ('70', '70', 'Krone', 'DKK', 'kr', '8.66100000', '0', ',', '.', '2', 'FO', 'FRO', '234', 'FO.png', '0', '2016-11-20 12:36:05');
INSERT INTO `5vvgh_currencies` (`currency_id`, `country_id`, `currency_name`, `currency_code`, `currency_symbol`, `currency_rate`, `symbol_position`, `thousand_sign`, `decimal_sign`, `decimal_position`, `iso_alpha2`, `iso_alpha3`, `iso_numeric`, `flag`, `currency_status`, `date_modified`) VALUES ('71', '71', 'Dollar', 'FJD', '$', '2.59400000', '0', ',', '.', '2', 'FJ', 'FJI', '242', 'FJ.png', '0', '2016-11-20 12:36:05');
INSERT INTO `5vvgh_currencies` (`currency_id`, `country_id`, `currency_name`, `currency_code`, `currency_symbol`, `currency_rate`, `symbol_position`, `thousand_sign`, `decimal_sign`, `decimal_position`, `iso_alpha2`, `iso_alpha3`, `iso_numeric`, `flag`, `currency_status`, `date_modified`) VALUES ('72', '72', 'Euro', 'EUR', '', '1.16570000', '0', ',', '.', '2', 'FI', 'FIN', '246', 'FI.png', '0', '2016-11-20 12:36:06');
INSERT INTO `5vvgh_currencies` (`currency_id`, `country_id`, `currency_name`, `currency_code`, `currency_symbol`, `currency_rate`, `symbol_position`, `thousand_sign`, `decimal_sign`, `decimal_position`, `iso_alpha2`, `iso_alpha3`, `iso_numeric`, `flag`, `currency_status`, `date_modified`) VALUES ('73', '73', 'Euro', 'EUR', '', '1.16570000', '0', ',', '.', '2', 'FR', 'FRA', '250', 'FR.png', '0', '2016-11-20 12:36:06');
INSERT INTO `5vvgh_currencies` (`currency_id`, `country_id`, `currency_name`, `currency_code`, `currency_symbol`, `currency_rate`, `symbol_position`, `thousand_sign`, `decimal_sign`, `decimal_position`, `iso_alpha2`, `iso_alpha3`, `iso_numeric`, `flag`, `currency_status`, `date_modified`) VALUES ('74', '75', 'Euro', 'EUR', '', '1.16570000', '0', ',', '.', '2', 'GF', 'GUF', '254', 'GF.png', '0', '2016-11-20 12:36:06');
INSERT INTO `5vvgh_currencies` (`currency_id`, `country_id`, `currency_name`, `currency_code`, `currency_symbol`, `currency_rate`, `symbol_position`, `thousand_sign`, `decimal_sign`, `decimal_position`, `iso_alpha2`, `iso_alpha3`, `iso_numeric`, `flag`, `currency_status`, `date_modified`) VALUES ('75', '76', 'Franc', 'XPF', '', '139.41000000', '0', ',', '.', '2', 'PF', 'PYF', '258', 'PF.png', '0', '2016-11-20 12:36:06');
INSERT INTO `5vvgh_currencies` (`currency_id`, `country_id`, `currency_name`, `currency_code`, `currency_symbol`, `currency_rate`, `symbol_position`, `thousand_sign`, `decimal_sign`, `decimal_position`, `iso_alpha2`, `iso_alpha3`, `iso_numeric`, `flag`, `currency_status`, `date_modified`) VALUES ('76', '77', 'Euro  ', 'EUR', '', '1.16570000', '0', ',', '.', '2', 'TF', 'ATF', '260', 'TF.png', '0', '2016-11-20 12:36:06');
INSERT INTO `5vvgh_currencies` (`currency_id`, `country_id`, `currency_name`, `currency_code`, `currency_symbol`, `currency_rate`, `symbol_position`, `thousand_sign`, `decimal_sign`, `decimal_position`, `iso_alpha2`, `iso_alpha3`, `iso_numeric`, `flag`, `currency_status`, `date_modified`) VALUES ('77', '78', 'Franc', 'XAF', 'FCF', '766.88000000', '0', ',', '.', '2', 'GA', 'GAB', '266', 'GA.png', '0', '2016-11-20 12:36:06');
INSERT INTO `5vvgh_currencies` (`currency_id`, `country_id`, `currency_name`, `currency_code`, `currency_symbol`, `currency_rate`, `symbol_position`, `thousand_sign`, `decimal_sign`, `decimal_position`, `iso_alpha2`, `iso_alpha3`, `iso_numeric`, `flag`, `currency_status`, `date_modified`) VALUES ('78', '79', 'Dalasi', 'GMD', 'D', '52.89400000', '0', ',', '.', '2', 'GM', 'GMB', '270', 'GM.png', '0', '2016-11-20 12:36:05');
INSERT INTO `5vvgh_currencies` (`currency_id`, `country_id`, `currency_name`, `currency_code`, `currency_symbol`, `currency_rate`, `symbol_position`, `thousand_sign`, `decimal_sign`, `decimal_position`, `iso_alpha2`, `iso_alpha3`, `iso_numeric`, `flag`, `currency_status`, `date_modified`) VALUES ('79', '80', 'Lari', 'GEL', '', '3.06800000', '0', ',', '.', '2', 'GE', 'GEO', '268', 'GE.png', '0', '2016-11-20 12:36:05');
INSERT INTO `5vvgh_currencies` (`currency_id`, `country_id`, `currency_name`, `currency_code`, `currency_symbol`, `currency_rate`, `symbol_position`, `thousand_sign`, `decimal_sign`, `decimal_position`, `iso_alpha2`, `iso_alpha3`, `iso_numeric`, `flag`, `currency_status`, `date_modified`) VALUES ('80', '81', 'Euro', 'EUR', '', '1.16570000', '0', ',', '.', '2', 'DE', 'DEU', '276', 'DE.png', '0', '2016-11-20 12:36:06');
INSERT INTO `5vvgh_currencies` (`currency_id`, `country_id`, `currency_name`, `currency_code`, `currency_symbol`, `currency_rate`, `symbol_position`, `thousand_sign`, `decimal_sign`, `decimal_position`, `iso_alpha2`, `iso_alpha3`, `iso_numeric`, `flag`, `currency_status`, `date_modified`) VALUES ('81', '82', 'Cedi', 'GHC', '', '0.00000000', '0', ',', '.', '2', 'GH', 'GHA', '288', 'GH.png', '0', '2016-11-20 12:36:05');
INSERT INTO `5vvgh_currencies` (`currency_id`, `country_id`, `currency_name`, `currency_code`, `currency_symbol`, `currency_rate`, `symbol_position`, `thousand_sign`, `decimal_sign`, `decimal_position`, `iso_alpha2`, `iso_alpha3`, `iso_numeric`, `flag`, `currency_status`, `date_modified`) VALUES ('82', '83', 'Pound', 'GIP', '', '1.00000000', '0', ',', '.', '2', 'GI', 'GIB', '292', 'GI.png', '0', '2016-11-20 12:36:05');
INSERT INTO `5vvgh_currencies` (`currency_id`, `country_id`, `currency_name`, `currency_code`, `currency_symbol`, `currency_rate`, `symbol_position`, `thousand_sign`, `decimal_sign`, `decimal_position`, `iso_alpha2`, `iso_alpha3`, `iso_numeric`, `flag`, `currency_status`, `date_modified`) VALUES ('83', '84', 'Euro', 'EUR', '', '1.16570000', '0', ',', '.', '2', 'GR', 'GRC', '300', 'GR.png', '0', '2016-11-20 12:36:06');
INSERT INTO `5vvgh_currencies` (`currency_id`, `country_id`, `currency_name`, `currency_code`, `currency_symbol`, `currency_rate`, `symbol_position`, `thousand_sign`, `decimal_sign`, `decimal_position`, `iso_alpha2`, `iso_alpha3`, `iso_numeric`, `flag`, `currency_status`, `date_modified`) VALUES ('84', '85', 'Krone', 'DKK', 'kr', '8.66100000', '0', ',', '.', '2', 'GL', 'GRL', '304', 'GL.png', '0', '2016-11-20 12:36:05');
INSERT INTO `5vvgh_currencies` (`currency_id`, `country_id`, `currency_name`, `currency_code`, `currency_symbol`, `currency_rate`, `symbol_position`, `thousand_sign`, `decimal_sign`, `decimal_position`, `iso_alpha2`, `iso_alpha3`, `iso_numeric`, `flag`, `currency_status`, `date_modified`) VALUES ('85', '86', 'Dollar', 'XCD', '$', '3.34910000', '0', ',', '.', '2', 'GD', 'GRD', '308', 'GD.png', '0', '2016-11-20 12:36:06');
INSERT INTO `5vvgh_currencies` (`currency_id`, `country_id`, `currency_name`, `currency_code`, `currency_symbol`, `currency_rate`, `symbol_position`, `thousand_sign`, `decimal_sign`, `decimal_position`, `iso_alpha2`, `iso_alpha3`, `iso_numeric`, `flag`, `currency_status`, `date_modified`) VALUES ('86', '87', 'Euro', 'EUR', '', '1.16570000', '0', ',', '.', '2', 'GP', 'GLP', '312', 'GP.png', '0', '2016-11-20 12:36:06');
INSERT INTO `5vvgh_currencies` (`currency_id`, `country_id`, `currency_name`, `currency_code`, `currency_symbol`, `currency_rate`, `symbol_position`, `thousand_sign`, `decimal_sign`, `decimal_position`, `iso_alpha2`, `iso_alpha3`, `iso_numeric`, `flag`, `currency_status`, `date_modified`) VALUES ('87', '88', 'Dollar', 'USD', '$', '1.23450000', '0', ',', '.', '2', 'GU', 'GUM', '316', 'GU.png', '0', '2016-11-20 12:36:06');
INSERT INTO `5vvgh_currencies` (`currency_id`, `country_id`, `currency_name`, `currency_code`, `currency_symbol`, `currency_rate`, `symbol_position`, `thousand_sign`, `decimal_sign`, `decimal_position`, `iso_alpha2`, `iso_alpha3`, `iso_numeric`, `flag`, `currency_status`, `date_modified`) VALUES ('88', '89', 'Quetzal', 'GTQ', 'Q', '9.24600000', '0', ',', '.', '2', 'GT', 'GTM', '320', 'GT.png', '0', '2016-11-20 12:36:05');
INSERT INTO `5vvgh_currencies` (`currency_id`, `country_id`, `currency_name`, `currency_code`, `currency_symbol`, `currency_rate`, `symbol_position`, `thousand_sign`, `decimal_sign`, `decimal_position`, `iso_alpha2`, `iso_alpha3`, `iso_numeric`, `flag`, `currency_status`, `date_modified`) VALUES ('89', '90', 'Franc', 'GNF', '', '11196.04000000', '0', ',', '.', '2', 'GN', 'GIN', '324', 'GN.png', '0', '2016-11-20 12:36:05');
INSERT INTO `5vvgh_currencies` (`currency_id`, `country_id`, `currency_name`, `currency_code`, `currency_symbol`, `currency_rate`, `symbol_position`, `thousand_sign`, `decimal_sign`, `decimal_position`, `iso_alpha2`, `iso_alpha3`, `iso_numeric`, `flag`, `currency_status`, `date_modified`) VALUES ('90', '91', 'Franc', 'XOF', '', '766.88000000', '0', ',', '.', '2', 'GW', 'GNB', '624', 'GW.png', '0', '2016-11-20 12:36:06');
INSERT INTO `5vvgh_currencies` (`currency_id`, `country_id`, `currency_name`, `currency_code`, `currency_symbol`, `currency_rate`, `symbol_position`, `thousand_sign`, `decimal_sign`, `decimal_position`, `iso_alpha2`, `iso_alpha3`, `iso_numeric`, `flag`, `currency_status`, `date_modified`) VALUES ('91', '92', 'Dollar', 'GYD', '$', '255.52000000', '0', ',', '.', '2', 'GY', 'GUY', '328', 'GY.png', '0', '2016-11-20 12:36:05');
INSERT INTO `5vvgh_currencies` (`currency_id`, `country_id`, `currency_name`, `currency_code`, `currency_symbol`, `currency_rate`, `symbol_position`, `thousand_sign`, `decimal_sign`, `decimal_position`, `iso_alpha2`, `iso_alpha3`, `iso_numeric`, `flag`, `currency_status`, `date_modified`) VALUES ('92', '93', 'Gourde', 'HTG', 'G', '77.77000000', '0', ',', '.', '2', 'HT', 'HTI', '332', 'HT.png', '0', '2016-11-20 12:36:05');
INSERT INTO `5vvgh_currencies` (`currency_id`, `country_id`, `currency_name`, `currency_code`, `currency_symbol`, `currency_rate`, `symbol_position`, `thousand_sign`, `decimal_sign`, `decimal_position`, `iso_alpha2`, `iso_alpha3`, `iso_numeric`, `flag`, `currency_status`, `date_modified`) VALUES ('93', '94', 'Dollar', 'AUD', '$', '1.68120000', '0', ',', '.', '2', 'HM', 'HMD', '334', 'HM.png', '0', '2016-11-20 12:36:06');
INSERT INTO `5vvgh_currencies` (`currency_id`, `country_id`, `currency_name`, `currency_code`, `currency_symbol`, `currency_rate`, `symbol_position`, `thousand_sign`, `decimal_sign`, `decimal_position`, `iso_alpha2`, `iso_alpha3`, `iso_numeric`, `flag`, `currency_status`, `date_modified`) VALUES ('94', '95', 'Lempira', 'HNL', 'L', '28.36100000', '0', ',', '.', '2', 'HN', 'HND', '340', 'HN.png', '0', '2016-11-20 12:36:05');
INSERT INTO `5vvgh_currencies` (`currency_id`, `country_id`, `currency_name`, `currency_code`, `currency_symbol`, `currency_rate`, `symbol_position`, `thousand_sign`, `decimal_sign`, `decimal_position`, `iso_alpha2`, `iso_alpha3`, `iso_numeric`, `flag`, `currency_status`, `date_modified`) VALUES ('95', '96', 'Dollar', 'HKD', '$', '9.57500000', '0', ',', '.', '2', 'HK', 'HKG', '344', 'HK.png', '0', '2016-11-20 12:36:05');
INSERT INTO `5vvgh_currencies` (`currency_id`, `country_id`, `currency_name`, `currency_code`, `currency_symbol`, `currency_rate`, `symbol_position`, `thousand_sign`, `decimal_sign`, `decimal_position`, `iso_alpha2`, `iso_alpha3`, `iso_numeric`, `flag`, `currency_status`, `date_modified`) VALUES ('96', '97', 'Forint', 'HUF', 'Ft', '359.29000000', '0', ',', '.', '2', 'HU', 'HUN', '348', 'HU.png', '0', '2016-11-20 12:36:05');
INSERT INTO `5vvgh_currencies` (`currency_id`, `country_id`, `currency_name`, `currency_code`, `currency_symbol`, `currency_rate`, `symbol_position`, `thousand_sign`, `decimal_sign`, `decimal_position`, `iso_alpha2`, `iso_alpha3`, `iso_numeric`, `flag`, `currency_status`, `date_modified`) VALUES ('97', '98', 'Krona', 'ISK', 'kr', '140.21000000', '0', ',', '.', '2', 'IS', 'ISL', '352', 'IS.png', '0', '2016-11-20 12:36:05');
INSERT INTO `5vvgh_currencies` (`currency_id`, `country_id`, `currency_name`, `currency_code`, `currency_symbol`, `currency_rate`, `symbol_position`, `thousand_sign`, `decimal_sign`, `decimal_position`, `iso_alpha2`, `iso_alpha3`, `iso_numeric`, `flag`, `currency_status`, `date_modified`) VALUES ('98', '99', 'Rupee', 'INR', '', '84.16200000', '0', ',', '.', '2', 'IN', 'IND', '356', 'IN.png', '0', '2016-11-20 12:36:05');
INSERT INTO `5vvgh_currencies` (`currency_id`, `country_id`, `currency_name`, `currency_code`, `currency_symbol`, `currency_rate`, `symbol_position`, `thousand_sign`, `decimal_sign`, `decimal_position`, `iso_alpha2`, `iso_alpha3`, `iso_numeric`, `flag`, `currency_status`, `date_modified`) VALUES ('99', '100', 'Rupiah', 'IDR', 'Rp', '16609.98050000', '0', ',', '.', '2', 'ID', 'IDN', '360', 'ID.png', '0', '2016-11-20 12:36:05');
INSERT INTO `5vvgh_currencies` (`currency_id`, `country_id`, `currency_name`, `currency_code`, `currency_symbol`, `currency_rate`, `symbol_position`, `thousand_sign`, `decimal_sign`, `decimal_position`, `iso_alpha2`, `iso_alpha3`, `iso_numeric`, `flag`, `currency_status`, `date_modified`) VALUES ('100', '101', 'Rial', 'IRR', '', '39589.10160000', '0', ',', '.', '2', 'IR', 'IRN', '364', 'IR.png', '0', '2016-11-20 12:36:05');
INSERT INTO `5vvgh_currencies` (`currency_id`, `country_id`, `currency_name`, `currency_code`, `currency_symbol`, `currency_rate`, `symbol_position`, `thousand_sign`, `decimal_sign`, `decimal_position`, `iso_alpha2`, `iso_alpha3`, `iso_numeric`, `flag`, `currency_status`, `date_modified`) VALUES ('101', '102', 'Dinar', 'IQD', '', '1423.60000000', '0', ',', '.', '2', 'IQ', 'IRQ', '368', 'IQ.png', '0', '2016-11-20 12:36:05');
INSERT INTO `5vvgh_currencies` (`currency_id`, `country_id`, `currency_name`, `currency_code`, `currency_symbol`, `currency_rate`, `symbol_position`, `thousand_sign`, `decimal_sign`, `decimal_position`, `iso_alpha2`, `iso_alpha3`, `iso_numeric`, `flag`, `currency_status`, `date_modified`) VALUES ('102', '103', 'Euro', 'EUR', '', '1.16570000', '0', ',', '.', '2', 'IE', 'IRL', '372', 'IE.png', '0', '2016-11-20 12:36:06');
INSERT INTO `5vvgh_currencies` (`currency_id`, `country_id`, `currency_name`, `currency_code`, `currency_symbol`, `currency_rate`, `symbol_position`, `thousand_sign`, `decimal_sign`, `decimal_position`, `iso_alpha2`, `iso_alpha3`, `iso_numeric`, `flag`, `currency_status`, `date_modified`) VALUES ('103', '104', 'Shekel', 'ILS', '', '4.79540000', '0', ',', '.', '2', 'IL', 'ISR', '376', 'IL.png', '0', '2016-11-20 12:36:06');
INSERT INTO `5vvgh_currencies` (`currency_id`, `country_id`, `currency_name`, `currency_code`, `currency_symbol`, `currency_rate`, `symbol_position`, `thousand_sign`, `decimal_sign`, `decimal_position`, `iso_alpha2`, `iso_alpha3`, `iso_numeric`, `flag`, `currency_status`, `date_modified`) VALUES ('104', '105', 'Euro', 'EUR', '', '1.16570000', '0', ',', '.', '2', 'IT', 'ITA', '380', 'IT.png', '0', '2016-11-20 12:36:06');
INSERT INTO `5vvgh_currencies` (`currency_id`, `country_id`, `currency_name`, `currency_code`, `currency_symbol`, `currency_rate`, `symbol_position`, `thousand_sign`, `decimal_sign`, `decimal_position`, `iso_alpha2`, `iso_alpha3`, `iso_numeric`, `flag`, `currency_status`, `date_modified`) VALUES ('105', '52', 'Franc', 'XOF', '', '766.88000000', '0', ',', '.', '2', 'CI', 'CIV', '384', 'CI.png', '0', '2016-11-20 12:36:06');
INSERT INTO `5vvgh_currencies` (`currency_id`, `country_id`, `currency_name`, `currency_code`, `currency_symbol`, `currency_rate`, `symbol_position`, `thousand_sign`, `decimal_sign`, `decimal_position`, `iso_alpha2`, `iso_alpha3`, `iso_numeric`, `flag`, `currency_status`, `date_modified`) VALUES ('106', '106', 'Dollar', 'JMD', '$', '159.39000000', '0', ',', '.', '2', 'JM', 'JAM', '388', 'JM.png', '0', '2016-11-20 12:36:05');
INSERT INTO `5vvgh_currencies` (`currency_id`, `country_id`, `currency_name`, `currency_code`, `currency_symbol`, `currency_rate`, `symbol_position`, `thousand_sign`, `decimal_sign`, `decimal_position`, `iso_alpha2`, `iso_alpha3`, `iso_numeric`, `flag`, `currency_status`, `date_modified`) VALUES ('107', '107', 'Yen', 'JPY', '', '136.89000000', '0', ',', '.', '2', 'JP', 'JPN', '392', 'JP.png', '0', '2016-11-20 12:36:05');
INSERT INTO `5vvgh_currencies` (`currency_id`, `country_id`, `currency_name`, `currency_code`, `currency_symbol`, `currency_rate`, `symbol_position`, `thousand_sign`, `decimal_sign`, `decimal_position`, `iso_alpha2`, `iso_alpha3`, `iso_numeric`, `flag`, `currency_status`, `date_modified`) VALUES ('108', '108', 'Dinar', 'JOD', '', '0.87360000', '0', ',', '.', '2', 'JO', 'JOR', '400', 'JO.png', '0', '2016-11-20 12:36:05');
INSERT INTO `5vvgh_currencies` (`currency_id`, `country_id`, `currency_name`, `currency_code`, `currency_symbol`, `currency_rate`, `symbol_position`, `thousand_sign`, `decimal_sign`, `decimal_position`, `iso_alpha2`, `iso_alpha3`, `iso_numeric`, `flag`, `currency_status`, `date_modified`) VALUES ('109', '109', 'Tenge', 'KZT', '', '420.31000000', '0', ',', '.', '2', 'KZ', 'KAZ', '398', 'KZ.png', '0', '2016-11-20 12:36:05');
INSERT INTO `5vvgh_currencies` (`currency_id`, `country_id`, `currency_name`, `currency_code`, `currency_symbol`, `currency_rate`, `symbol_position`, `thousand_sign`, `decimal_sign`, `decimal_position`, `iso_alpha2`, `iso_alpha3`, `iso_numeric`, `flag`, `currency_status`, `date_modified`) VALUES ('110', '110', 'Shilling', 'KES', '', '125.31000000', '0', ',', '.', '2', 'KE', 'KEN', '404', 'KE.png', '0', '2016-11-20 12:36:05');
INSERT INTO `5vvgh_currencies` (`currency_id`, `country_id`, `currency_name`, `currency_code`, `currency_symbol`, `currency_rate`, `symbol_position`, `thousand_sign`, `decimal_sign`, `decimal_position`, `iso_alpha2`, `iso_alpha3`, `iso_numeric`, `flag`, `currency_status`, `date_modified`) VALUES ('111', '111', 'Dollar', 'AUD', '$', '1.68120000', '0', ',', '.', '2', 'KI', 'KIR', '296', 'KI.png', '0', '2016-11-20 12:36:06');
INSERT INTO `5vvgh_currencies` (`currency_id`, `country_id`, `currency_name`, `currency_code`, `currency_symbol`, `currency_rate`, `symbol_position`, `thousand_sign`, `decimal_sign`, `decimal_position`, `iso_alpha2`, `iso_alpha3`, `iso_numeric`, `flag`, `currency_status`, `date_modified`) VALUES ('112', '114', 'Dinar', 'KWD', '.', '0.37530000', '0', ',', '.', '2', 'KW', 'KWT', '414', 'KW.png', '0', '2016-11-20 12:36:05');
INSERT INTO `5vvgh_currencies` (`currency_id`, `country_id`, `currency_name`, `currency_code`, `currency_symbol`, `currency_rate`, `symbol_position`, `thousand_sign`, `decimal_sign`, `decimal_position`, `iso_alpha2`, `iso_alpha3`, `iso_numeric`, `flag`, `currency_status`, `date_modified`) VALUES ('113', '115', 'Som', 'KGS', '', '85.93000000', '0', ',', '.', '2', 'KG', 'KGZ', '417', 'KG.png', '0', '2016-11-20 12:36:05');
INSERT INTO `5vvgh_currencies` (`currency_id`, `country_id`, `currency_name`, `currency_code`, `currency_symbol`, `currency_rate`, `symbol_position`, `thousand_sign`, `decimal_sign`, `decimal_position`, `iso_alpha2`, `iso_alpha3`, `iso_numeric`, `flag`, `currency_status`, `date_modified`) VALUES ('114', '116', 'Kip', 'LAK', '', '10090.50000000', '0', ',', '.', '2', 'LA', 'LAO', '418', 'LA.png', '0', '2016-11-20 12:36:05');
INSERT INTO `5vvgh_currencies` (`currency_id`, `country_id`, `currency_name`, `currency_code`, `currency_symbol`, `currency_rate`, `symbol_position`, `thousand_sign`, `decimal_sign`, `decimal_position`, `iso_alpha2`, `iso_alpha3`, `iso_numeric`, `flag`, `currency_status`, `date_modified`) VALUES ('115', '117', 'Lat', 'LVL', 'Ls', '0.76620000', '0', ',', '.', '2', 'LV', 'LVA', '428', 'LV.png', '0', '2016-11-20 12:36:05');
INSERT INTO `5vvgh_currencies` (`currency_id`, `country_id`, `currency_name`, `currency_code`, `currency_symbol`, `currency_rate`, `symbol_position`, `thousand_sign`, `decimal_sign`, `decimal_position`, `iso_alpha2`, `iso_alpha3`, `iso_numeric`, `flag`, `currency_status`, `date_modified`) VALUES ('116', '118', 'Pound', 'LBP', '', '1863.15000000', '0', ',', '.', '2', 'LB', 'LBN', '422', 'LB.png', '0', '2016-11-20 12:36:05');
INSERT INTO `5vvgh_currencies` (`currency_id`, `country_id`, `currency_name`, `currency_code`, `currency_symbol`, `currency_rate`, `symbol_position`, `thousand_sign`, `decimal_sign`, `decimal_position`, `iso_alpha2`, `iso_alpha3`, `iso_numeric`, `flag`, `currency_status`, `date_modified`) VALUES ('117', '119', 'Loti', 'LSL', 'L', '17.81100000', '0', ',', '.', '2', 'LS', 'LSO', '426', 'LS.png', '0', '2016-11-20 12:36:05');
INSERT INTO `5vvgh_currencies` (`currency_id`, `country_id`, `currency_name`, `currency_code`, `currency_symbol`, `currency_rate`, `symbol_position`, `thousand_sign`, `decimal_sign`, `decimal_position`, `iso_alpha2`, `iso_alpha3`, `iso_numeric`, `flag`, `currency_status`, `date_modified`) VALUES ('118', '120', 'Dollar', 'LRD', '$', '112.97300000', '0', ',', '.', '2', 'LR', 'LBR', '430', 'LR.png', '0', '2016-11-20 12:36:05');
INSERT INTO `5vvgh_currencies` (`currency_id`, `country_id`, `currency_name`, `currency_code`, `currency_symbol`, `currency_rate`, `symbol_position`, `thousand_sign`, `decimal_sign`, `decimal_position`, `iso_alpha2`, `iso_alpha3`, `iso_numeric`, `flag`, `currency_status`, `date_modified`) VALUES ('119', '121', 'Dinar', 'LYD', '.', '1.74870000', '0', ',', '.', '2', 'LY', 'LBY', '434', 'LY.png', '0', '2016-11-20 12:36:05');
INSERT INTO `5vvgh_currencies` (`currency_id`, `country_id`, `currency_name`, `currency_code`, `currency_symbol`, `currency_rate`, `symbol_position`, `thousand_sign`, `decimal_sign`, `decimal_position`, `iso_alpha2`, `iso_alpha3`, `iso_numeric`, `flag`, `currency_status`, `date_modified`) VALUES ('120', '122', 'Franc', 'CHF', 'CHF', '1.24720000', '0', ',', '.', '2', 'LI', 'LIE', '438', 'LI.png', '0', '2016-11-20 12:36:06');
INSERT INTO `5vvgh_currencies` (`currency_id`, `country_id`, `currency_name`, `currency_code`, `currency_symbol`, `currency_rate`, `symbol_position`, `thousand_sign`, `decimal_sign`, `decimal_position`, `iso_alpha2`, `iso_alpha3`, `iso_numeric`, `flag`, `currency_status`, `date_modified`) VALUES ('121', '123', 'Litas', 'LTL', 'Lt', '3.76420000', '0', ',', '.', '2', 'LT', 'LTU', '440', 'LT.png', '0', '2016-11-20 12:36:06');
INSERT INTO `5vvgh_currencies` (`currency_id`, `country_id`, `currency_name`, `currency_code`, `currency_symbol`, `currency_rate`, `symbol_position`, `thousand_sign`, `decimal_sign`, `decimal_position`, `iso_alpha2`, `iso_alpha3`, `iso_numeric`, `flag`, `currency_status`, `date_modified`) VALUES ('122', '124', 'Euro', 'EUR', '', '1.16570000', '0', ',', '.', '2', 'LU', 'LUX', '442', 'LU.png', '0', '2016-11-20 12:36:06');
INSERT INTO `5vvgh_currencies` (`currency_id`, `country_id`, `currency_name`, `currency_code`, `currency_symbol`, `currency_rate`, `symbol_position`, `thousand_sign`, `decimal_sign`, `decimal_position`, `iso_alpha2`, `iso_alpha3`, `iso_numeric`, `flag`, `currency_status`, `date_modified`) VALUES ('123', '125', 'Pataca', 'MOP', 'MOP', '11.43400000', '0', ',', '.', '2', 'MO', 'MAC', '446', 'MO.png', '0', '2016-11-20 12:36:06');
INSERT INTO `5vvgh_currencies` (`currency_id`, `country_id`, `currency_name`, `currency_code`, `currency_symbol`, `currency_rate`, `symbol_position`, `thousand_sign`, `decimal_sign`, `decimal_position`, `iso_alpha2`, `iso_alpha3`, `iso_numeric`, `flag`, `currency_status`, `date_modified`) VALUES ('124', '140', 'Denar', 'MKD', '', '71.34000000', '0', ',', '.', '2', 'MK', 'MKD', '807', 'MK.png', '0', '2016-11-20 12:36:06');
INSERT INTO `5vvgh_currencies` (`currency_id`, `country_id`, `currency_name`, `currency_code`, `currency_symbol`, `currency_rate`, `symbol_position`, `thousand_sign`, `decimal_sign`, `decimal_position`, `iso_alpha2`, `iso_alpha3`, `iso_numeric`, `flag`, `currency_status`, `date_modified`) VALUES ('125', '127', 'Ariary', 'MGA', 'Ar', '4028.80000000', '0', ',', '.', '2', 'MG', 'MDG', '450', 'MG.png', '0', '2016-11-20 12:36:06');
INSERT INTO `5vvgh_currencies` (`currency_id`, `country_id`, `currency_name`, `currency_code`, `currency_symbol`, `currency_rate`, `symbol_position`, `thousand_sign`, `decimal_sign`, `decimal_position`, `iso_alpha2`, `iso_alpha3`, `iso_numeric`, `flag`, `currency_status`, `date_modified`) VALUES ('126', '128', 'Kwacha', 'MWK', 'MK', '892.26100000', '0', ',', '.', '2', 'MW', 'MWI', '454', 'MW.png', '0', '2016-11-20 12:36:06');
INSERT INTO `5vvgh_currencies` (`currency_id`, `country_id`, `currency_name`, `currency_code`, `currency_symbol`, `currency_rate`, `symbol_position`, `thousand_sign`, `decimal_sign`, `decimal_position`, `iso_alpha2`, `iso_alpha3`, `iso_numeric`, `flag`, `currency_status`, `date_modified`) VALUES ('127', '129', 'Ringgit', 'MYR', 'RM', '5.45620000', '0', ',', '.', '2', 'MY', 'MYS', '458', 'MY.png', '0', '2016-11-20 12:36:06');
INSERT INTO `5vvgh_currencies` (`currency_id`, `country_id`, `currency_name`, `currency_code`, `currency_symbol`, `currency_rate`, `symbol_position`, `thousand_sign`, `decimal_sign`, `decimal_position`, `iso_alpha2`, `iso_alpha3`, `iso_numeric`, `flag`, `currency_status`, `date_modified`) VALUES ('128', '130', 'Rufiyaa', 'MVR', 'Rf', '18.76000000', '0', ',', '.', '2', 'MV', 'MDV', '462', 'MV.png', '0', '2016-11-20 12:36:06');
INSERT INTO `5vvgh_currencies` (`currency_id`, `country_id`, `currency_name`, `currency_code`, `currency_symbol`, `currency_rate`, `symbol_position`, `thousand_sign`, `decimal_sign`, `decimal_position`, `iso_alpha2`, `iso_alpha3`, `iso_numeric`, `flag`, `currency_status`, `date_modified`) VALUES ('129', '131', 'Franc', 'XOF', 'MAF', '766.88000000', '0', ',', '.', '2', 'ML', 'MLI', '466', 'ML.png', '0', '2016-11-20 12:36:06');
INSERT INTO `5vvgh_currencies` (`currency_id`, `country_id`, `currency_name`, `currency_code`, `currency_symbol`, `currency_rate`, `symbol_position`, `thousand_sign`, `decimal_sign`, `decimal_position`, `iso_alpha2`, `iso_alpha3`, `iso_numeric`, `flag`, `currency_status`, `date_modified`) VALUES ('130', '132', 'Lira', 'MTL', 'Lm', '0.00000000', '0', ',', '.', '2', 'MT', 'MLT', '470', 'MT.png', '0', '2016-11-20 12:36:06');
INSERT INTO `5vvgh_currencies` (`currency_id`, `country_id`, `currency_name`, `currency_code`, `currency_symbol`, `currency_rate`, `symbol_position`, `thousand_sign`, `decimal_sign`, `decimal_position`, `iso_alpha2`, `iso_alpha3`, `iso_numeric`, `flag`, `currency_status`, `date_modified`) VALUES ('131', '133', 'Dollar', 'USD', '$', '1.23450000', '0', ',', '.', '2', 'MH', 'MHL', '584', 'MH.png', '0', '2016-11-20 12:36:06');
INSERT INTO `5vvgh_currencies` (`currency_id`, `country_id`, `currency_name`, `currency_code`, `currency_symbol`, `currency_rate`, `symbol_position`, `thousand_sign`, `decimal_sign`, `decimal_position`, `iso_alpha2`, `iso_alpha3`, `iso_numeric`, `flag`, `currency_status`, `date_modified`) VALUES ('132', '134', 'Euro', 'EUR', '', '1.16570000', '0', ',', '.', '2', 'MQ', 'MTQ', '474', 'MQ.png', '0', '2016-11-20 12:36:06');
INSERT INTO `5vvgh_currencies` (`currency_id`, `country_id`, `currency_name`, `currency_code`, `currency_symbol`, `currency_rate`, `symbol_position`, `thousand_sign`, `decimal_sign`, `decimal_position`, `iso_alpha2`, `iso_alpha3`, `iso_numeric`, `flag`, `currency_status`, `date_modified`) VALUES ('133', '135', 'Ouguiya', 'MRO', 'UM', '440.04000000', '0', ',', '.', '2', 'MR', 'MRT', '478', 'MR.png', '0', '2016-11-20 12:36:06');
INSERT INTO `5vvgh_currencies` (`currency_id`, `country_id`, `currency_name`, `currency_code`, `currency_symbol`, `currency_rate`, `symbol_position`, `thousand_sign`, `decimal_sign`, `decimal_position`, `iso_alpha2`, `iso_alpha3`, `iso_numeric`, `flag`, `currency_status`, `date_modified`) VALUES ('134', '136', 'Rupee', 'MUR', '', '44.56000000', '0', ',', '.', '2', 'MU', 'MUS', '480', 'MU.png', '0', '2016-11-20 12:36:06');
INSERT INTO `5vvgh_currencies` (`currency_id`, `country_id`, `currency_name`, `currency_code`, `currency_symbol`, `currency_rate`, `symbol_position`, `thousand_sign`, `decimal_sign`, `decimal_position`, `iso_alpha2`, `iso_alpha3`, `iso_numeric`, `flag`, `currency_status`, `date_modified`) VALUES ('135', '137', 'Euro', 'EUR', '', '1.16570000', '0', ',', '.', '2', 'YT', 'MYT', '175', 'YT.png', '0', '2016-11-20 12:36:06');
INSERT INTO `5vvgh_currencies` (`currency_id`, `country_id`, `currency_name`, `currency_code`, `currency_symbol`, `currency_rate`, `symbol_position`, `thousand_sign`, `decimal_sign`, `decimal_position`, `iso_alpha2`, `iso_alpha3`, `iso_numeric`, `flag`, `currency_status`, `date_modified`) VALUES ('136', '138', 'Peso', 'MXN', '$', '25.49820000', '0', ',', '.', '2', 'MX', 'MEX', '484', 'MX.png', '0', '2016-11-20 12:36:06');
INSERT INTO `5vvgh_currencies` (`currency_id`, `country_id`, `currency_name`, `currency_code`, `currency_symbol`, `currency_rate`, `symbol_position`, `thousand_sign`, `decimal_sign`, `decimal_position`, `iso_alpha2`, `iso_alpha3`, `iso_numeric`, `flag`, `currency_status`, `date_modified`) VALUES ('137', '139', 'Dollar', 'USD', '$', '1.23450000', '0', ',', '.', '2', 'FM', 'FSM', '583', 'FM.png', '0', '2016-11-20 12:36:06');
INSERT INTO `5vvgh_currencies` (`currency_id`, `country_id`, `currency_name`, `currency_code`, `currency_symbol`, `currency_rate`, `symbol_position`, `thousand_sign`, `decimal_sign`, `decimal_position`, `iso_alpha2`, `iso_alpha3`, `iso_numeric`, `flag`, `currency_status`, `date_modified`) VALUES ('138', '140', 'Leu', 'MDL', 'MDL', '24.84200000', '0', ',', '.', '2', 'MD', 'MDA', '498', 'MD.png', '0', '2016-11-20 12:36:06');
INSERT INTO `5vvgh_currencies` (`currency_id`, `country_id`, `currency_name`, `currency_code`, `currency_symbol`, `currency_rate`, `symbol_position`, `thousand_sign`, `decimal_sign`, `decimal_position`, `iso_alpha2`, `iso_alpha3`, `iso_numeric`, `flag`, `currency_status`, `date_modified`) VALUES ('139', '141', 'Euro', 'EUR', '', '1.16570000', '0', ',', '.', '2', 'MC', 'MCO', '492', 'MC.png', '0', '2016-11-20 12:36:06');
INSERT INTO `5vvgh_currencies` (`currency_id`, `country_id`, `currency_name`, `currency_code`, `currency_symbol`, `currency_rate`, `symbol_position`, `thousand_sign`, `decimal_sign`, `decimal_position`, `iso_alpha2`, `iso_alpha3`, `iso_numeric`, `flag`, `currency_status`, `date_modified`) VALUES ('140', '142', 'Tugrik', 'MNT', '', '2990.90990000', '0', ',', '.', '2', 'MN', 'MNG', '496', 'MN.png', '0', '2016-11-20 12:36:06');
INSERT INTO `5vvgh_currencies` (`currency_id`, `country_id`, `currency_name`, `currency_code`, `currency_symbol`, `currency_rate`, `symbol_position`, `thousand_sign`, `decimal_sign`, `decimal_position`, `iso_alpha2`, `iso_alpha3`, `iso_numeric`, `flag`, `currency_status`, `date_modified`) VALUES ('141', '143', 'Dollar', 'XCD', '$', '3.34910000', '0', ',', '.', '2', 'MS', 'MSR', '500', 'MS.png', '0', '2016-11-20 12:36:06');
INSERT INTO `5vvgh_currencies` (`currency_id`, `country_id`, `currency_name`, `currency_code`, `currency_symbol`, `currency_rate`, `symbol_position`, `thousand_sign`, `decimal_sign`, `decimal_position`, `iso_alpha2`, `iso_alpha3`, `iso_numeric`, `flag`, `currency_status`, `date_modified`) VALUES ('142', '144', 'Dirham', 'MAD', '', '12.39900000', '0', ',', '.', '2', 'MA', 'MAR', '504', 'MA.png', '0', '2016-11-20 12:36:06');
INSERT INTO `5vvgh_currencies` (`currency_id`, `country_id`, `currency_name`, `currency_code`, `currency_symbol`, `currency_rate`, `symbol_position`, `thousand_sign`, `decimal_sign`, `decimal_position`, `iso_alpha2`, `iso_alpha3`, `iso_numeric`, `flag`, `currency_status`, `date_modified`) VALUES ('143', '145', 'Meticail', 'MZN', 'MT', '93.78600000', '0', ',', '.', '2', 'MZ', 'MOZ', '508', 'MZ.png', '0', '2016-11-20 12:36:06');
INSERT INTO `5vvgh_currencies` (`currency_id`, `country_id`, `currency_name`, `currency_code`, `currency_symbol`, `currency_rate`, `symbol_position`, `thousand_sign`, `decimal_sign`, `decimal_position`, `iso_alpha2`, `iso_alpha3`, `iso_numeric`, `flag`, `currency_status`, `date_modified`) VALUES ('144', '146', 'Kyat', 'MMK', 'K', '1607.68010000', '0', ',', '.', '2', 'MM', 'MMR', '104', 'MM.png', '0', '2016-11-20 12:36:06');
INSERT INTO `5vvgh_currencies` (`currency_id`, `country_id`, `currency_name`, `currency_code`, `currency_symbol`, `currency_rate`, `symbol_position`, `thousand_sign`, `decimal_sign`, `decimal_position`, `iso_alpha2`, `iso_alpha3`, `iso_numeric`, `flag`, `currency_status`, `date_modified`) VALUES ('145', '147', 'Dollar', 'NAD', '$', '17.84200000', '0', ',', '.', '2', 'NA', 'NAM', '516', 'NA.png', '0', '2016-11-20 12:36:06');
INSERT INTO `5vvgh_currencies` (`currency_id`, `country_id`, `currency_name`, `currency_code`, `currency_symbol`, `currency_rate`, `symbol_position`, `thousand_sign`, `decimal_sign`, `decimal_position`, `iso_alpha2`, `iso_alpha3`, `iso_numeric`, `flag`, `currency_status`, `date_modified`) VALUES ('146', '148', 'Dollar', 'AUD', '$', '1.68120000', '0', ',', '.', '2', 'NR', 'NRU', '520', 'NR.png', '0', '2016-11-20 12:36:06');
INSERT INTO `5vvgh_currencies` (`currency_id`, `country_id`, `currency_name`, `currency_code`, `currency_symbol`, `currency_rate`, `symbol_position`, `thousand_sign`, `decimal_sign`, `decimal_position`, `iso_alpha2`, `iso_alpha3`, `iso_numeric`, `flag`, `currency_status`, `date_modified`) VALUES ('147', '149', 'Rupee', 'NPR', '', '134.93000000', '0', ',', '.', '2', 'NP', 'NPL', '524', 'NP.png', '0', '2016-11-20 12:36:06');
INSERT INTO `5vvgh_currencies` (`currency_id`, `country_id`, `currency_name`, `currency_code`, `currency_symbol`, `currency_rate`, `symbol_position`, `thousand_sign`, `decimal_sign`, `decimal_position`, `iso_alpha2`, `iso_alpha3`, `iso_numeric`, `flag`, `currency_status`, `date_modified`) VALUES ('148', '150', 'Euro', 'EUR', '', '1.16570000', '0', ',', '.', '2', 'NL', 'NLD', '528', 'NL.png', '0', '2016-11-20 12:36:06');
INSERT INTO `5vvgh_currencies` (`currency_id`, `country_id`, `currency_name`, `currency_code`, `currency_symbol`, `currency_rate`, `symbol_position`, `thousand_sign`, `decimal_sign`, `decimal_position`, `iso_alpha2`, `iso_alpha3`, `iso_numeric`, `flag`, `currency_status`, `date_modified`) VALUES ('149', '151', 'Guilder', 'ANG', '', '2.18720000', '0', ',', '.', '2', 'AN', 'ANT', '530', 'AN.png', '0', '2016-11-20 12:36:06');
INSERT INTO `5vvgh_currencies` (`currency_id`, `country_id`, `currency_name`, `currency_code`, `currency_symbol`, `currency_rate`, `symbol_position`, `thousand_sign`, `decimal_sign`, `decimal_position`, `iso_alpha2`, `iso_alpha3`, `iso_numeric`, `flag`, `currency_status`, `date_modified`) VALUES ('150', '152', 'Franc', 'XPF', '', '139.41000000', '0', ',', '.', '2', 'NC', 'NCL', '540', 'NC.png', '0', '2016-11-20 12:36:06');
INSERT INTO `5vvgh_currencies` (`currency_id`, `country_id`, `currency_name`, `currency_code`, `currency_symbol`, `currency_rate`, `symbol_position`, `thousand_sign`, `decimal_sign`, `decimal_position`, `iso_alpha2`, `iso_alpha3`, `iso_numeric`, `flag`, `currency_status`, `date_modified`) VALUES ('151', '153', 'Dollar', 'NZD', '$', '1.75830000', '0', ',', '.', '2', 'NZ', 'NZL', '554', 'NZ.png', '0', '2016-11-20 12:36:06');
INSERT INTO `5vvgh_currencies` (`currency_id`, `country_id`, `currency_name`, `currency_code`, `currency_symbol`, `currency_rate`, `symbol_position`, `thousand_sign`, `decimal_sign`, `decimal_position`, `iso_alpha2`, `iso_alpha3`, `iso_numeric`, `flag`, `currency_status`, `date_modified`) VALUES ('152', '154', 'Cordoba', 'NIO', 'C$', '35.85000000', '0', ',', '.', '2', 'NI', 'NIC', '558', 'NI.png', '0', '2016-11-20 12:36:06');
INSERT INTO `5vvgh_currencies` (`currency_id`, `country_id`, `currency_name`, `currency_code`, `currency_symbol`, `currency_rate`, `symbol_position`, `thousand_sign`, `decimal_sign`, `decimal_position`, `iso_alpha2`, `iso_alpha3`, `iso_numeric`, `flag`, `currency_status`, `date_modified`) VALUES ('153', '155', 'Franc', 'XOF', '', '766.88000000', '0', ',', '.', '2', 'NE', 'NER', '562', 'NE.png', '0', '2016-11-20 12:36:06');
INSERT INTO `5vvgh_currencies` (`currency_id`, `country_id`, `currency_name`, `currency_code`, `currency_symbol`, `currency_rate`, `symbol_position`, `thousand_sign`, `decimal_sign`, `decimal_position`, `iso_alpha2`, `iso_alpha3`, `iso_numeric`, `flag`, `currency_status`, `date_modified`) VALUES ('154', '156', 'Naira', 'NGN', '', '391.21000000', '0', ',', '.', '2', 'NG', 'NGA', '566', 'NG.png', '1', '2016-11-20 12:36:06');
INSERT INTO `5vvgh_currencies` (`currency_id`, `country_id`, `currency_name`, `currency_code`, `currency_symbol`, `currency_rate`, `symbol_position`, `thousand_sign`, `decimal_sign`, `decimal_position`, `iso_alpha2`, `iso_alpha3`, `iso_numeric`, `flag`, `currency_status`, `date_modified`) VALUES ('155', '157', 'Dollar', 'NZD', '$', '1.75830000', '0', ',', '.', '2', 'NU', 'NIU', '570', 'NU.png', '0', '2016-11-20 12:36:06');
INSERT INTO `5vvgh_currencies` (`currency_id`, `country_id`, `currency_name`, `currency_code`, `currency_symbol`, `currency_rate`, `symbol_position`, `thousand_sign`, `decimal_sign`, `decimal_position`, `iso_alpha2`, `iso_alpha3`, `iso_numeric`, `flag`, `currency_status`, `date_modified`) VALUES ('156', '158', 'Dollar', 'AUD', '$', '1.68120000', '0', ',', '.', '2', 'NF', 'NFK', '574', 'NF.png', '0', '2016-11-20 12:36:06');
INSERT INTO `5vvgh_currencies` (`currency_id`, `country_id`, `currency_name`, `currency_code`, `currency_symbol`, `currency_rate`, `symbol_position`, `thousand_sign`, `decimal_sign`, `decimal_position`, `iso_alpha2`, `iso_alpha3`, `iso_numeric`, `flag`, `currency_status`, `date_modified`) VALUES ('157', '112', 'Won', 'KPW', '', '1116.74190000', '0', ',', '.', '2', 'KP', 'PRK', '408', 'KP.png', '0', '2016-11-20 12:36:06');
INSERT INTO `5vvgh_currencies` (`currency_id`, `country_id`, `currency_name`, `currency_code`, `currency_symbol`, `currency_rate`, `symbol_position`, `thousand_sign`, `decimal_sign`, `decimal_position`, `iso_alpha2`, `iso_alpha3`, `iso_numeric`, `flag`, `currency_status`, `date_modified`) VALUES ('158', '159', 'Dollar', 'USD', '$', '1.23450000', '0', ',', '.', '2', 'MP', 'MNP', '580', 'MP.png', '0', '2016-11-20 12:36:06');
INSERT INTO `5vvgh_currencies` (`currency_id`, `country_id`, `currency_name`, `currency_code`, `currency_symbol`, `currency_rate`, `symbol_position`, `thousand_sign`, `decimal_sign`, `decimal_position`, `iso_alpha2`, `iso_alpha3`, `iso_numeric`, `flag`, `currency_status`, `date_modified`) VALUES ('159', '160', 'Krone', 'NOK', 'kr', '10.61000000', '0', ',', '.', '2', 'NO', 'NOR', '578', 'NO.png', '0', '2016-11-20 12:36:06');
INSERT INTO `5vvgh_currencies` (`currency_id`, `country_id`, `currency_name`, `currency_code`, `currency_symbol`, `currency_rate`, `symbol_position`, `thousand_sign`, `decimal_sign`, `decimal_position`, `iso_alpha2`, `iso_alpha3`, `iso_numeric`, `flag`, `currency_status`, `date_modified`) VALUES ('160', '161', 'Rial', 'OMR', '', '0.47370000', '0', ',', '.', '2', 'OM', 'OMN', '512', 'OM.png', '0', '2016-11-20 12:36:06');
INSERT INTO `5vvgh_currencies` (`currency_id`, `country_id`, `currency_name`, `currency_code`, `currency_symbol`, `currency_rate`, `symbol_position`, `thousand_sign`, `decimal_sign`, `decimal_position`, `iso_alpha2`, `iso_alpha3`, `iso_numeric`, `flag`, `currency_status`, `date_modified`) VALUES ('161', '162', 'Rupee', 'PKR', '', '129.26000000', '0', ',', '.', '2', 'PK', 'PAK', '586', 'PK.png', '0', '2016-11-20 12:36:06');
INSERT INTO `5vvgh_currencies` (`currency_id`, `country_id`, `currency_name`, `currency_code`, `currency_symbol`, `currency_rate`, `symbol_position`, `thousand_sign`, `decimal_sign`, `decimal_position`, `iso_alpha2`, `iso_alpha3`, `iso_numeric`, `flag`, `currency_status`, `date_modified`) VALUES ('162', '163', 'Dollar', 'USD', '$', '1.23450000', '0', ',', '.', '2', 'PW', 'PLW', '585', 'PW.png', '0', '2016-11-20 12:36:06');
INSERT INTO `5vvgh_currencies` (`currency_id`, `country_id`, `currency_name`, `currency_code`, `currency_symbol`, `currency_rate`, `symbol_position`, `thousand_sign`, `decimal_sign`, `decimal_position`, `iso_alpha2`, `iso_alpha3`, `iso_numeric`, `flag`, `currency_status`, `date_modified`) VALUES ('163', '0', 'Shekel', 'ILS', '', '4.79540000', '0', ',', '.', '2', 'PS', 'PSE', '275', 'PS.png', '0', '2016-11-20 12:36:06');
INSERT INTO `5vvgh_currencies` (`currency_id`, `country_id`, `currency_name`, `currency_code`, `currency_symbol`, `currency_rate`, `symbol_position`, `thousand_sign`, `decimal_sign`, `decimal_position`, `iso_alpha2`, `iso_alpha3`, `iso_numeric`, `flag`, `currency_status`, `date_modified`) VALUES ('164', '164', 'Balboa', 'PAB', 'B/.', '1.24000000', '0', ',', '.', '2', 'PA', 'PAN', '591', 'PA.png', '0', '2016-11-20 12:36:06');
INSERT INTO `5vvgh_currencies` (`currency_id`, `country_id`, `currency_name`, `currency_code`, `currency_symbol`, `currency_rate`, `symbol_position`, `thousand_sign`, `decimal_sign`, `decimal_position`, `iso_alpha2`, `iso_alpha3`, `iso_numeric`, `flag`, `currency_status`, `date_modified`) VALUES ('165', '165', 'Kina', 'PGK', '', '3.93930000', '0', ',', '.', '2', 'PG', 'PNG', '598', 'PG.png', '0', '2016-11-20 12:36:06');
INSERT INTO `5vvgh_currencies` (`currency_id`, `country_id`, `currency_name`, `currency_code`, `currency_symbol`, `currency_rate`, `symbol_position`, `thousand_sign`, `decimal_sign`, `decimal_position`, `iso_alpha2`, `iso_alpha3`, `iso_numeric`, `flag`, `currency_status`, `date_modified`) VALUES ('166', '166', 'Guarani', 'PYG', 'Gs', '7164.77980000', '0', ',', '.', '2', 'PY', 'PRY', '600', 'PY.png', '0', '2016-11-20 12:36:06');
INSERT INTO `5vvgh_currencies` (`currency_id`, `country_id`, `currency_name`, `currency_code`, `currency_symbol`, `currency_rate`, `symbol_position`, `thousand_sign`, `decimal_sign`, `decimal_position`, `iso_alpha2`, `iso_alpha3`, `iso_numeric`, `flag`, `currency_status`, `date_modified`) VALUES ('167', '167', 'Sol', 'PEN', 'S/.', '4.19850000', '0', ',', '.', '2', 'PE', 'PER', '604', 'PE.png', '0', '2016-11-20 12:36:06');
INSERT INTO `5vvgh_currencies` (`currency_id`, `country_id`, `currency_name`, `currency_code`, `currency_symbol`, `currency_rate`, `symbol_position`, `thousand_sign`, `decimal_sign`, `decimal_position`, `iso_alpha2`, `iso_alpha3`, `iso_numeric`, `flag`, `currency_status`, `date_modified`) VALUES ('168', '168', 'Peso', 'PHP', 'Php', '61.33300000', '0', ',', '.', '2', 'PH', 'PHL', '608', 'PH.png', '0', '2016-11-20 12:36:06');
INSERT INTO `5vvgh_currencies` (`currency_id`, `country_id`, `currency_name`, `currency_code`, `currency_symbol`, `currency_rate`, `symbol_position`, `thousand_sign`, `decimal_sign`, `decimal_position`, `iso_alpha2`, `iso_alpha3`, `iso_numeric`, `flag`, `currency_status`, `date_modified`) VALUES ('169', '169', 'Dollar', 'NZD', '$', '1.75830000', '0', ',', '.', '2', 'PN', 'PCN', '612', 'PN.png', '0', '2016-11-20 12:36:06');
INSERT INTO `5vvgh_currencies` (`currency_id`, `country_id`, `currency_name`, `currency_code`, `currency_symbol`, `currency_rate`, `symbol_position`, `thousand_sign`, `decimal_sign`, `decimal_position`, `iso_alpha2`, `iso_alpha3`, `iso_numeric`, `flag`, `currency_status`, `date_modified`) VALUES ('170', '170', 'Zloty', 'PLN', 'z', '5.16780000', '0', ',', '.', '2', 'PL', 'POL', '616', 'PL.png', '0', '2016-11-20 12:36:06');
INSERT INTO `5vvgh_currencies` (`currency_id`, `country_id`, `currency_name`, `currency_code`, `currency_symbol`, `currency_rate`, `symbol_position`, `thousand_sign`, `decimal_sign`, `decimal_position`, `iso_alpha2`, `iso_alpha3`, `iso_numeric`, `flag`, `currency_status`, `date_modified`) VALUES ('171', '171', 'Euro', 'EUR', '', '1.16570000', '0', ',', '.', '2', 'PT', 'PRT', '620', 'PT.png', '0', '2016-11-20 12:36:06');
INSERT INTO `5vvgh_currencies` (`currency_id`, `country_id`, `currency_name`, `currency_code`, `currency_symbol`, `currency_rate`, `symbol_position`, `thousand_sign`, `decimal_sign`, `decimal_position`, `iso_alpha2`, `iso_alpha3`, `iso_numeric`, `flag`, `currency_status`, `date_modified`) VALUES ('172', '172', 'Dollar', 'USD', '$', '1.23450000', '0', ',', '.', '2', 'PR', 'PRI', '630', 'PR.png', '0', '2016-11-20 12:36:06');
INSERT INTO `5vvgh_currencies` (`currency_id`, `country_id`, `currency_name`, `currency_code`, `currency_symbol`, `currency_rate`, `symbol_position`, `thousand_sign`, `decimal_sign`, `decimal_position`, `iso_alpha2`, `iso_alpha3`, `iso_numeric`, `flag`, `currency_status`, `date_modified`) VALUES ('173', '173', 'Rial', 'QAR', '', '4.49500000', '0', ',', '.', '2', 'QA', 'QAT', '634', 'QA.png', '0', '2016-11-20 12:36:06');
INSERT INTO `5vvgh_currencies` (`currency_id`, `country_id`, `currency_name`, `currency_code`, `currency_symbol`, `currency_rate`, `symbol_position`, `thousand_sign`, `decimal_sign`, `decimal_position`, `iso_alpha2`, `iso_alpha3`, `iso_numeric`, `flag`, `currency_status`, `date_modified`) VALUES ('174', '49', 'Franc', 'XAF', 'FCF', '766.88000000', '0', ',', '.', '2', 'CG', 'COG', '178', 'CG.png', '0', '2016-11-20 12:36:06');
INSERT INTO `5vvgh_currencies` (`currency_id`, `country_id`, `currency_name`, `currency_code`, `currency_symbol`, `currency_rate`, `symbol_position`, `thousand_sign`, `decimal_sign`, `decimal_position`, `iso_alpha2`, `iso_alpha3`, `iso_numeric`, `flag`, `currency_status`, `date_modified`) VALUES ('175', '174', 'Euro', 'EUR', '', '1.16570000', '0', ',', '.', '2', 'RE', 'REU', '638', 'RE.png', '0', '2016-11-20 12:36:06');
INSERT INTO `5vvgh_currencies` (`currency_id`, `country_id`, `currency_name`, `currency_code`, `currency_symbol`, `currency_rate`, `symbol_position`, `thousand_sign`, `decimal_sign`, `decimal_position`, `iso_alpha2`, `iso_alpha3`, `iso_numeric`, `flag`, `currency_status`, `date_modified`) VALUES ('176', '175', 'Leu', 'RON', 'lei', '5.24900000', '0', ',', '.', '2', 'RO', 'ROU', '642', 'RO.png', '0', '2016-11-20 12:36:06');
INSERT INTO `5vvgh_currencies` (`currency_id`, `country_id`, `currency_name`, `currency_code`, `currency_symbol`, `currency_rate`, `symbol_position`, `thousand_sign`, `decimal_sign`, `decimal_position`, `iso_alpha2`, `iso_alpha3`, `iso_numeric`, `flag`, `currency_status`, `date_modified`) VALUES ('177', '176', 'Ruble', 'RUB', '', '79.84000000', '0', ',', '.', '2', 'RU', 'RUS', '643', 'RU.png', '0', '2016-11-20 12:36:06');
INSERT INTO `5vvgh_currencies` (`currency_id`, `country_id`, `currency_name`, `currency_code`, `currency_symbol`, `currency_rate`, `symbol_position`, `thousand_sign`, `decimal_sign`, `decimal_position`, `iso_alpha2`, `iso_alpha3`, `iso_numeric`, `flag`, `currency_status`, `date_modified`) VALUES ('178', '177', 'Franc', 'RWF', '', '1006.15000000', '0', ',', '.', '2', 'RW', 'RWA', '646', 'RW.png', '0', '2016-11-20 12:36:06');
INSERT INTO `5vvgh_currencies` (`currency_id`, `country_id`, `currency_name`, `currency_code`, `currency_symbol`, `currency_rate`, `symbol_position`, `thousand_sign`, `decimal_sign`, `decimal_position`, `iso_alpha2`, `iso_alpha3`, `iso_numeric`, `flag`, `currency_status`, `date_modified`) VALUES ('179', '179', 'Pound', 'SHP', '', '1.00000000', '0', ',', '.', '2', 'SH', 'SHN', '654', 'SH.png', '0', '2016-11-20 12:36:06');
INSERT INTO `5vvgh_currencies` (`currency_id`, `country_id`, `currency_name`, `currency_code`, `currency_symbol`, `currency_rate`, `symbol_position`, `thousand_sign`, `decimal_sign`, `decimal_position`, `iso_alpha2`, `iso_alpha3`, `iso_numeric`, `flag`, `currency_status`, `date_modified`) VALUES ('180', '178', 'Dollar', 'XCD', '$', '3.34910000', '0', ',', '.', '2', 'KN', 'KNA', '659', 'KN.png', '0', '2016-11-20 12:36:06');
INSERT INTO `5vvgh_currencies` (`currency_id`, `country_id`, `currency_name`, `currency_code`, `currency_symbol`, `currency_rate`, `symbol_position`, `thousand_sign`, `decimal_sign`, `decimal_position`, `iso_alpha2`, `iso_alpha3`, `iso_numeric`, `flag`, `currency_status`, `date_modified`) VALUES ('181', '179', 'Dollar', 'XCD', '$', '3.34910000', '0', ',', '.', '2', 'LC', 'LCA', '662', 'LC.png', '0', '2016-11-20 12:36:06');
INSERT INTO `5vvgh_currencies` (`currency_id`, `country_id`, `currency_name`, `currency_code`, `currency_symbol`, `currency_rate`, `symbol_position`, `thousand_sign`, `decimal_sign`, `decimal_position`, `iso_alpha2`, `iso_alpha3`, `iso_numeric`, `flag`, `currency_status`, `date_modified`) VALUES ('182', '180', 'Euro', 'EUR', '', '1.16570000', '0', ',', '.', '2', 'PM', 'SPM', '666', 'PM.png', '0', '2016-11-20 12:36:06');
INSERT INTO `5vvgh_currencies` (`currency_id`, `country_id`, `currency_name`, `currency_code`, `currency_symbol`, `currency_rate`, `symbol_position`, `thousand_sign`, `decimal_sign`, `decimal_position`, `iso_alpha2`, `iso_alpha3`, `iso_numeric`, `flag`, `currency_status`, `date_modified`) VALUES ('183', '180', 'Dollar', 'XCD', '$', '3.34910000', '0', ',', '.', '2', 'VC', 'VCT', '670', 'VC.png', '0', '2016-11-20 12:36:06');
INSERT INTO `5vvgh_currencies` (`currency_id`, `country_id`, `currency_name`, `currency_code`, `currency_symbol`, `currency_rate`, `symbol_position`, `thousand_sign`, `decimal_sign`, `decimal_position`, `iso_alpha2`, `iso_alpha3`, `iso_numeric`, `flag`, `currency_status`, `date_modified`) VALUES ('184', '181', 'Tala', 'WST', 'WS$', '3.17440000', '0', ',', '.', '2', 'WS', 'WSM', '882', 'WS.png', '0', '2016-11-20 12:36:06');
INSERT INTO `5vvgh_currencies` (`currency_id`, `country_id`, `currency_name`, `currency_code`, `currency_symbol`, `currency_rate`, `symbol_position`, `thousand_sign`, `decimal_sign`, `decimal_position`, `iso_alpha2`, `iso_alpha3`, `iso_numeric`, `flag`, `currency_status`, `date_modified`) VALUES ('185', '182', 'Euro', 'EUR', '', '1.16570000', '0', ',', '.', '2', 'SM', 'SMR', '674', 'SM.png', '0', '2016-11-20 12:36:06');
INSERT INTO `5vvgh_currencies` (`currency_id`, `country_id`, `currency_name`, `currency_code`, `currency_symbol`, `currency_rate`, `symbol_position`, `thousand_sign`, `decimal_sign`, `decimal_position`, `iso_alpha2`, `iso_alpha3`, `iso_numeric`, `flag`, `currency_status`, `date_modified`) VALUES ('186', '183', 'Dobra', 'STD', 'Db', '28483.00000000', '0', ',', '.', '2', 'ST', 'STP', '678', 'ST.png', '0', '2016-11-20 12:36:06');
INSERT INTO `5vvgh_currencies` (`currency_id`, `country_id`, `currency_name`, `currency_code`, `currency_symbol`, `currency_rate`, `symbol_position`, `thousand_sign`, `decimal_sign`, `decimal_position`, `iso_alpha2`, `iso_alpha3`, `iso_numeric`, `flag`, `currency_status`, `date_modified`) VALUES ('187', '184', 'Rial', 'SAR', '', '4.62600000', '0', ',', '.', '2', 'SA', 'SAU', '682', 'SA.png', '0', '2016-11-20 12:36:06');
INSERT INTO `5vvgh_currencies` (`currency_id`, `country_id`, `currency_name`, `currency_code`, `currency_symbol`, `currency_rate`, `symbol_position`, `thousand_sign`, `decimal_sign`, `decimal_position`, `iso_alpha2`, `iso_alpha3`, `iso_numeric`, `flag`, `currency_status`, `date_modified`) VALUES ('188', '185', 'Franc', 'XOF', '', '766.88000000', '0', ',', '.', '2', 'SN', 'SEN', '686', 'SN.png', '0', '2016-11-20 12:36:06');
INSERT INTO `5vvgh_currencies` (`currency_id`, `country_id`, `currency_name`, `currency_code`, `currency_symbol`, `currency_rate`, `symbol_position`, `thousand_sign`, `decimal_sign`, `decimal_position`, `iso_alpha2`, `iso_alpha3`, `iso_numeric`, `flag`, `currency_status`, `date_modified`) VALUES ('189', '142', 'Dinar', 'RSD', '', '143.15500000', '0', ',', '.', '2', 'CS', 'SCG', '891', 'CS.png', '0', '2016-11-20 12:36:06');
INSERT INTO `5vvgh_currencies` (`currency_id`, `country_id`, `currency_name`, `currency_code`, `currency_symbol`, `currency_rate`, `symbol_position`, `thousand_sign`, `decimal_sign`, `decimal_position`, `iso_alpha2`, `iso_alpha3`, `iso_numeric`, `flag`, `currency_status`, `date_modified`) VALUES ('190', '186', 'Rupee', 'SCR', '', '16.70470000', '0', ',', '.', '2', 'SC', 'SYC', '690', 'SC.png', '0', '2016-11-20 12:36:06');
INSERT INTO `5vvgh_currencies` (`currency_id`, `country_id`, `currency_name`, `currency_code`, `currency_symbol`, `currency_rate`, `symbol_position`, `thousand_sign`, `decimal_sign`, `decimal_position`, `iso_alpha2`, `iso_alpha3`, `iso_numeric`, `flag`, `currency_status`, `date_modified`) VALUES ('191', '187', 'Leone', 'SLL', 'Le', '6920.31010000', '0', ',', '.', '2', 'SL', 'SLE', '694', 'SL.png', '0', '2016-11-20 12:36:06');
INSERT INTO `5vvgh_currencies` (`currency_id`, `country_id`, `currency_name`, `currency_code`, `currency_symbol`, `currency_rate`, `symbol_position`, `thousand_sign`, `decimal_sign`, `decimal_position`, `iso_alpha2`, `iso_alpha3`, `iso_numeric`, `flag`, `currency_status`, `date_modified`) VALUES ('192', '188', 'Dollar', 'SGD', '$', '1.75600000', '0', ',', '.', '2', 'SG', 'SGP', '702', 'SG.png', '0', '2016-11-20 12:36:06');
INSERT INTO `5vvgh_currencies` (`currency_id`, `country_id`, `currency_name`, `currency_code`, `currency_symbol`, `currency_rate`, `symbol_position`, `thousand_sign`, `decimal_sign`, `decimal_position`, `iso_alpha2`, `iso_alpha3`, `iso_numeric`, `flag`, `currency_status`, `date_modified`) VALUES ('193', '189', 'Koruna', 'SKK', 'Sk', '0.00000000', '0', ',', '.', '2', 'SK', 'SVK', '703', 'SK.png', '0', '2016-11-20 12:36:06');
INSERT INTO `5vvgh_currencies` (`currency_id`, `country_id`, `currency_name`, `currency_code`, `currency_symbol`, `currency_rate`, `symbol_position`, `thousand_sign`, `decimal_sign`, `decimal_position`, `iso_alpha2`, `iso_alpha3`, `iso_numeric`, `flag`, `currency_status`, `date_modified`) VALUES ('194', '190', 'Euro', 'EUR', '', '1.16570000', '0', ',', '.', '2', 'SI', 'SVN', '705', 'SI.png', '0', '2016-11-20 12:36:06');
INSERT INTO `5vvgh_currencies` (`currency_id`, `country_id`, `currency_name`, `currency_code`, `currency_symbol`, `currency_rate`, `symbol_position`, `thousand_sign`, `decimal_sign`, `decimal_position`, `iso_alpha2`, `iso_alpha3`, `iso_numeric`, `flag`, `currency_status`, `date_modified`) VALUES ('195', '191', 'Dollar', 'SBD', '$', '9.81560000', '0', ',', '.', '2', 'SB', 'SLB', '90', 'SB.png', '0', '2016-11-20 12:36:06');
INSERT INTO `5vvgh_currencies` (`currency_id`, `country_id`, `currency_name`, `currency_code`, `currency_symbol`, `currency_rate`, `symbol_position`, `thousand_sign`, `decimal_sign`, `decimal_position`, `iso_alpha2`, `iso_alpha3`, `iso_numeric`, `flag`, `currency_status`, `date_modified`) VALUES ('196', '192', 'Shilling', 'SOS', 'S', '667.55000000', '0', ',', '.', '2', 'SO', 'SOM', '706', 'SO.png', '0', '2016-11-20 12:36:06');
INSERT INTO `5vvgh_currencies` (`currency_id`, `country_id`, `currency_name`, `currency_code`, `currency_symbol`, `currency_rate`, `symbol_position`, `thousand_sign`, `decimal_sign`, `decimal_position`, `iso_alpha2`, `iso_alpha3`, `iso_numeric`, `flag`, `currency_status`, `date_modified`) VALUES ('197', '193', 'Rand', 'ZAR', 'R', '17.83530000', '0', ',', '.', '2', 'ZA', 'ZAF', '710', 'ZA.png', '0', '2016-11-20 12:36:06');
INSERT INTO `5vvgh_currencies` (`currency_id`, `country_id`, `currency_name`, `currency_code`, `currency_symbol`, `currency_rate`, `symbol_position`, `thousand_sign`, `decimal_sign`, `decimal_position`, `iso_alpha2`, `iso_alpha3`, `iso_numeric`, `flag`, `currency_status`, `date_modified`) VALUES ('198', '113', 'Pound', 'GBP', '', '1.00000000', '0', ',', '.', '2', 'GS', 'SGS', '239', 'GS.png', '0', '2016-11-20 12:36:06');
INSERT INTO `5vvgh_currencies` (`currency_id`, `country_id`, `currency_name`, `currency_code`, `currency_symbol`, `currency_rate`, `symbol_position`, `thousand_sign`, `decimal_sign`, `decimal_position`, `iso_alpha2`, `iso_alpha3`, `iso_numeric`, `flag`, `currency_status`, `date_modified`) VALUES ('199', '194', 'Won', 'KRW', '', '1455.05000000', '0', ',', '.', '2', 'KR', 'KOR', '410', 'KR.png', '0', '2016-11-20 12:36:06');
INSERT INTO `5vvgh_currencies` (`currency_id`, `country_id`, `currency_name`, `currency_code`, `currency_symbol`, `currency_rate`, `symbol_position`, `thousand_sign`, `decimal_sign`, `decimal_position`, `iso_alpha2`, `iso_alpha3`, `iso_numeric`, `flag`, `currency_status`, `date_modified`) VALUES ('200', '195', 'Euro', 'EUR', '', '1.16570000', '0', ',', '.', '2', 'ES', 'ESP', '724', 'ES.png', '0', '2016-11-20 12:36:06');
INSERT INTO `5vvgh_currencies` (`currency_id`, `country_id`, `currency_name`, `currency_code`, `currency_symbol`, `currency_rate`, `symbol_position`, `thousand_sign`, `decimal_sign`, `decimal_position`, `iso_alpha2`, `iso_alpha3`, `iso_numeric`, `flag`, `currency_status`, `date_modified`) VALUES ('201', '196', 'Rupee', 'LKR', '', '183.80000000', '0', ',', '.', '2', 'LK', 'LKA', '144', 'LK.png', '0', '2016-11-20 12:36:06');
INSERT INTO `5vvgh_currencies` (`currency_id`, `country_id`, `currency_name`, `currency_code`, `currency_symbol`, `currency_rate`, `symbol_position`, `thousand_sign`, `decimal_sign`, `decimal_position`, `iso_alpha2`, `iso_alpha3`, `iso_numeric`, `flag`, `currency_status`, `date_modified`) VALUES ('202', '199', 'Dinar', 'SDD', '', '0.00000000', '0', ',', '.', '2', 'SD', 'SDN', '736', 'SD.png', '0', '2016-11-20 12:36:06');
INSERT INTO `5vvgh_currencies` (`currency_id`, `country_id`, `currency_name`, `currency_code`, `currency_symbol`, `currency_rate`, `symbol_position`, `thousand_sign`, `decimal_sign`, `decimal_position`, `iso_alpha2`, `iso_alpha3`, `iso_numeric`, `flag`, `currency_status`, `date_modified`) VALUES ('203', '200', 'Dollar', 'SRD', '$', '8.93170000', '0', ',', '.', '2', 'SR', 'SUR', '740', 'SR.png', '0', '2016-11-20 12:36:06');
INSERT INTO `5vvgh_currencies` (`currency_id`, `country_id`, `currency_name`, `currency_code`, `currency_symbol`, `currency_rate`, `symbol_position`, `thousand_sign`, `decimal_sign`, `decimal_position`, `iso_alpha2`, `iso_alpha3`, `iso_numeric`, `flag`, `currency_status`, `date_modified`) VALUES ('204', '0', 'Krone', 'NOK', 'kr', '10.61000000', '0', ',', '.', '2', 'SJ', 'SJM', '744', 'SJ.png', '0', '2016-11-20 12:36:06');
INSERT INTO `5vvgh_currencies` (`currency_id`, `country_id`, `currency_name`, `currency_code`, `currency_symbol`, `currency_rate`, `symbol_position`, `thousand_sign`, `decimal_sign`, `decimal_position`, `iso_alpha2`, `iso_alpha3`, `iso_numeric`, `flag`, `currency_status`, `date_modified`) VALUES ('205', '202', 'Lilangeni', 'SZL', '', '17.99500000', '0', ',', '.', '2', 'SZ', 'SWZ', '748', 'SZ.png', '0', '2016-11-20 12:36:06');
INSERT INTO `5vvgh_currencies` (`currency_id`, `country_id`, `currency_name`, `currency_code`, `currency_symbol`, `currency_rate`, `symbol_position`, `thousand_sign`, `decimal_sign`, `decimal_position`, `iso_alpha2`, `iso_alpha3`, `iso_numeric`, `flag`, `currency_status`, `date_modified`) VALUES ('206', '203', 'Krona', 'SEK', 'kr', '11.43900000', '0', ',', '.', '2', 'SE', 'SWE', '752', 'SE.png', '0', '2016-11-20 12:36:06');
INSERT INTO `5vvgh_currencies` (`currency_id`, `country_id`, `currency_name`, `currency_code`, `currency_symbol`, `currency_rate`, `symbol_position`, `thousand_sign`, `decimal_sign`, `decimal_position`, `iso_alpha2`, `iso_alpha3`, `iso_numeric`, `flag`, `currency_status`, `date_modified`) VALUES ('207', '204', 'Franc', 'CHF', 'CHF', '1.24720000', '0', ',', '.', '2', 'CH', 'CHE', '756', 'CH.png', '0', '2016-11-20 12:36:06');
INSERT INTO `5vvgh_currencies` (`currency_id`, `country_id`, `currency_name`, `currency_code`, `currency_symbol`, `currency_rate`, `symbol_position`, `thousand_sign`, `decimal_sign`, `decimal_position`, `iso_alpha2`, `iso_alpha3`, `iso_numeric`, `flag`, `currency_status`, `date_modified`) VALUES ('208', '205', 'Pound', 'SYP', '', '635.97400000', '0', ',', '.', '2', 'SY', 'SYR', '760', 'SY.png', '0', '2016-11-20 12:36:06');
INSERT INTO `5vvgh_currencies` (`currency_id`, `country_id`, `currency_name`, `currency_code`, `currency_symbol`, `currency_rate`, `symbol_position`, `thousand_sign`, `decimal_sign`, `decimal_position`, `iso_alpha2`, `iso_alpha3`, `iso_numeric`, `flag`, `currency_status`, `date_modified`) VALUES ('209', '206', 'Dollar', 'TWD', 'NT$', '39.51600000', '0', ',', '.', '2', 'TW', 'TWN', '158', 'TW.png', '0', '2016-11-20 12:36:06');
INSERT INTO `5vvgh_currencies` (`currency_id`, `country_id`, `currency_name`, `currency_code`, `currency_symbol`, `currency_rate`, `symbol_position`, `thousand_sign`, `decimal_sign`, `decimal_position`, `iso_alpha2`, `iso_alpha3`, `iso_numeric`, `flag`, `currency_status`, `date_modified`) VALUES ('210', '207', 'Somoni', 'TJS', '', '9.75280000', '0', ',', '.', '2', 'TJ', 'TJK', '762', 'TJ.png', '0', '2016-11-20 12:36:06');
INSERT INTO `5vvgh_currencies` (`currency_id`, `country_id`, `currency_name`, `currency_code`, `currency_symbol`, `currency_rate`, `symbol_position`, `thousand_sign`, `decimal_sign`, `decimal_position`, `iso_alpha2`, `iso_alpha3`, `iso_numeric`, `flag`, `currency_status`, `date_modified`) VALUES ('211', '208', 'Shilling', 'TZS', '', '2692.12010000', '0', ',', '.', '2', 'TZ', 'TZA', '834', 'TZ.png', '0', '2016-11-20 12:36:06');
INSERT INTO `5vvgh_currencies` (`currency_id`, `country_id`, `currency_name`, `currency_code`, `currency_symbol`, `currency_rate`, `symbol_position`, `thousand_sign`, `decimal_sign`, `decimal_position`, `iso_alpha2`, `iso_alpha3`, `iso_numeric`, `flag`, `currency_status`, `date_modified`) VALUES ('212', '209', 'Baht', 'THB', '', '43.85000000', '0', ',', '.', '2', 'TH', 'THA', '764', 'TH.png', '0', '2016-11-20 12:36:06');
INSERT INTO `5vvgh_currencies` (`currency_id`, `country_id`, `currency_name`, `currency_code`, `currency_symbol`, `currency_rate`, `symbol_position`, `thousand_sign`, `decimal_sign`, `decimal_position`, `iso_alpha2`, `iso_alpha3`, `iso_numeric`, `flag`, `currency_status`, `date_modified`) VALUES ('213', '210', 'Franc', 'XOF', '', '766.88000000', '0', ',', '.', '2', 'TG', 'TGO', '768', 'TG.png', '0', '2016-11-20 12:36:06');
INSERT INTO `5vvgh_currencies` (`currency_id`, `country_id`, `currency_name`, `currency_code`, `currency_symbol`, `currency_rate`, `symbol_position`, `thousand_sign`, `decimal_sign`, `decimal_position`, `iso_alpha2`, `iso_alpha3`, `iso_numeric`, `flag`, `currency_status`, `date_modified`) VALUES ('214', '211', 'Dollar', 'NZD', '$', '1.75830000', '0', ',', '.', '2', 'TK', 'TKL', '772', 'TK.png', '0', '2016-11-20 12:36:06');
INSERT INTO `5vvgh_currencies` (`currency_id`, `country_id`, `currency_name`, `currency_code`, `currency_symbol`, `currency_rate`, `symbol_position`, `thousand_sign`, `decimal_sign`, `decimal_position`, `iso_alpha2`, `iso_alpha3`, `iso_numeric`, `flag`, `currency_status`, `date_modified`) VALUES ('215', '212', 'Pa\'anga', 'TOP', 'T$', '2.82540000', '0', ',', '.', '2', 'TO', 'TON', '776', 'TO.png', '0', '2016-11-20 12:36:06');
INSERT INTO `5vvgh_currencies` (`currency_id`, `country_id`, `currency_name`, `currency_code`, `currency_symbol`, `currency_rate`, `symbol_position`, `thousand_sign`, `decimal_sign`, `decimal_position`, `iso_alpha2`, `iso_alpha3`, `iso_numeric`, `flag`, `currency_status`, `date_modified`) VALUES ('216', '213', 'Dollar', 'TTD', 'TT$', '8.30200000', '0', ',', '.', '2', 'TT', 'TTO', '780', 'TT.png', '0', '2016-11-20 12:36:06');
INSERT INTO `5vvgh_currencies` (`currency_id`, `country_id`, `currency_name`, `currency_code`, `currency_symbol`, `currency_rate`, `symbol_position`, `thousand_sign`, `decimal_sign`, `decimal_position`, `iso_alpha2`, `iso_alpha3`, `iso_numeric`, `flag`, `currency_status`, `date_modified`) VALUES ('217', '214', 'Dinar', 'TND', '', '2.82620000', '0', ',', '.', '2', 'TN', 'TUN', '788', 'TN.png', '0', '2016-11-20 12:36:06');
INSERT INTO `5vvgh_currencies` (`currency_id`, `country_id`, `currency_name`, `currency_code`, `currency_symbol`, `currency_rate`, `symbol_position`, `thousand_sign`, `decimal_sign`, `decimal_position`, `iso_alpha2`, `iso_alpha3`, `iso_numeric`, `flag`, `currency_status`, `date_modified`) VALUES ('218', '215', 'Lira', 'TRY', 'YTL', '4.16740000', '0', ',', '.', '2', 'TR', 'TUR', '792', 'TR.png', '0', '2016-11-20 12:36:06');
INSERT INTO `5vvgh_currencies` (`currency_id`, `country_id`, `currency_name`, `currency_code`, `currency_symbol`, `currency_rate`, `symbol_position`, `thousand_sign`, `decimal_sign`, `decimal_position`, `iso_alpha2`, `iso_alpha3`, `iso_numeric`, `flag`, `currency_status`, `date_modified`) VALUES ('219', '216', 'Manat', 'TMM', 'm', '0.00000000', '0', ',', '.', '2', 'TM', 'TKM', '795', 'TM.png', '0', '2016-11-20 12:36:06');
INSERT INTO `5vvgh_currencies` (`currency_id`, `country_id`, `currency_name`, `currency_code`, `currency_symbol`, `currency_rate`, `symbol_position`, `thousand_sign`, `decimal_sign`, `decimal_position`, `iso_alpha2`, `iso_alpha3`, `iso_numeric`, `flag`, `currency_status`, `date_modified`) VALUES ('220', '217', 'Dollar', 'USD', '$', '1.23450000', '0', ',', '.', '2', 'TC', 'TCA', '796', 'TC.png', '0', '2016-11-20 12:36:06');
INSERT INTO `5vvgh_currencies` (`currency_id`, `country_id`, `currency_name`, `currency_code`, `currency_symbol`, `currency_rate`, `symbol_position`, `thousand_sign`, `decimal_sign`, `decimal_position`, `iso_alpha2`, `iso_alpha3`, `iso_numeric`, `flag`, `currency_status`, `date_modified`) VALUES ('221', '218', 'Dollar', 'AUD', '$', '1.68120000', '0', ',', '.', '2', 'TV', 'TUV', '798', 'TV.png', '0', '2016-11-20 12:36:06');
INSERT INTO `5vvgh_currencies` (`currency_id`, `country_id`, `currency_name`, `currency_code`, `currency_symbol`, `currency_rate`, `symbol_position`, `thousand_sign`, `decimal_sign`, `decimal_position`, `iso_alpha2`, `iso_alpha3`, `iso_numeric`, `flag`, `currency_status`, `date_modified`) VALUES ('222', '232', 'Dollar', 'USD', '$', '1.23450000', '0', ',', '.', '2', 'VI', 'VIR', '850', 'VI.png', '0', '2016-11-20 12:36:06');
INSERT INTO `5vvgh_currencies` (`currency_id`, `country_id`, `currency_name`, `currency_code`, `currency_symbol`, `currency_rate`, `symbol_position`, `thousand_sign`, `decimal_sign`, `decimal_position`, `iso_alpha2`, `iso_alpha3`, `iso_numeric`, `flag`, `currency_status`, `date_modified`) VALUES ('223', '219', 'Shilling', 'UGX', '', '4439.89990000', '0', ',', '.', '2', 'UG', 'UGA', '800', 'UG.png', '0', '2016-11-20 12:36:06');
INSERT INTO `5vvgh_currencies` (`currency_id`, `country_id`, `currency_name`, `currency_code`, `currency_symbol`, `currency_rate`, `symbol_position`, `thousand_sign`, `decimal_sign`, `decimal_position`, `iso_alpha2`, `iso_alpha3`, `iso_numeric`, `flag`, `currency_status`, `date_modified`) VALUES ('224', '220', 'Hryvnia', 'UAH', '', '32.06860000', '0', ',', '.', '2', 'UA', 'UKR', '804', 'UA.png', '0', '2016-11-20 12:36:06');
INSERT INTO `5vvgh_currencies` (`currency_id`, `country_id`, `currency_name`, `currency_code`, `currency_symbol`, `currency_rate`, `symbol_position`, `thousand_sign`, `decimal_sign`, `decimal_position`, `iso_alpha2`, `iso_alpha3`, `iso_numeric`, `flag`, `currency_status`, `date_modified`) VALUES ('225', '221', 'Dirham', 'AED', '', '4.53360000', '0', ',', '.', '2', 'AE', 'ARE', '784', 'AE.png', '0', '2016-11-20 12:36:06');
INSERT INTO `5vvgh_currencies` (`currency_id`, `country_id`, `currency_name`, `currency_code`, `currency_symbol`, `currency_rate`, `symbol_position`, `thousand_sign`, `decimal_sign`, `decimal_position`, `iso_alpha2`, `iso_alpha3`, `iso_numeric`, `flag`, `currency_status`, `date_modified`) VALUES ('226', '222', 'Pound', 'GBP', '', '1.00000000', '0', ',', '.', '2', 'GB', 'GBR', '826', 'GB.png', '1', '2016-11-20 12:36:06');
INSERT INTO `5vvgh_currencies` (`currency_id`, `country_id`, `currency_name`, `currency_code`, `currency_symbol`, `currency_rate`, `symbol_position`, `thousand_sign`, `decimal_sign`, `decimal_position`, `iso_alpha2`, `iso_alpha3`, `iso_numeric`, `flag`, `currency_status`, `date_modified`) VALUES ('227', '223', 'Dollar', 'USD', '$', '1.23450000', '0', ',', '.', '2', 'US', 'USA', '840', 'US.png', '0', '2016-11-20 12:36:06');
INSERT INTO `5vvgh_currencies` (`currency_id`, `country_id`, `currency_name`, `currency_code`, `currency_symbol`, `currency_rate`, `symbol_position`, `thousand_sign`, `decimal_sign`, `decimal_position`, `iso_alpha2`, `iso_alpha3`, `iso_numeric`, `flag`, `currency_status`, `date_modified`) VALUES ('228', '224', 'Dollar ', 'USD', '$', '1.23450000', '0', ',', '.', '2', 'UM', 'UMI', '581', 'UM.png', '0', '2016-11-20 12:36:06');
INSERT INTO `5vvgh_currencies` (`currency_id`, `country_id`, `currency_name`, `currency_code`, `currency_symbol`, `currency_rate`, `symbol_position`, `thousand_sign`, `decimal_sign`, `decimal_position`, `iso_alpha2`, `iso_alpha3`, `iso_numeric`, `flag`, `currency_status`, `date_modified`) VALUES ('229', '225', 'Peso', 'UYU', '$U', '34.68200000', '0', ',', '.', '2', 'UY', 'URY', '858', 'UY.png', '0', '2016-11-20 12:36:06');
INSERT INTO `5vvgh_currencies` (`currency_id`, `country_id`, `currency_name`, `currency_code`, `currency_symbol`, `currency_rate`, `symbol_position`, `thousand_sign`, `decimal_sign`, `decimal_position`, `iso_alpha2`, `iso_alpha3`, `iso_numeric`, `flag`, `currency_status`, `date_modified`) VALUES ('230', '226', 'Som', 'UZS', '', '3892.30000000', '0', ',', '.', '2', 'UZ', 'UZB', '860', 'UZ.png', '0', '2016-11-20 12:36:06');
INSERT INTO `5vvgh_currencies` (`currency_id`, `country_id`, `currency_name`, `currency_code`, `currency_symbol`, `currency_rate`, `symbol_position`, `thousand_sign`, `decimal_sign`, `decimal_position`, `iso_alpha2`, `iso_alpha3`, `iso_numeric`, `flag`, `currency_status`, `date_modified`) VALUES ('231', '227', 'Vatu', 'VUV', 'Vt', '133.99000000', '0', ',', '.', '2', 'VU', 'VUT', '548', 'VU.png', '0', '2016-11-20 12:36:06');
INSERT INTO `5vvgh_currencies` (`currency_id`, `country_id`, `currency_name`, `currency_code`, `currency_symbol`, `currency_rate`, `symbol_position`, `thousand_sign`, `decimal_sign`, `decimal_position`, `iso_alpha2`, `iso_alpha3`, `iso_numeric`, `flag`, `currency_status`, `date_modified`) VALUES ('232', '228', 'Euro', 'EUR', '', '1.16570000', '0', ',', '.', '2', 'VA', 'VAT', '336', 'VA.png', '0', '2016-11-20 12:36:06');
INSERT INTO `5vvgh_currencies` (`currency_id`, `country_id`, `currency_name`, `currency_code`, `currency_symbol`, `currency_rate`, `symbol_position`, `thousand_sign`, `decimal_sign`, `decimal_position`, `iso_alpha2`, `iso_alpha3`, `iso_numeric`, `flag`, `currency_status`, `date_modified`) VALUES ('233', '229', 'Bolivar', 'VEF', 'Bs', '12.32000000', '0', ',', '.', '2', 'VE', 'VEN', '862', 'VE.png', '0', '2016-11-20 12:36:06');
INSERT INTO `5vvgh_currencies` (`currency_id`, `country_id`, `currency_name`, `currency_code`, `currency_symbol`, `currency_rate`, `symbol_position`, `thousand_sign`, `decimal_sign`, `decimal_position`, `iso_alpha2`, `iso_alpha3`, `iso_numeric`, `flag`, `currency_status`, `date_modified`) VALUES ('234', '230', 'Dong', 'VND', '', '27774.19920000', '0', ',', '.', '2', 'VN', 'VNM', '704', 'VN.png', '0', '2016-11-20 12:36:06');
INSERT INTO `5vvgh_currencies` (`currency_id`, `country_id`, `currency_name`, `currency_code`, `currency_symbol`, `currency_rate`, `symbol_position`, `thousand_sign`, `decimal_sign`, `decimal_position`, `iso_alpha2`, `iso_alpha3`, `iso_numeric`, `flag`, `currency_status`, `date_modified`) VALUES ('235', '233', 'Franc', 'XPF', '', '139.41000000', '0', ',', '.', '2', 'WF', 'WLF', '876', 'WF.png', '0', '2016-11-20 12:36:06');
INSERT INTO `5vvgh_currencies` (`currency_id`, `country_id`, `currency_name`, `currency_code`, `currency_symbol`, `currency_rate`, `symbol_position`, `thousand_sign`, `decimal_sign`, `decimal_position`, `iso_alpha2`, `iso_alpha3`, `iso_numeric`, `flag`, `currency_status`, `date_modified`) VALUES ('236', '234', 'Dirham', 'MAD', '', '12.39900000', '0', ',', '.', '2', 'EH', 'ESH', '732', 'EH.png', '0', '2016-11-20 12:36:06');
INSERT INTO `5vvgh_currencies` (`currency_id`, `country_id`, `currency_name`, `currency_code`, `currency_symbol`, `currency_rate`, `symbol_position`, `thousand_sign`, `decimal_sign`, `decimal_position`, `iso_alpha2`, `iso_alpha3`, `iso_numeric`, `flag`, `currency_status`, `date_modified`) VALUES ('237', '235', 'Rial', 'YER', '', '308.17000000', '0', ',', '.', '2', 'YE', 'YEM', '887', 'YE.png', '0', '2016-11-20 12:36:06');
INSERT INTO `5vvgh_currencies` (`currency_id`, `country_id`, `currency_name`, `currency_code`, `currency_symbol`, `currency_rate`, `symbol_position`, `thousand_sign`, `decimal_sign`, `decimal_position`, `iso_alpha2`, `iso_alpha3`, `iso_numeric`, `flag`, `currency_status`, `date_modified`) VALUES ('238', '238', 'Kwacha', 'ZMK', 'ZK', '0.00000000', '0', ',', '.', '2', 'ZM', 'ZMB', '894', 'ZM.png', '0', '2016-11-20 12:36:06');
INSERT INTO `5vvgh_currencies` (`currency_id`, `country_id`, `currency_name`, `currency_code`, `currency_symbol`, `currency_rate`, `symbol_position`, `thousand_sign`, `decimal_sign`, `decimal_position`, `iso_alpha2`, `iso_alpha3`, `iso_numeric`, `flag`, `currency_status`, `date_modified`) VALUES ('239', '239', 'Dollar', 'ZWD', 'Z$', '0.00000000', '0', ',', '.', '2', 'ZW', 'ZWE', '716', 'ZW.png', '0', '2016-11-20 12:36:06');


#
# TABLE STRUCTURE FOR: 5vvgh_customer_groups
#

DROP TABLE IF EXISTS `5vvgh_customer_groups`;

CREATE TABLE `5vvgh_customer_groups` (
  `customer_group_id` int(11) NOT NULL AUTO_INCREMENT,
  `group_name` varchar(32) NOT NULL,
  `description` text NOT NULL,
  `approval` tinyint(1) NOT NULL,
  PRIMARY KEY (`customer_group_id`)
) ENGINE=InnoDB AUTO_INCREMENT=13 DEFAULT CHARSET=utf8;

INSERT INTO `5vvgh_customer_groups` (`customer_group_id`, `group_name`, `description`, `approval`) VALUES ('11', 'Default', '', '0');
INSERT INTO `5vvgh_customer_groups` (`customer_group_id`, `group_name`, `description`, `approval`) VALUES ('12', 'ddddd', '', '1');


#
# TABLE STRUCTURE FOR: 5vvgh_customers
#

DROP TABLE IF EXISTS `5vvgh_customers`;

CREATE TABLE `5vvgh_customers` (
  `customer_id` int(11) unsigned NOT NULL AUTO_INCREMENT,
  `first_name` varchar(32) NOT NULL,
  `last_name` varchar(32) NOT NULL,
  `email` varchar(96) NOT NULL,
  `password` varchar(40) NOT NULL,
  `salt` varchar(9) NOT NULL,
  `telephone` varchar(32) NOT NULL,
  `address_id` int(11) NOT NULL,
  `security_question_id` int(11) NOT NULL,
  `security_answer` varchar(32) NOT NULL,
  `newsletter` tinyint(1) NOT NULL,
  `customer_group_id` int(11) NOT NULL,
  `ip_address` varchar(40) DEFAULT NULL,
  `date_added` datetime NOT NULL,
  `status` tinyint(1) NOT NULL,
  `cart` text,
  PRIMARY KEY (`customer_id`,`email`)
) ENGINE=InnoDB AUTO_INCREMENT=5 DEFAULT CHARSET=utf8;

INSERT INTO `5vvgh_customers` (`customer_id`, `first_name`, `last_name`, `email`, `password`, `salt`, `telephone`, `address_id`, `security_question_id`, `security_answer`, `newsletter`, `customer_group_id`, `ip_address`, `date_added`, `status`, `cart`) VALUES ('1', 'Demoo', 'Demo', 'demo@demo.com', '55708054cffc5948de78a2c6f6b9ce449ce34ce4', 'e2aa7bd60', '098909890', '0', '11', 'spike', '1', '11', '', '2016-11-17 23:36:55', '1', '');
INSERT INTO `5vvgh_customers` (`customer_id`, `first_name`, `last_name`, `email`, `password`, `salt`, `telephone`, `address_id`, `security_question_id`, `security_answer`, `newsletter`, `customer_group_id`, `ip_address`, `date_added`, `status`, `cart`) VALUES ('2', 'Demo', 'Demo', 'dmeo@demo.com', '0fc07e4b60a7f18dd3622af2ef8010a167287ef4', '14c3d8ed3', '08765467890', '0', '12', 'sppp', '1', '11', '::1', '2016-11-20 17:55:04', '1', '');
INSERT INTO `5vvgh_customers` (`customer_id`, `first_name`, `last_name`, `email`, `password`, `salt`, `telephone`, `address_id`, `security_question_id`, `security_answer`, `newsletter`, `customer_group_id`, `ip_address`, `date_added`, `status`, `cart`) VALUES ('4', 'Demo', 'Demo', 'demo@demmo.com', 'fba9dd9fd0219c292ec96849c2ef1b79454b55b9', '31d5a5611', '19876545678', '0', '11', 'sppp', '0', '11', NULL, '2016-11-20 18:18:07', '1', NULL);


#
# TABLE STRUCTURE FOR: 5vvgh_customers_online
#

DROP TABLE IF EXISTS `5vvgh_customers_online`;

CREATE TABLE `5vvgh_customers_online` (
  `activity_id` int(11) NOT NULL AUTO_INCREMENT,
  `customer_id` int(11) NOT NULL,
  `access_type` varchar(128) NOT NULL DEFAULT '',
  `browser` varchar(128) NOT NULL DEFAULT '',
  `ip_address` varchar(40) NOT NULL DEFAULT '',
  `country_code` varchar(2) NOT NULL DEFAULT '',
  `request_uri` varchar(255) NOT NULL DEFAULT '',
  `referrer_uri` varchar(255) NOT NULL DEFAULT '',
  `date_added` datetime NOT NULL,
  `status` tinyint(1) NOT NULL,
  `user_agent` text NOT NULL,
  PRIMARY KEY (`activity_id`)
) ENGINE=InnoDB AUTO_INCREMENT=16 DEFAULT CHARSET=utf8;

INSERT INTO `5vvgh_customers_online` (`activity_id`, `customer_id`, `access_type`, `browser`, `ip_address`, `country_code`, `request_uri`, `referrer_uri`, `date_added`, `status`, `user_agent`) VALUES ('1', '0', 'browser', 'Firefox', '::1', '0', '', 'admin/error_logs', '2016-11-19 23:17:10', '0', 'Mozilla/5.0 (Macintosh; Intel Mac OS X 10.11; rv:49.0) Gecko/20100101 Firefox/49.0');
INSERT INTO `5vvgh_customers_online` (`activity_id`, `customer_id`, `access_type`, `browser`, `ip_address`, `country_code`, `request_uri`, `referrer_uri`, `date_added`, `status`, `user_agent`) VALUES ('2', '0', 'browser', 'Firefox', '::1', '0', 'lewisham/menus', 'locations', '2016-11-19 23:59:34', '0', 'Mozilla/5.0 (Macintosh; Intel Mac OS X 10.11; rv:49.0) Gecko/20100101 Firefox/49.0');
INSERT INTO `5vvgh_customers_online` (`activity_id`, `customer_id`, `access_type`, `browser`, `ip_address`, `country_code`, `request_uri`, `referrer_uri`, `date_added`, `status`, `user_agent`) VALUES ('3', '0', 'browser', 'Firefox', '::1', '0', 'lewisham/menus', 'locations', '2016-11-20 00:02:13', '0', 'Mozilla/5.0 (Macintosh; Intel Mac OS X 10.11; rv:49.0) Gecko/20100101 Firefox/49.0');
INSERT INTO `5vvgh_customers_online` (`activity_id`, `customer_id`, `access_type`, `browser`, `ip_address`, `country_code`, `request_uri`, `referrer_uri`, `date_added`, `status`, `user_agent`) VALUES ('4', '0', 'browser', 'Firefox', '::1', '0', 'lewisham/menus', 'locations', '2016-11-20 00:08:52', '0', 'Mozilla/5.0 (Macintosh; Intel Mac OS X 10.11; rv:49.0) Gecko/20100101 Firefox/49.0');
INSERT INTO `5vvgh_customers_online` (`activity_id`, `customer_id`, `access_type`, `browser`, `ip_address`, `country_code`, `request_uri`, `referrer_uri`, `date_added`, `status`, `user_agent`) VALUES ('5', '0', 'browser', 'Firefox', '::1', '0', 'lewisham/menus', 'locations', '2016-11-20 00:11:09', '0', 'Mozilla/5.0 (Macintosh; Intel Mac OS X 10.11; rv:49.0) Gecko/20100101 Firefox/49.0');
INSERT INTO `5vvgh_customers_online` (`activity_id`, `customer_id`, `access_type`, `browser`, `ip_address`, `country_code`, `request_uri`, `referrer_uri`, `date_added`, `status`, `user_agent`) VALUES ('6', '0', 'browser', 'Firefox', '::1', '0', 'lewisham/menus', 'locations', '2016-11-20 10:55:16', '0', 'Mozilla/5.0 (Macintosh; Intel Mac OS X 10.11; rv:49.0) Gecko/20100101 Firefox/49.0');
INSERT INTO `5vvgh_customers_online` (`activity_id`, `customer_id`, `access_type`, `browser`, `ip_address`, `country_code`, `request_uri`, `referrer_uri`, `date_added`, `status`, `user_agent`) VALUES ('7', '2', 'browser', 'Firefox', '::1', '0', 'lewisham/menus', 'locations', '2016-11-22 13:33:47', '0', 'Mozilla/5.0 (Macintosh; Intel Mac OS X 10.11; rv:49.0) Gecko/20100101 Firefox/49.0');
INSERT INTO `5vvgh_customers_online` (`activity_id`, `customer_id`, `access_type`, `browser`, `ip_address`, `country_code`, `request_uri`, `referrer_uri`, `date_added`, `status`, `user_agent`) VALUES ('8', '2', 'browser', 'Firefox', '::1', '0', 'lewisham/menus', 'locations', '2016-11-22 13:34:06', '0', 'Mozilla/5.0 (Macintosh; Intel Mac OS X 10.11; rv:49.0) Gecko/20100101 Firefox/49.0');
INSERT INTO `5vvgh_customers_online` (`activity_id`, `customer_id`, `access_type`, `browser`, `ip_address`, `country_code`, `request_uri`, `referrer_uri`, `date_added`, `status`, `user_agent`) VALUES ('9', '2', 'browser', 'Firefox', '::1', '0', 'lewisham/menus', 'locations', '2016-11-22 13:37:09', '0', 'Mozilla/5.0 (Macintosh; Intel Mac OS X 10.11; rv:49.0) Gecko/20100101 Firefox/49.0');
INSERT INTO `5vvgh_customers_online` (`activity_id`, `customer_id`, `access_type`, `browser`, `ip_address`, `country_code`, `request_uri`, `referrer_uri`, `date_added`, `status`, `user_agent`) VALUES ('10', '2', 'browser', 'Firefox', '::1', '0', 'lewisham/menus', 'locations', '2016-11-22 13:37:40', '0', 'Mozilla/5.0 (Macintosh; Intel Mac OS X 10.11; rv:49.0) Gecko/20100101 Firefox/49.0');
INSERT INTO `5vvgh_customers_online` (`activity_id`, `customer_id`, `access_type`, `browser`, `ip_address`, `country_code`, `request_uri`, `referrer_uri`, `date_added`, `status`, `user_agent`) VALUES ('11', '2', 'browser', 'Firefox', '::1', '0', 'lewisham/menus', 'locations', '2016-11-22 13:37:47', '0', 'Mozilla/5.0 (Macintosh; Intel Mac OS X 10.11; rv:49.0) Gecko/20100101 Firefox/49.0');
INSERT INTO `5vvgh_customers_online` (`activity_id`, `customer_id`, `access_type`, `browser`, `ip_address`, `country_code`, `request_uri`, `referrer_uri`, `date_added`, `status`, `user_agent`) VALUES ('12', '2', 'browser', 'Firefox', '::1', '0', 'lewisham/menus', 'locations', '2016-11-22 13:38:54', '0', 'Mozilla/5.0 (Macintosh; Intel Mac OS X 10.11; rv:49.0) Gecko/20100101 Firefox/49.0');
INSERT INTO `5vvgh_customers_online` (`activity_id`, `customer_id`, `access_type`, `browser`, `ip_address`, `country_code`, `request_uri`, `referrer_uri`, `date_added`, `status`, `user_agent`) VALUES ('13', '2', 'browser', 'Firefox', '::1', '0', 'lewisham/menus', 'locations', '2016-11-22 13:39:02', '0', 'Mozilla/5.0 (Macintosh; Intel Mac OS X 10.11; rv:49.0) Gecko/20100101 Firefox/49.0');
INSERT INTO `5vvgh_customers_online` (`activity_id`, `customer_id`, `access_type`, `browser`, `ip_address`, `country_code`, `request_uri`, `referrer_uri`, `date_added`, `status`, `user_agent`) VALUES ('14', '2', 'browser', 'Firefox', '::1', '0', 'lewisham/menus', 'locations', '2016-11-22 13:39:27', '0', 'Mozilla/5.0 (Macintosh; Intel Mac OS X 10.11; rv:49.0) Gecko/20100101 Firefox/49.0');
INSERT INTO `5vvgh_customers_online` (`activity_id`, `customer_id`, `access_type`, `browser`, `ip_address`, `country_code`, `request_uri`, `referrer_uri`, `date_added`, `status`, `user_agent`) VALUES ('15', '2', 'browser', 'Firefox', '::1', '0', 'lewisham/menus', 'locations', '2016-11-22 16:57:28', '0', 'Mozilla/5.0 (Macintosh; Intel Mac OS X 10.11; rv:49.0) Gecko/20100101 Firefox/49.0');


#
# TABLE STRUCTURE FOR: 5vvgh_extensions
#

DROP TABLE IF EXISTS `5vvgh_extensions`;

CREATE TABLE `5vvgh_extensions` (
  `extension_id` int(11) NOT NULL AUTO_INCREMENT,
  `type` varchar(32) NOT NULL,
  `name` varchar(128) NOT NULL,
  `data` text NOT NULL,
  `serialized` tinyint(1) NOT NULL,
  `status` tinyint(1) NOT NULL,
  `title` varchar(255) NOT NULL,
  `version` varchar(11) NOT NULL DEFAULT '1.0.0',
  PRIMARY KEY (`extension_id`),
  UNIQUE KEY `type` (`type`,`name`)
) ENGINE=InnoDB AUTO_INCREMENT=33 DEFAULT CHARSET=utf8;

INSERT INTO `5vvgh_extensions` (`extension_id`, `type`, `name`, `data`, `serialized`, `status`, `title`, `version`) VALUES ('11', 'module', 'account_module', '', '1', '1', 'Account', '1.0.0');
INSERT INTO `5vvgh_extensions` (`extension_id`, `type`, `name`, `data`, `serialized`, `status`, `title`, `version`) VALUES ('12', 'module', 'local_module', 'a:3:{s:20:\"location_search_mode\";s:5:\"multi\";s:12:\"use_location\";s:1:\"0\";s:6:\"status\";s:1:\"1\";}', '1', '1', 'Local', '1.0.0');
INSERT INTO `5vvgh_extensions` (`extension_id`, `type`, `name`, `data`, `serialized`, `status`, `title`, `version`) VALUES ('13', 'module', 'categories_module', '', '1', '1', 'Categories', '1.0.0');
INSERT INTO `5vvgh_extensions` (`extension_id`, `type`, `name`, `data`, `serialized`, `status`, `title`, `version`) VALUES ('14', 'module', 'cart_module', 'a:3:{s:16:\"show_cart_images\";s:1:\"0\";s:13:\"cart_images_h\";s:0:\"\";s:13:\"cart_images_w\";s:0:\"\";}', '1', '1', 'Cart', '1.0.0');
INSERT INTO `5vvgh_extensions` (`extension_id`, `type`, `name`, `data`, `serialized`, `status`, `title`, `version`) VALUES ('15', 'module', 'reservation_module', '', '1', '1', 'Reservation', '1.0.0');
INSERT INTO `5vvgh_extensions` (`extension_id`, `type`, `name`, `data`, `serialized`, `status`, `title`, `version`) VALUES ('16', 'module', 'slideshow', 'a:6:{s:11:\"dimension_w\";s:4:\"1170\";s:11:\"dimension_h\";s:3:\"420\";s:6:\"effect\";s:4:\"fade\";s:5:\"speed\";s:3:\"500\";s:7:\"display\";s:1:\"1\";s:6:\"slides\";a:1:{i:0;a:2:{s:9:\"image_src\";s:14:\"data/slide.jpg\";s:7:\"caption\";s:0:\"\";}}}', '1', '1', 'Slideshow', '1.0.0');
INSERT INTO `5vvgh_extensions` (`extension_id`, `type`, `name`, `data`, `serialized`, `status`, `title`, `version`) VALUES ('18', 'payment', 'cod', 'a:5:{s:4:\"name\";N;s:11:\"order_total\";s:4:\"0.00\";s:12:\"order_status\";s:2:\"11\";s:8:\"priority\";s:1:\"1\";s:6:\"status\";s:1:\"1\";}', '1', '1', 'Cash On Delivery', '1.0.0');
INSERT INTO `5vvgh_extensions` (`extension_id`, `type`, `name`, `data`, `serialized`, `status`, `title`, `version`) VALUES ('20', 'module', 'pages_module', '', '1', '1', 'Pages', '1.0.0');
INSERT INTO `5vvgh_extensions` (`extension_id`, `type`, `name`, `data`, `serialized`, `status`, `title`, `version`) VALUES ('21', 'payment', 'paypal_express', 'a:11:{s:8:\"priority\";s:0:\"\";s:6:\"status\";s:1:\"0\";s:8:\"api_mode\";s:7:\"sandbox\";s:8:\"api_user\";s:0:\"\";s:8:\"api_pass\";s:0:\"\";s:13:\"api_signature\";s:0:\"\";s:10:\"api_action\";s:4:\"sale\";s:10:\"return_uri\";s:24:\"paypal_express/authorize\";s:10:\"cancel_uri\";s:21:\"paypal_express/cancel\";s:11:\"order_total\";s:4:\"0.00\";s:12:\"order_status\";s:2:\"11\";}', '1', '0', 'PayPal Express', '1.0.0');
INSERT INTO `5vvgh_extensions` (`extension_id`, `type`, `name`, `data`, `serialized`, `status`, `title`, `version`) VALUES ('23', 'theme', 'tastyigniter-orange', '', '1', '1', 'TastyIgniter Orange', '1.0.0');
INSERT INTO `5vvgh_extensions` (`extension_id`, `type`, `name`, `data`, `serialized`, `status`, `title`, `version`) VALUES ('24', 'theme', 'tastyigniter-blue', '', '1', '0', 'TastyIgniter Blue', '1.0.0');
INSERT INTO `5vvgh_extensions` (`extension_id`, `type`, `name`, `data`, `serialized`, `status`, `title`, `version`) VALUES ('25', 'module', 'banners_module', 'a:1:{s:7:\"banners\";a:1:{i:1;a:3:{s:9:\"banner_id\";s:1:\"1\";s:5:\"width\";s:0:\"\";s:6:\"height\";s:0:\"\";}}}', '1', '1', '', '1.0.0');
INSERT INTO `5vvgh_extensions` (`extension_id`, `type`, `name`, `data`, `serialized`, `status`, `title`, `version`) VALUES ('26', 'cart_total', 'cart_total', 'a:5:{s:8:\"priority\";s:1:\"1\";s:4:\"name\";s:10:\"cart_total\";s:5:\"title\";s:9:\"Sub Total\";s:11:\"admin_title\";s:9:\"Sub Total\";s:6:\"status\";s:1:\"1\";}', '1', '1', 'Sub Total', '1.0.0');
INSERT INTO `5vvgh_extensions` (`extension_id`, `type`, `name`, `data`, `serialized`, `status`, `title`, `version`) VALUES ('27', 'cart_total', 'coupon', 'a:5:{s:8:\"priority\";s:1:\"3\";s:4:\"name\";s:6:\"coupon\";s:5:\"title\";s:15:\"Coupon {coupon}\";s:11:\"admin_title\";s:15:\"Coupon {coupon}\";s:6:\"status\";s:1:\"1\";}', '1', '1', 'Coupon', '1.0.0');
INSERT INTO `5vvgh_extensions` (`extension_id`, `type`, `name`, `data`, `serialized`, `status`, `title`, `version`) VALUES ('28', 'cart_total', 'delivery', 'a:5:{s:8:\"priority\";s:1:\"4\";s:4:\"name\";s:8:\"delivery\";s:5:\"title\";s:8:\"Delivery\";s:11:\"admin_title\";s:8:\"Delivery\";s:6:\"status\";s:1:\"1\";}', '1', '1', 'Delivery', '1.0.0');
INSERT INTO `5vvgh_extensions` (`extension_id`, `type`, `name`, `data`, `serialized`, `status`, `title`, `version`) VALUES ('29', 'cart_total', 'taxes', 'a:5:{s:8:\"priority\";s:1:\"5\";s:4:\"name\";s:5:\"taxes\";s:5:\"title\";s:9:\"VAT {tax}\";s:11:\"admin_title\";s:9:\"VAT {tax}\";s:6:\"status\";s:1:\"1\";}', '1', '1', 'VAT', '1.0.0');
INSERT INTO `5vvgh_extensions` (`extension_id`, `type`, `name`, `data`, `serialized`, `status`, `title`, `version`) VALUES ('30', 'cart_total', 'order_total', 'a:5:{s:8:\"priority\";s:1:\"6\";s:4:\"name\";s:11:\"order_total\";s:5:\"title\";s:11:\"Order Total\";s:11:\"admin_title\";s:11:\"Order Total\";s:6:\"status\";s:1:\"1\";}', '1', '1', 'Order Total', '1.0.0');
INSERT INTO `5vvgh_extensions` (`extension_id`, `type`, `name`, `data`, `serialized`, `status`, `title`, `version`) VALUES ('31', 'module', 'authorize_net_aim', '', '0', '1', 'Authorize.Net (AIM)', '1.0.0');
INSERT INTO `5vvgh_extensions` (`extension_id`, `type`, `name`, `data`, `serialized`, `status`, `title`, `version`) VALUES ('32', 'module', 'newsletter', '', '0', '1', 'Newsletter', '1.0.0');


#
# TABLE STRUCTURE FOR: 5vvgh_languages
#

DROP TABLE IF EXISTS `5vvgh_languages`;

CREATE TABLE `5vvgh_languages` (
  `language_id` int(11) NOT NULL AUTO_INCREMENT,
  `code` varchar(7) NOT NULL,
  `name` varchar(32) NOT NULL,
  `image` varchar(32) NOT NULL,
  `idiom` varchar(32) NOT NULL,
  `status` tinyint(1) NOT NULL,
  `can_delete` tinyint(1) NOT NULL,
  PRIMARY KEY (`language_id`)
) ENGINE=InnoDB AUTO_INCREMENT=12 DEFAULT CHARSET=utf8;

INSERT INTO `5vvgh_languages` (`language_id`, `code`, `name`, `image`, `idiom`, `status`, `can_delete`) VALUES ('11', 'en', 'English', 'data/flags/gb.png', 'english', '1', '0');


#
# TABLE STRUCTURE FOR: 5vvgh_layout_modules
#

DROP TABLE IF EXISTS `5vvgh_layout_modules`;

CREATE TABLE `5vvgh_layout_modules` (
  `layout_module_id` int(11) NOT NULL AUTO_INCREMENT,
  `layout_id` int(11) NOT NULL,
  `module_code` varchar(128) NOT NULL,
  `partial` varchar(32) NOT NULL,
  `priority` int(11) NOT NULL,
  `options` text NOT NULL,
  `status` tinyint(1) NOT NULL,
  PRIMARY KEY (`layout_module_id`)
) ENGINE=InnoDB AUTO_INCREMENT=114 DEFAULT CHARSET=utf8;

INSERT INTO `5vvgh_layout_modules` (`layout_module_id`, `layout_id`, `module_code`, `partial`, `priority`, `options`, `status`) VALUES ('60', '17', 'pages_module', 'content_right', '1', '', '1');
INSERT INTO `5vvgh_layout_modules` (`layout_module_id`, `layout_id`, `module_code`, `partial`, `priority`, `options`, `status`) VALUES ('67', '15', 'account_module', 'content_left', '1', '', '1');
INSERT INTO `5vvgh_layout_modules` (`layout_module_id`, `layout_id`, `module_code`, `partial`, `priority`, `options`, `status`) VALUES ('68', '12', 'local_module', 'content_top', '1', '', '1');
INSERT INTO `5vvgh_layout_modules` (`layout_module_id`, `layout_id`, `module_code`, `partial`, `priority`, `options`, `status`) VALUES ('69', '12', 'categories_module', 'content_left', '1', '', '1');
INSERT INTO `5vvgh_layout_modules` (`layout_module_id`, `layout_id`, `module_code`, `partial`, `priority`, `options`, `status`) VALUES ('70', '12', 'cart_module', 'content_right', '1', '', '1');
INSERT INTO `5vvgh_layout_modules` (`layout_module_id`, `layout_id`, `module_code`, `partial`, `priority`, `options`, `status`) VALUES ('71', '13', 'local_module', 'content_top', '1', '', '1');
INSERT INTO `5vvgh_layout_modules` (`layout_module_id`, `layout_id`, `module_code`, `partial`, `priority`, `options`, `status`) VALUES ('72', '13', 'cart_module', 'content_right', '1', '', '1');
INSERT INTO `5vvgh_layout_modules` (`layout_module_id`, `layout_id`, `module_code`, `partial`, `priority`, `options`, `status`) VALUES ('73', '16', 'reservation_module', 'content_top', '1', '', '1');
INSERT INTO `5vvgh_layout_modules` (`layout_module_id`, `layout_id`, `module_code`, `partial`, `priority`, `options`, `status`) VALUES ('74', '18', 'local_module', 'content_top', '1', '', '1');
INSERT INTO `5vvgh_layout_modules` (`layout_module_id`, `layout_id`, `module_code`, `partial`, `priority`, `options`, `status`) VALUES ('75', '18', 'categories_module', 'content_left', '1', '', '1');
INSERT INTO `5vvgh_layout_modules` (`layout_module_id`, `layout_id`, `module_code`, `partial`, `priority`, `options`, `status`) VALUES ('76', '18', 'cart_module', 'content_right', '1', '', '1');
INSERT INTO `5vvgh_layout_modules` (`layout_module_id`, `layout_id`, `module_code`, `partial`, `priority`, `options`, `status`) VALUES ('112', '11', 'slideshow', 'content_top', '1', '{\"title\":\"Slide\",\"fixed\":\"0\",\"fixed_top_offset\":\"\",\"fixed_bottom_offset\":\"\"}', '0');
INSERT INTO `5vvgh_layout_modules` (`layout_module_id`, `layout_id`, `module_code`, `partial`, `priority`, `options`, `status`) VALUES ('113', '11', 'categories_module', 'content_footer', '1', '{\"title\":\"Categories\",\"fixed\":\"0\",\"fixed_top_offset\":\"\",\"fixed_bottom_offset\":\"\"}', '0');


#
# TABLE STRUCTURE FOR: 5vvgh_layout_routes
#

DROP TABLE IF EXISTS `5vvgh_layout_routes`;

CREATE TABLE `5vvgh_layout_routes` (
  `layout_route_id` int(11) NOT NULL AUTO_INCREMENT,
  `layout_id` int(11) NOT NULL,
  `uri_route` varchar(128) NOT NULL,
  PRIMARY KEY (`layout_route_id`)
) ENGINE=InnoDB AUTO_INCREMENT=125 DEFAULT CHARSET=utf8;

INSERT INTO `5vvgh_layout_routes` (`layout_route_id`, `layout_id`, `uri_route`) VALUES ('19', '13', 'checkout');
INSERT INTO `5vvgh_layout_routes` (`layout_route_id`, `layout_id`, `uri_route`) VALUES ('41', '16', 'reservation');
INSERT INTO `5vvgh_layout_routes` (`layout_route_id`, `layout_id`, `uri_route`) VALUES ('44', '12', 'menus');
INSERT INTO `5vvgh_layout_routes` (`layout_route_id`, `layout_id`, `uri_route`) VALUES ('70', '18', 'local');
INSERT INTO `5vvgh_layout_routes` (`layout_route_id`, `layout_id`, `uri_route`) VALUES ('71', '19', 'locations');
INSERT INTO `5vvgh_layout_routes` (`layout_route_id`, `layout_id`, `uri_route`) VALUES ('72', '17', 'pages');
INSERT INTO `5vvgh_layout_routes` (`layout_route_id`, `layout_id`, `uri_route`) VALUES ('100', '15', 'account/account');
INSERT INTO `5vvgh_layout_routes` (`layout_route_id`, `layout_id`, `uri_route`) VALUES ('101', '15', 'account/details');
INSERT INTO `5vvgh_layout_routes` (`layout_route_id`, `layout_id`, `uri_route`) VALUES ('102', '15', 'account/address');
INSERT INTO `5vvgh_layout_routes` (`layout_route_id`, `layout_id`, `uri_route`) VALUES ('103', '15', 'account/orders');
INSERT INTO `5vvgh_layout_routes` (`layout_route_id`, `layout_id`, `uri_route`) VALUES ('104', '15', 'account/reservations');
INSERT INTO `5vvgh_layout_routes` (`layout_route_id`, `layout_id`, `uri_route`) VALUES ('105', '15', 'account/inbox');
INSERT INTO `5vvgh_layout_routes` (`layout_route_id`, `layout_id`, `uri_route`) VALUES ('106', '15', 'account/reviews');
INSERT INTO `5vvgh_layout_routes` (`layout_route_id`, `layout_id`, `uri_route`) VALUES ('124', '11', 'home');


#
# TABLE STRUCTURE FOR: 5vvgh_layouts
#

DROP TABLE IF EXISTS `5vvgh_layouts`;

CREATE TABLE `5vvgh_layouts` (
  `layout_id` int(11) NOT NULL AUTO_INCREMENT,
  `name` varchar(45) NOT NULL,
  PRIMARY KEY (`layout_id`)
) ENGINE=InnoDB AUTO_INCREMENT=20 DEFAULT CHARSET=utf8;

INSERT INTO `5vvgh_layouts` (`layout_id`, `name`) VALUES ('11', 'Home');
INSERT INTO `5vvgh_layouts` (`layout_id`, `name`) VALUES ('12', 'Menus');
INSERT INTO `5vvgh_layouts` (`layout_id`, `name`) VALUES ('13', 'Checkout');
INSERT INTO `5vvgh_layouts` (`layout_id`, `name`) VALUES ('15', 'Account');
INSERT INTO `5vvgh_layouts` (`layout_id`, `name`) VALUES ('16', 'Reservation');
INSERT INTO `5vvgh_layouts` (`layout_id`, `name`) VALUES ('17', 'Page');
INSERT INTO `5vvgh_layouts` (`layout_id`, `name`) VALUES ('18', 'Local');
INSERT INTO `5vvgh_layouts` (`layout_id`, `name`) VALUES ('19', 'Locations');


#
# TABLE STRUCTURE FOR: 5vvgh_location_tables
#

DROP TABLE IF EXISTS `5vvgh_location_tables`;

CREATE TABLE `5vvgh_location_tables` (
  `location_id` int(11) NOT NULL,
  `table_id` int(11) NOT NULL,
  PRIMARY KEY (`location_id`,`table_id`)
) ENGINE=InnoDB DEFAULT CHARSET=utf8;

INSERT INTO `5vvgh_location_tables` (`location_id`, `table_id`) VALUES ('11', '7');
INSERT INTO `5vvgh_location_tables` (`location_id`, `table_id`) VALUES ('11', '16');


#
# TABLE STRUCTURE FOR: 5vvgh_locations
#

DROP TABLE IF EXISTS `5vvgh_locations`;

CREATE TABLE `5vvgh_locations` (
  `location_id` int(11) NOT NULL AUTO_INCREMENT,
  `location_name` varchar(32) NOT NULL,
  `location_email` varchar(96) NOT NULL,
  `description` text NOT NULL,
  `location_address_1` varchar(128) NOT NULL,
  `location_address_2` varchar(128) NOT NULL,
  `location_city` varchar(128) NOT NULL,
  `location_state` varchar(128) NOT NULL,
  `location_postcode` varchar(10) NOT NULL,
  `location_country_id` int(11) NOT NULL,
  `location_telephone` varchar(32) NOT NULL,
  `location_lat` float(10,6) NOT NULL,
  `location_lng` float(10,6) NOT NULL,
  `location_radius` int(11) DEFAULT NULL,
  `offer_delivery` tinyint(1) NOT NULL,
  `offer_collection` tinyint(1) NOT NULL,
  `delivery_time` int(11) NOT NULL,
  `last_order_time` int(11) NOT NULL,
  `reservation_time_interval` int(11) NOT NULL,
  `reservation_stay_time` int(11) NOT NULL,
  `location_status` tinyint(1) NOT NULL,
  `collection_time` int(11) NOT NULL,
  `options` text NOT NULL,
  `location_image` varchar(255) NOT NULL,
  PRIMARY KEY (`location_id`)
) ENGINE=InnoDB AUTO_INCREMENT=13 DEFAULT CHARSET=utf8;

INSERT INTO `5vvgh_locations` (`location_id`, `location_name`, `location_email`, `description`, `location_address_1`, `location_address_2`, `location_city`, `location_state`, `location_postcode`, `location_country_id`, `location_telephone`, `location_lat`, `location_lng`, `location_radius`, `offer_delivery`, `offer_collection`, `delivery_time`, `last_order_time`, `reservation_time_interval`, `reservation_stay_time`, `location_status`, `collection_time`, `options`, `location_image`) VALUES ('11', 'Lewisham Munch', 'info@tastyigniter.com', '<p><br></p>', '16 Lee High Rd', '', 'Manchester', '', '', '222', '3987467890', '42.961941', '-77.233505', '0', '1', '1', '0', '0', '0', '0', '1', '0', '{\"auto_lat_lng\":\"1\",\"opening_hours\":{\"opening_type\":\"24_7\",\"daily_days\":[\"0\",\"1\",\"2\",\"3\",\"4\",\"5\",\"6\"],\"daily_hours\":{\"open\":\"12:00 AM\",\"close\":\"11:59 PM\"},\"flexible_hours\":[{\"day\":\"0\",\"open\":\"12:00 AM\",\"close\":\"11:59 PM\",\"status\":\"1\"},{\"day\":\"1\",\"open\":\"12:00 AM\",\"close\":\"11:59 PM\",\"status\":\"1\"},{\"day\":\"2\",\"open\":\"12:00 AM\",\"close\":\"11:59 PM\",\"status\":\"1\"},{\"day\":\"3\",\"open\":\"12:00 AM\",\"close\":\"11:59 PM\",\"status\":\"1\"},{\"day\":\"4\",\"open\":\"12:00 AM\",\"close\":\"11:59 PM\",\"status\":\"1\"},{\"day\":\"5\",\"open\":\"12:00 AM\",\"close\":\"11:59 PM\",\"status\":\"1\"},{\"day\":\"6\",\"open\":\"12:00 AM\",\"close\":\"11:59 PM\",\"status\":\"1\"}],\"delivery_type\":\"0\",\"delivery_days\":[\"0\",\"1\",\"2\",\"3\",\"4\",\"5\",\"6\"],\"delivery_hours\":{\"open\":\"12:00 AM\",\"close\":\"11:59 PM\"},\"collection_type\":\"0\",\"collection_days\":[\"0\",\"1\",\"2\",\"3\",\"4\",\"5\",\"6\"],\"collection_hours\":{\"open\":\"12:00 AM\",\"close\":\"11:59 PM\"}},\"future_orders\":\"0\",\"future_order_days\":{\"delivery\":\"5\",\"collection\":\"5\"},\"payments\":[\"cod\"],\"gallery\":{\"title\":\"\",\"description\":\"\"}}', '');
INSERT INTO `5vvgh_locations` (`location_id`, `location_name`, `location_email`, `description`, `location_address_1`, `location_address_2`, `location_city`, `location_state`, `location_postcode`, `location_country_id`, `location_telephone`, `location_lat`, `location_lng`, `location_radius`, `offer_delivery`, `offer_collection`, `delivery_time`, `last_order_time`, `reservation_time_interval`, `reservation_stay_time`, `location_status`, `collection_time`, `options`, `location_image`) VALUES ('12', 'Lagos Munch', 'info@tastyigniter.com', '<p><br></p>', '477A, Omotunde Akinsola Crescent', 'Omole Phase 1, Ikeja', 'Lagos', 'Lagos', '', '156', '3987467890', '6.601838', '3.351486', NULL, '1', '1', '0', '0', '0', '0', '1', '0', '{\"auto_lat_lng\":\"1\",\"opening_hours\":{\"opening_type\":\"24_7\",\"daily_days\":[\"0\",\"1\",\"2\",\"3\",\"4\",\"5\",\"6\"],\"daily_hours\":{\"open\":\"12:00 AM\",\"close\":\"11:59 PM\"},\"flexible_hours\":[{\"day\":\"0\",\"open\":\"12:00 AM\",\"close\":\"11:59 PM\",\"status\":\"1\"},{\"day\":\"1\",\"open\":\"12:00 AM\",\"close\":\"11:59 PM\",\"status\":\"1\"},{\"day\":\"2\",\"open\":\"12:00 AM\",\"close\":\"11:59 PM\",\"status\":\"1\"},{\"day\":\"3\",\"open\":\"12:00 AM\",\"close\":\"11:59 PM\",\"status\":\"1\"},{\"day\":\"4\",\"open\":\"12:00 AM\",\"close\":\"11:59 PM\",\"status\":\"1\"},{\"day\":\"5\",\"open\":\"12:00 AM\",\"close\":\"11:59 PM\",\"status\":\"1\"},{\"day\":\"6\",\"open\":\"12:00 AM\",\"close\":\"11:59 PM\",\"status\":\"1\"}],\"delivery_type\":\"0\",\"delivery_days\":[\"0\",\"1\",\"2\",\"3\",\"4\",\"5\",\"6\"],\"delivery_hours\":{\"open\":\"12:00 AM\",\"close\":\"11:59 PM\"},\"collection_type\":\"0\",\"collection_days\":[\"0\",\"1\",\"2\",\"3\",\"4\",\"5\",\"6\"],\"collection_hours\":{\"open\":\"12:00 AM\",\"close\":\"11:59 PM\"}},\"future_orders\":\"0\",\"future_order_days\":{\"delivery\":\"5\",\"collection\":\"5\"},\"payments\":[\"cod\"],\"delivery_areas\":{\"1\":{\"shape\":\"[{\\\"shape\\\":\\\"wqhg@m|mShf@??pf@if@?\\\"}]\",\"vertices\":\"[{\\\"lat\\\":6.60268,\\\"lng\\\":3.35319},{\\\"lat\\\":6.59639,\\\"lng\\\":3.35319},{\\\"lat\\\":6.59639,\\\"lng\\\":3.3468600000000004},{\\\"lat\\\":6.60268,\\\"lng\\\":3.3468600000000004}]\",\"circle\":\"[{\\\"center\\\":{\\\"lat\\\":6.601838,\\\"lng\\\":3.3514860000000226}},{\\\"radius\\\":500}]\",\"type\":\"shape\",\"name\":\"Area 1\",\"charge\":{\"1\":{\"amount\":\"0\",\"condition\":\"all\"}}},\"2\":{\"shape\":\"[{\\\"shape\\\":\\\"}~jg@mvjSpmA??bnAqmA?\\\"}]\",\"vertices\":\"[{\\\"lat\\\":6.615030000000001,\\\"lng\\\":3.3368700000000002},{\\\"lat\\\":6.602460000000001,\\\"lng\\\":3.3368700000000002},{\\\"lat\\\":6.602460000000001,\\\"lng\\\":3.3242100000000003},{\\\"lat\\\":6.615030000000001,\\\"lng\\\":3.3242100000000003}]\",\"circle\":\"[{\\\"center\\\":{\\\"lat\\\":6.601838,\\\"lng\\\":3.3514860000000226}},{\\\"radius\\\":1000}]\",\"type\":\"shape\",\"name\":\"Area 2\",\"charge\":{\"1\":{\"amount\":\"0\",\"condition\":\"all\"}}},\"3\":{\"shape\":\"[{\\\"shape\\\":\\\"wmlg@mqrSztB??tuB{tB?\\\"}]\",\"vertices\":\"[{\\\"lat\\\":6.622520000000001,\\\"lng\\\":3.3770300000000004},{\\\"lat\\\":6.6036600000000005,\\\"lng\\\":3.3770300000000004},{\\\"lat\\\":6.6036600000000005,\\\"lng\\\":3.3580400000000004},{\\\"lat\\\":6.622520000000001,\\\"lng\\\":3.3580400000000004}]\",\"circle\":\"[{\\\"center\\\":{\\\"lat\\\":6.601838,\\\"lng\\\":3.3514860000000226}},{\\\"radius\\\":1500}]\",\"type\":\"shape\",\"name\":\"Area 3\",\"charge\":{\"1\":{\"amount\":\"0\",\"condition\":\"all\"}}}},\"gallery\":{\"title\":\"\",\"description\":\"\"}}', '');


#
# TABLE STRUCTURE FOR: 5vvgh_mail_templates
#

DROP TABLE IF EXISTS `5vvgh_mail_templates`;

CREATE TABLE `5vvgh_mail_templates` (
  `template_id` int(11) NOT NULL AUTO_INCREMENT,
  `name` varchar(32) NOT NULL,
  `language_id` int(11) NOT NULL,
  `date_added` datetime NOT NULL,
  `date_updated` datetime NOT NULL,
  `status` tinyint(1) NOT NULL,
  PRIMARY KEY (`template_id`)
) ENGINE=InnoDB AUTO_INCREMENT=39 DEFAULT CHARSET=utf8;

INSERT INTO `5vvgh_mail_templates` (`template_id`, `name`, `language_id`, `date_added`, `date_updated`, `status`) VALUES ('11', 'Default', '1', '2014-04-16 01:49:52', '2014-06-16 14:44:13', '1');
INSERT INTO `5vvgh_mail_templates` (`template_id`, `name`, `language_id`, `date_added`, `date_updated`, `status`) VALUES ('38', 'Paid Site', '1', '2016-11-22 19:06:41', '2016-11-22 19:06:41', '0');


#
# TABLE STRUCTURE FOR: 5vvgh_mail_templates_data
#

DROP TABLE IF EXISTS `5vvgh_mail_templates_data`;

CREATE TABLE `5vvgh_mail_templates_data` (
  `template_data_id` int(11) NOT NULL AUTO_INCREMENT,
  `template_id` int(11) NOT NULL,
  `code` varchar(32) NOT NULL,
  `subject` varchar(128) NOT NULL,
  `body` text NOT NULL,
  `date_added` datetime NOT NULL,
  `date_updated` datetime NOT NULL,
  PRIMARY KEY (`template_data_id`,`template_id`,`code`)
) ENGINE=InnoDB AUTO_INCREMENT=131 DEFAULT CHARSET=utf8;

INSERT INTO `5vvgh_mail_templates_data` (`template_data_id`, `template_id`, `code`, `subject`, `body`, `date_added`, `date_updated`) VALUES ('11', '11', 'registration', 'Welcome to {site_name}', '<div id=\"mailsub\" class=\"notification\" align=\"center\"><table style=\"min-width: 320px;\" border=\"0\" cellpadding=\"0\" cellspacing=\"0\" width=\"100%\"><tbody><tr><td align=\"center\" bgcolor=\"#eff3f8\"><!--[if gte mso 10]><table width=\"680\" border=\"0\" cellspacing=\"0\" cellpadding=\"0\"><tr><td><![endif]--><table class=\"table_width_100\" style=\"max-width: 680px; min-width: 300px;\" border=\"0\" cellpadding=\"0\" cellspacing=\"0\" width=\"100%\"><tbody><tr><td><!-- padding --><div style=\"height: 80px; line-height: 80px; font-size: 10px;\"></div></td></tr><!--header --><tr><td align=\"center\" bgcolor=\"#ffffff\"><!-- padding --><div style=\"height: 30px; line-height: 30px; font-size: 10px;\"></div><table border=\"0\" cellpadding=\"0\" cellspacing=\"0\" width=\"90%\"><tbody><tr><td align=\"left\"><!-- Item --><div class=\"mob_center_bl\" style=\"float: left; display: inline-block; width: 115px;\"><table class=\"mob_center\" style=\"border-collapse: collapse;\" align=\"left\" border=\"0\" cellpadding=\"0\" cellspacing=\"0\" width=\"115\"><tbody><tr><td align=\"left\" valign=\"middle\"><!-- padding --><div style=\"height: 20px; line-height: 20px; font-size: 10px;\"></div><table border=\"0\" cellpadding=\"0\" cellspacing=\"0\" width=\"115\"><tbody><tr><td class=\"mob_center\" align=\"left\" valign=\"top\"><a href=\"{site_url}\" target=\"_blank\" style=\"color: #596167; font-family: Arial, Helvetica, sans-serif; font-size: 13px;\"><font face=\"Arial, Helvetica, sans-seri; font-size: 13px;\" color=\"#596167\" size=\"3\"><img src=\"{site_logo}\" alt=\"{site_name}\" style=\"display: block;\" height=\"19\" border=\"0\" width=\"115\"></font></a></td></tr></tbody></table></td></tr></tbody></table></div><!-- Item END--><!--[if gte mso 10]></td><td align=\"right\"><![endif]--><!-- Item --><div class=\"mob_center_bl\" style=\"float: right; display: inline-block; width: 88px;\"><table style=\"border-collapse: collapse;\" align=\"right\" border=\"0\" cellpadding=\"0\" cellspacing=\"0\" width=\"88\"><tbody><tr><td align=\"right\" valign=\"middle\"><!-- padding --><div style=\"height: 20px; line-height: 20px; font-size: 10px;\"></div><table border=\"0\" cellpadding=\"0\" cellspacing=\"0\" width=\"100%\"><tbody><tr><td align=\"right\"><!--social --><div class=\"mob_center_bl\" style=\"width: 88px;\"><table border=\"0\" cellpadding=\"0\" cellspacing=\"0\"><tbody><tr><td style=\"line-height: 19px;\" align=\"center\" width=\"30\"><a href=\"#\" target=\"_blank\" style=\"color: #596167; font-family: Arial, Helvetica, sans-serif; font-size: 12px;\"><font face=\"Arial, Helvetica, sans-serif\" color=\"#596167\" size=\"2\"></font></a></td><td style=\"line-height: 19px;\" align=\"center\" width=\"39\"><a href=\"#\" target=\"_blank\" style=\"color: #596167; font-family: Arial, Helvetica, sans-serif; font-size: 12px;\"><font face=\"Arial, Helvetica, sans-serif\" color=\"#596167\" size=\"2\"></font></a></td><td style=\"line-height: 19px;\" align=\"right\" width=\"29\"><a href=\"#\" target=\"_blank\" style=\"color: #596167; font-family: Arial, Helvetica, sans-serif; font-size: 12px;\"><font face=\"Arial, Helvetica, sans-serif\" color=\"#596167\" size=\"2\"></font></a></td></tr></tbody></table></div><!--social END--></td></tr></tbody></table></td></tr></tbody></table></div><!-- Item END--></td></tr></tbody></table><!-- padding --><div style=\"height: 50px; line-height: 50px; font-size: 10px;\"></div></td></tr><!--header END--><!--content 1 --><tr><td align=\"center\" bgcolor=\"#fbfcfd\"><table border=\"0\" cellpadding=\"0\" cellspacing=\"0\" width=\"90%\"><tbody><tr><td align=\"left\"><!-- padding --><div style=\"height: 40px; line-height: 40px; font-size: 10px;\"></div><div style=\"line-height: 44px;\"><font style=\"font-size: 34px;\" face=\"Arial, Helvetica, sans-serif\" color=\"#57697e\" size=\"5\"><span style=\"font-family: Arial, Helvetica, sans-serif; font-size: 34px; color: #57697e;\">Welcome!</span></font></div><!-- padding --><div style=\"height: 30px; line-height: 30px; font-size: 10px;\"></div></td></tr><tr><td align=\"left\"><div style=\"line-height: 24px;\"><font style=\"font-size: 15px;\" face=\"Arial, Helvetica, sans-serif\" color=\"#57697e\" size=\"4\"><span style=\"font-family: Arial, Helvetica, sans-serif; font-size: 15px; color: #57697e;\">Hello {first_name} {last_name},</span></font></div><!-- padding --><div style=\"height: 20px; line-height: 20px; font-size: 10px;\"></div></td></tr><tr><td align=\"left\"><div style=\"line-height: 24px;\"><font style=\"font-size: 15px;\" face=\"Arial, Helvetica, sans-serif\" color=\"#57697e\" size=\"4\"><span style=\"font-family: Arial, Helvetica, sans-serif; font-size: 15px; color: #57697e;\">Thank you for registrating with {site_name}. Your account has now been created and you can log in using your email address and password by visiting our website or at the following URL: <a href=\"{account_login_link}\">Click Here</a></span></font></div><!-- padding --><div style=\"height: 20px; line-height: 20px; font-size: 10px;\"></div></td></tr><tr><td align=\"left\"><div style=\"line-height: 24px;\"><font style=\"font-size: 15px;\" face=\"Arial, Helvetica, sans-serif\" color=\"#57697e\" size=\"4\"><span style=\"font-family: Arial, Helvetica, sans-serif; font-size: 15px; color: #57697e;\">Thank you for using.<br> {signature}</span></font></div><!-- padding --><div style=\"height: 40px; line-height: 40px; font-size: 10px;\"></div></td></tr></tbody></table></td></tr><!--content 1 END--><!--footer --><tr><td class=\"iage_footer\" align=\"center\" bgcolor=\"#ffffff\"><!-- padding --><div style=\"height: 20px; line-height: 20px; font-size: 10px;\"></div><table border=\"0\" cellpadding=\"0\" cellspacing=\"0\" width=\"100%\"><tbody><tr><td align=\"center\"><font style=\"font-size: 13px;\" face=\"Arial, Helvetica, sans-serif\" color=\"#96a5b5\" size=\"3\"><span style=\"font-family: Arial, Helvetica, sans-serif; font-size: 13px; color: #96a5b5;\">2015  {site_name} All Rights Reserved.</span></font></td></tr></tbody></table><!-- padding --><div style=\"height: 20px; line-height: 20px; font-size: 10px;\"></div></td></tr><!--footer END--><tr><td><!-- padding --><div style=\"height: 80px; line-height: 80px; font-size: 10px;\"></div></td></tr></tbody></table><!--[if gte mso 10]></td></tr></table><![endif]--></td></tr></tbody></table></div>', '2014-04-16 00:56:00', '2014-05-15 15:24:56');
INSERT INTO `5vvgh_mail_templates_data` (`template_data_id`, `template_id`, `code`, `subject`, `body`, `date_added`, `date_updated`) VALUES ('12', '11', 'password_reset', 'Password reset at {site_name}', '<div id=\"mailsub\" class=\"notification\" align=\"center\"><table style=\"min-width: 320px;\" border=\"0\" cellpadding=\"0\" cellspacing=\"0\" width=\"100%\"><tbody><tr><td align=\"center\" bgcolor=\"#eff3f8\"><!--[if gte mso 10]><table width=\"680\" border=\"0\" cellspacing=\"0\" cellpadding=\"0\"><tr><td><![endif]--><table class=\"table_width_100\" style=\"max-width: 680px; min-width: 300px;\" border=\"0\" cellpadding=\"0\" cellspacing=\"0\" width=\"100%\"><tbody><tr><td><!-- padding --><div style=\"height: 80px; line-height: 80px; font-size: 10px;\"></div></td></tr><!--header --><tr><td align=\"center\" bgcolor=\"#ffffff\"><!-- padding --><div style=\"height: 30px; line-height: 30px; font-size: 10px;\"></div><table border=\"0\" cellpadding=\"0\" cellspacing=\"0\" width=\"90%\"><tbody><tr><td align=\"left\"><!-- Item --><div class=\"mob_center_bl\" style=\"float: left; display: inline-block; width: 115px;\"><table class=\"mob_center\" style=\"border-collapse: collapse;\" align=\"left\" border=\"0\" cellpadding=\"0\" cellspacing=\"0\" width=\"115\"><tbody><tr><td align=\"left\" valign=\"middle\"><!-- padding --><div style=\"height: 20px; line-height: 20px; font-size: 10px;\"></div><table border=\"0\" cellpadding=\"0\" cellspacing=\"0\" width=\"115\"><tbody><tr><td class=\"mob_center\" align=\"left\" valign=\"top\"><a href=\"{site_url}\" target=\"_blank\" style=\"color: #596167; font-family: Arial, Helvetica, sans-serif; font-size: 13px;\"><font face=\"Arial, Helvetica, sans-seri; font-size: 13px;\" color=\"#596167\" size=\"3\"><img src=\"{site_logo}\" alt=\"{site_name}\" style=\"display: block;\" height=\"19\" border=\"0\" width=\"115\"></font></a></td></tr></tbody></table></td></tr></tbody></table></div><!-- Item END--><!--[if gte mso 10]></td><td align=\"right\"><![endif]--><!-- Item --><div class=\"mob_center_bl\" style=\"float: right; display: inline-block; width: 88px;\"><table style=\"border-collapse: collapse;\" align=\"right\" border=\"0\" cellpadding=\"0\" cellspacing=\"0\" width=\"88\"><tbody><tr><td align=\"right\" valign=\"middle\"><!-- padding --><div style=\"height: 20px; line-height: 20px; font-size: 10px;\"></div><table border=\"0\" cellpadding=\"0\" cellspacing=\"0\" width=\"100%\"><tbody><tr><td align=\"right\"><!--social --><div class=\"mob_center_bl\" style=\"width: 88px;\"><table border=\"0\" cellpadding=\"0\" cellspacing=\"0\"><tbody><tr><td style=\"line-height: 19px;\" align=\"center\" width=\"30\"><a href=\"#\" target=\"_blank\" style=\"color: #596167; font-family: Arial, Helvetica, sans-serif; font-size: 12px;\"><font face=\"Arial, Helvetica, sans-serif\" color=\"#596167\" size=\"2\"></font></a></td><td style=\"line-height: 19px;\" align=\"center\" width=\"39\"><a href=\"#\" target=\"_blank\" style=\"color: #596167; font-family: Arial, Helvetica, sans-serif; font-size: 12px;\"><font face=\"Arial, Helvetica, sans-serif\" color=\"#596167\" size=\"2\"></font></a></td><td style=\"line-height: 19px;\" align=\"right\" width=\"29\"><a href=\"#\" target=\"_blank\" style=\"color: #596167; font-family: Arial, Helvetica, sans-serif; font-size: 12px;\"><font face=\"Arial, Helvetica, sans-serif\" color=\"#596167\" size=\"2\"></font></a></td></tr></tbody></table></div><!--social END--></td></tr></tbody></table></td></tr></tbody></table></div><!-- Item END--></td></tr></tbody></table><!-- padding --><div style=\"height: 50px; line-height: 50px; font-size: 10px;\"></div></td></tr><!--header END--><!--content 1 --><tr><td align=\"center\" bgcolor=\"#fbfcfd\"><table border=\"0\" cellpadding=\"0\" cellspacing=\"0\" width=\"90%\"><tbody><tr><td align=\"left\"><!-- padding --><div style=\"height: 40px; line-height: 40px; font-size: 10px;\"></div><div style=\"line-height: 44px;\"><font style=\"font-size: 34px;\" face=\"Arial, Helvetica, sans-serif\" color=\"#57697e\" size=\"5\"><span style=\"font-family: Arial, Helvetica, sans-serif; font-size: 34px; color: #57697e;\">Reset your password!</span></font></div><!-- padding --><div style=\"height: 30px; line-height: 30px; font-size: 10px;\"></div></td></tr><tr><td align=\"left\"><div style=\"line-height: 24px;\"><font style=\"font-size: 15px;\" face=\"Arial, Helvetica, sans-serif\" color=\"#57697e\" size=\"4\"><span style=\"font-family: Arial, Helvetica, sans-serif; font-size: 15px; color: #57697e;\">Hello {first_name} {last_name},</span></font></div><!-- padding --><div style=\"height: 20px; line-height: 20px; font-size: 10px;\"></div></td></tr><tr><td align=\"left\"><div style=\"line-height: 24px;\"><font style=\"font-size: 15px;\" face=\"Arial, Helvetica, sans-serif\" color=\"#57697e\" size=\"4\"><span style=\"font-family: Arial, Helvetica, sans-serif; font-size: 15px; color: #57697e;\">Your password has been reset successfull! Please <a href=\"{account_login_link}\" target=\"_blank\">login</a> using your new password: {created_password}.</span></font></div><!-- padding --><div style=\"height: 20px; line-height: 20px; font-size: 10px;\"></div></td></tr><tr><td align=\"left\"><div style=\"line-height: 24px;\"><font style=\"font-size: 15px;\" face=\"Arial, Helvetica, sans-serif\" color=\"#57697e\" size=\"4\"><span style=\"font-family: Arial, Helvetica, sans-serif; font-size: 15px; color: #57697e;\">Please don\'t forget to change your password after you login.<br> {signature}</span></font></div><!-- padding --><div style=\"height: 40px; line-height: 40px; font-size: 10px;\"></div></td></tr></tbody></table></td></tr><!--content 1 END--><!--footer --><tr><td class=\"iage_footer\" align=\"center\" bgcolor=\"#ffffff\"><!-- padding --><div style=\"height: 20px; line-height: 20px; font-size: 10px;\"></div><table border=\"0\" cellpadding=\"0\" cellspacing=\"0\" width=\"100%\"><tbody><tr><td align=\"center\"><font style=\"font-size: 13px;\" face=\"Arial, Helvetica, sans-serif\" color=\"#96a5b5\" size=\"3\"><span style=\"font-family: Arial, Helvetica, sans-serif; font-size: 13px; color: #96a5b5;\">2015  {site_name} All Rights Reserved.</span></font></td></tr></tbody></table><!-- padding --><div style=\"height: 20px; line-height: 20px; font-size: 10px;\"></div></td></tr><!--footer END--><tr><td><!-- padding --><div style=\"height: 80px; line-height: 80px; font-size: 10px;\"></div></td></tr></tbody></table><!--[if gte mso 10]></td></tr></table><![endif]--></td></tr></tbody></table></div>', '2014-04-16 00:56:00', '2014-05-15 15:46:30');
INSERT INTO `5vvgh_mail_templates_data` (`template_data_id`, `template_id`, `code`, `subject`, `body`, `date_added`, `date_updated`) VALUES ('13', '11', 'order', '{site_name} order confirmation - {order_number}', '<div id=\"mailsub\" class=\"notification\" align=\"center\"><table style=\"min-width: 320px;\" border=\"0\" cellpadding=\"0\" cellspacing=\"0\" width=\"100%\"><tbody><tr><td align=\"center\" bgcolor=\"#eff3f8\"><!--[if gte mso 10]><table width=\"680\" border=\"0\" cellspacing=\"0\" cellpadding=\"0\"><tr><td><![endif]--><table class=\"table_width_100\" style=\"max-width: 680px; min-width: 300px;\" border=\"0\" cellpadding=\"0\" cellspacing=\"0\" width=\"100%\"><tbody><tr><td><!-- padding --><div style=\"height: 80px; line-height: 80px; font-size: 10px;\"></div></td></tr><!--header --><tr><td align=\"center\" bgcolor=\"#ffffff\"><!-- padding --><div style=\"height: 30px; line-height: 30px; font-size: 10px;\"></div><table border=\"0\" cellpadding=\"0\" cellspacing=\"0\" width=\"90%\"><tbody><tr><td align=\"left\"><!-- Item --><div class=\"mob_center_bl\" style=\"float: left; display: inline-block; width: 115px;\"><table class=\"mob_center\" style=\"border-collapse: collapse;\" align=\"left\" border=\"0\" cellpadding=\"0\" cellspacing=\"0\" width=\"115\"><tbody><tr><td align=\"left\" valign=\"middle\"><!-- padding --><div style=\"height: 20px; line-height: 20px; font-size: 10px;\"></div><table border=\"0\" cellpadding=\"0\" cellspacing=\"0\" width=\"115\"><tbody><tr><td class=\"mob_center\" align=\"left\" valign=\"top\"><a title=\"\" data-original-title=\"\" href=\"{site_url}\" target=\"_blank\" style=\"color: #596167; font-family: Arial, Helvetica, sans-serif; font-size: 13px;\"><font color=\"#596167\" size=\"3\" face=\"Arial, Helvetica, sans-seri; font-size: 13px;\"><img src=\"{site_logo}\" alt=\"{site_name}\" style=\"display: block;\" border=\"0\" width=\"115\" height=\"19\"></font></a></td></tr></tbody></table></td></tr></tbody></table></div><!-- Item END--><!--[if gte mso 10]></td><td align=\"right\"><![endif]--><!-- Item --><div class=\"mob_center_bl\" style=\"float: right; display: inline-block; width: 88px;\"><table style=\"border-collapse: collapse;\" align=\"right\" border=\"0\" cellpadding=\"0\" cellspacing=\"0\" width=\"88\"><tbody><tr><td align=\"right\" valign=\"middle\"><!-- padding --><div style=\"height: 20px; line-height: 20px; font-size: 10px;\"></div><table border=\"0\" cellpadding=\"0\" cellspacing=\"0\" width=\"100%\"><tbody><tr><td align=\"right\"><!--social --><div class=\"mob_center_bl\" style=\"width: 88px;\"><table border=\"0\" cellpadding=\"0\" cellspacing=\"0\"><tbody><tr><td style=\"line-height: 19px;\" align=\"center\" width=\"30\"><a title=\"\" data-original-title=\"\" href=\"#\" target=\"_blank\" style=\"color: #596167; font-family: Arial, Helvetica, sans-serif; font-size: 12px;\"><font color=\"#596167\" size=\"2\" face=\"Arial, Helvetica, sans-serif\"></font></a></td><td style=\"line-height: 19px;\" align=\"center\" width=\"39\"><a title=\"\" data-original-title=\"\" href=\"#\" target=\"_blank\" style=\"color: #596167; font-family: Arial, Helvetica, sans-serif; font-size: 12px;\"><font color=\"#596167\" size=\"2\" face=\"Arial, Helvetica, sans-serif\"></font></a></td><td style=\"line-height: 19px;\" align=\"right\" width=\"29\"><a title=\"\" data-original-title=\"\" href=\"#\" target=\"_blank\" style=\"color: #596167; font-family: Arial, Helvetica, sans-serif; font-size: 12px;\"><font color=\"#596167\" size=\"2\" face=\"Arial, Helvetica, sans-serif\"></font></a></td></tr></tbody></table></div><!--social END--></td></tr></tbody></table></td></tr></tbody></table></div><!-- Item END--></td></tr></tbody></table><!-- padding --><div style=\"height: 50px; line-height: 50px; font-size: 10px;\"></div></td></tr><!--header END--><!--content 1 --><tr><td align=\"center\" bgcolor=\"#fbfcfd\"><table border=\"0\" cellpadding=\"0\" cellspacing=\"0\" width=\"90%\"><tbody><tr><td align=\"left\"><!-- padding --><div style=\"height: 40px; line-height: 40px; font-size: 10px;\"></div><div style=\"line-height: 44px;\"><font style=\"font-size: 34px;\" color=\"#57697e\" size=\"5\" face=\"Arial, Helvetica, sans-serif\"><span title=\"\" data-original-title=\"\" style=\"font-family: Arial, Helvetica, sans-serif; font-size: 34px; color: #57697e;\">Thank you for your order!</span></font></div><!-- padding --><div style=\"height: 30px; line-height: 30px; font-size: 10px;\"></div></td></tr><tr><td align=\"left\"><div style=\"line-height: 24px;\"><font style=\"font-size: 15px;\" color=\"#57697e\" size=\"4\" face=\"Arial, Helvetica, sans-serif\"><span title=\"\" data-original-title=\"\" style=\"font-family: Arial, Helvetica, sans-serif; font-size: 15px; color: #57697e;\">Hello {first_name} {last_name},</span></font></div><!-- padding --><div style=\"height: 20px; line-height: 20px; font-size: 10px;\"></div></td></tr><tr><td align=\"left\"><div style=\"line-height: 24px;\"><font style=\"font-size: 15px;\" color=\"#57697e\" size=\"4\" face=\"Arial, Helvetica, sans-serif\"><span title=\"\" data-original-title=\"\" style=\"font-family: Arial, Helvetica, sans-serif; font-size: 15px; color: #57697e;\">Your order has been received and will be with you shortly. <a title=\"\" data-original-title=\"\" href=\"{order_view_url}\">Click here</a> to view your order progress.</span></font><br></div><!-- padding --><div style=\"height: 20px; line-height: 20px; font-size: 10px;\"></div></td></tr><tr><td align=\"left\"><div style=\"line-height: 24px;\"><font style=\"font-size: 15px;\" color=\"#57697e\" size=\"4\" face=\"Arial, Helvetica, sans-serif\"><span title=\"\" data-original-title=\"\" style=\"font-family: Arial, Helvetica, sans-serif; font-size: 15px; color: #57697e;\">Your order number is {order_number}<br> This is a {order_type} order.</span></font></div><div style=\"line-height: 24px;\"><font style=\"font-size: 15px;\" color=\"#57697e\" size=\"4\" face=\"Arial, Helvetica, sans-serif\"><span title=\"\" data-original-title=\"\" style=\"font-family: Arial, Helvetica, sans-serif; font-size: 15px; color: #57697e;\"><br><strong>Order date:</strong> {order_date}<br><strong>Requested {order_type} time</strong> {order_time}<br><strong>Payment Method:</strong> {order_payment}</span></font></div><!-- padding --><div style=\"height: 30px; line-height: 30px; font-size: 10px;\"></div></td></tr><tr><td align=\"left\"><table border=\"0\" cellpadding=\"0\" cellspacing=\"0\" width=\"90%\"><tbody><tr><td><div style=\"line-height: 24px;\"><font style=\"font-size: 13px;\" color=\"#57697e\" size=\"3\" face=\"Arial, Helvetica, sans-serif\"><span title=\"\" data-original-title=\"\" style=\"font-family: Arial, Helvetica, sans-serif; font-size: 13px; color: #96a5b5;\">Name/Description</span></font></div></td><td><div style=\"line-height: 24px;\"><font style=\"font-size: 13px;\" color=\"#57697e\" size=\"3\" face=\"Arial, Helvetica, sans-serif\"><span title=\"\" data-original-title=\"\" style=\"font-family: Arial, Helvetica, sans-serif; font-size: 13px; color: #96a5b5;\">Unit Price</span></font></div></td><td><div style=\"line-height: 24px;\"><font style=\"font-size: 13px;\" color=\"#57697e\" size=\"3\" face=\"Arial, Helvetica, sans-serif\"><span title=\"\" data-original-title=\"\" style=\"font-family: Arial, Helvetica, sans-serif; font-size: 13px; color: #96a5b5;\">Sub Total</span></font></div></td></tr><tr><td>{order_menus}<br></td><td><br></td><td><br></td></tr><tr style=\"border-top:1px dashed #c3cbd5;\"><td><div style=\"line-height: 24px;\"><font style=\"font-size: 15px;font-weight:bold;\" color=\"#57697e\" size=\"4\" face=\"Arial, Helvetica, sans-serif\"><span title=\"\" data-original-title=\"\" style=\"font-family: Arial, Helvetica, sans-serif; font-size: 15px; color: #57697e;\">{menu_quantity} x {menu_name}</span></font></div><div style=\"line-height: 24px;\"><font style=\"font-size: 15px;\" color=\"#96a5b5\" size=\"4\" face=\"Arial, Helvetica, sans-serif\"><span title=\"\" data-original-title=\"\" style=\"font-family: Arial, Helvetica, sans-serif; font-size: 15px; color: #96a5b5;\">{menu_options}</span></font></div><div style=\"line-height: 24px;\"><font style=\"font-size: 15px;\" color=\"#96a5b5\" size=\"4\" face=\"Arial, Helvetica, sans-serif\"><span title=\"\" data-original-title=\"\" style=\"font-family: Arial, Helvetica, sans-serif; font-size: 15px; color: #96a5b5;\">{menu_comment}</span></font></div></td><td><div style=\"line-height: 24px;\"><font style=\"font-size: 15px;\" color=\"#57697e\" size=\"4\" face=\"Arial, Helvetica, sans-serif\"><span title=\"\" data-original-title=\"\" style=\"font-family: Arial, Helvetica, sans-serif; font-size: 15px; color: #57697e;\">{menu_price}</span></font></div></td><td><div style=\"line-height: 24px;\"><font style=\"font-size: 15px;\" color=\"#57697e\" size=\"4\" face=\"Arial, Helvetica, sans-serif\"><span title=\"\" data-original-title=\"\" style=\"font-family: Arial, Helvetica, sans-serif; font-size: 15px; color: #57697e;\">{menu_subtotal}</span></font></div></td></tr><tr><td>{/order_menus}</td><td><br></td><td><br></td></tr><tr><td><br></td><td>{order_totals}</td><td><br></td></tr><tr><td><br></td><td><div style=\"line-height: 24px;\"><font style=\"font-size: 15px;\" color=\"#57697e\" size=\"4\" face=\"Arial, Helvetica, sans-serif\"><span title=\"\" data-original-title=\"\" style=\"font-family: Arial, Helvetica, sans-serif; font-size: 15px; color: #57697e;\">{order_total_title}</span></font></div></td><td><div style=\"line-height: 24px;\"><font style=\"font-size: 15px;\" color=\"#57697e\" size=\"4\" face=\"Arial, Helvetica, sans-serif\"><span title=\"\" data-original-title=\"\" style=\"font-family: Arial, Helvetica, sans-serif; font-size: 15px; color: #57697e;\">{order_total_value}</span></font></div></td></tr><tr><td><br></td><td>{/order_totals}<br></td><td><br></td></tr></tbody></table><!-- padding --><div style=\"height: 20px; line-height: 20px; font-size: 10px;\"></div></td></tr><tr><td align=\"left\"><div style=\"line-height: 24px;\"><font style=\"font-size: 15px;\" color=\"#57697e\" size=\"4\" face=\"Arial, Helvetica, sans-serif\"><span title=\"\" data-original-title=\"\" style=\"font-family: Arial, Helvetica, sans-serif; font-size: 15px; color: #57697e;\">{order_comment}</span></font></div><!-- padding --><div style=\"height: 20px; line-height: 20px; font-size: 10px;\"></div></td></tr><tr><td align=\"left\"><div style=\"line-height: 24px;\"><font style=\"font-size: 15px;\" color=\"#57697e\" size=\"4\" face=\"Arial, Helvetica, sans-serif\"><span title=\"\" data-original-title=\"\" style=\"font-family: Arial, Helvetica, sans-serif; font-size: 15px; color: #57697e;\">{order_address}</span></font></div><div style=\"line-height: 24px;\"><font style=\"font-size: 15px;\" color=\"#57697e\" size=\"4\" face=\"Arial, Helvetica, sans-serif\"><span title=\"\" data-original-title=\"\" style=\"font-family: Arial, Helvetica, sans-serif; font-size: 15px; color: #57697e;\"><span title=\"\" data-original-title=\"\" style=\"font-weight: bold;\">Restaurant:</span> {location_name}</span></font></div><!-- padding --><div style=\"height: 40px; line-height: 40px; font-size: 10px;\"></div></td></tr><tr><td align=\"left\"><div style=\"line-height: 24px;\"><font style=\"font-size: 15px;\" color=\"#57697e\" size=\"4\" face=\"Arial, Helvetica, sans-serif\"><span title=\"\" data-original-title=\"\" style=\"font-family: Arial, Helvetica, sans-serif; font-size: 15px; color: #57697e;\">We hope to see you again soon.<br>{signature}</span></font></div><!-- padding --><div style=\"height: 40px; line-height: 40px; font-size: 10px;\"></div></td></tr></tbody></table></td></tr><!--content 1 END--><!--footer --><tr><td class=\"iage_footer\" align=\"center\" bgcolor=\"#ffffff\"><!-- padding --><div style=\"height: 20px; line-height: 20px; font-size: 10px;\"></div><table border=\"0\" cellpadding=\"0\" cellspacing=\"0\" width=\"100%\"><tbody><tr><td align=\"center\"><font style=\"font-size: 13px;\" color=\"#96a5b5\" size=\"3\" face=\"Arial, Helvetica, sans-serif\"><span title=\"\" data-original-title=\"\" style=\"font-family: Arial, Helvetica, sans-serif; font-size: 13px; color: #96a5b5;\">2015  {site_name} All Rights Reserved.</span></font></td></tr></tbody></table><!-- padding --><div style=\"height: 20px; line-height: 20px; font-size: 10px;\"></div></td></tr><!--footer END--><tr><td><!-- padding --><div style=\"height: 80px; line-height: 80px; font-size: 10px;\"></div></td></tr></tbody></table><!--[if gte mso 10]></td></tr></table><![endif]--></td></tr></tbody></table></div>', '2014-04-16 00:56:00', '2014-07-20 14:29:55');
INSERT INTO `5vvgh_mail_templates_data` (`template_data_id`, `template_id`, `code`, `subject`, `body`, `date_added`, `date_updated`) VALUES ('14', '11', 'reservation', 'Your Reservation Confirmation - {reservation_number}', '<div id=\"mailsub\" class=\"notification\" align=\"center\"><table style=\"min-width: 320px;\" border=\"0\" cellpadding=\"0\" cellspacing=\"0\" width=\"100%\"><tbody><tr><td align=\"center\" bgcolor=\"#eff3f8\"><!--[if gte mso 10]><table width=\"680\" border=\"0\" cellspacing=\"0\" cellpadding=\"0\"><tr><td><![endif]--><table class=\"table_width_100\" style=\"max-width: 680px; min-width: 300px;\" border=\"0\" cellpadding=\"0\" cellspacing=\"0\" width=\"100%\"><tbody><tr><td><!-- padding --><div style=\"height: 80px; line-height: 80px; font-size: 10px;\"></div></td></tr><!--header --><tr><td align=\"center\" bgcolor=\"#ffffff\"><!-- padding --><div style=\"height: 30px; line-height: 30px; font-size: 10px;\"></div><table border=\"0\" cellpadding=\"0\" cellspacing=\"0\" width=\"90%\"><tbody><tr><td align=\"left\"><!-- Item --><div class=\"mob_center_bl\" style=\"float: left; display: inline-block; width: 115px;\"><table class=\"mob_center\" style=\"border-collapse: collapse;\" align=\"left\" border=\"0\" cellpadding=\"0\" cellspacing=\"0\" width=\"115\"><tbody><tr><td align=\"left\" valign=\"middle\"><!-- padding --><div style=\"height: 20px; line-height: 20px; font-size: 10px;\"></div><table border=\"0\" cellpadding=\"0\" cellspacing=\"0\" width=\"115\"><tbody><tr><td class=\"mob_center\" align=\"left\" valign=\"top\"><a href=\"{site_url}\" target=\"_blank\" style=\"color: #596167; font-family: Arial, Helvetica, sans-serif; font-size: 13px;\"><font face=\"Arial, Helvetica, sans-seri; font-size: 13px;\" color=\"#596167\" size=\"3\"><img src=\"{site_logo}\" alt=\"{site_name}\" style=\"display: block;\" height=\"19\" border=\"0\" width=\"115\"></font></a></td></tr></tbody></table></td></tr></tbody></table></div><!-- Item END--><!--[if gte mso 10]></td><td align=\"right\"><![endif]--><!-- Item --><div class=\"mob_center_bl\" style=\"float: right; display: inline-block; width: 88px;\"><table style=\"border-collapse: collapse;\" align=\"right\" border=\"0\" cellpadding=\"0\" cellspacing=\"0\" width=\"88\"><tbody><tr><td align=\"right\" valign=\"middle\"><!-- padding --><div style=\"height: 20px; line-height: 20px; font-size: 10px;\"></div><table border=\"0\" cellpadding=\"0\" cellspacing=\"0\" width=\"100%\"><tbody><tr><td align=\"right\"><!--social --><div class=\"mob_center_bl\" style=\"width: 88px;\"><table border=\"0\" cellpadding=\"0\" cellspacing=\"0\"><tbody><tr><td style=\"line-height: 19px;\" align=\"center\" width=\"30\"><a href=\"#\" target=\"_blank\" style=\"color: #596167; font-family: Arial, Helvetica, sans-serif; font-size: 12px;\"><font face=\"Arial, Helvetica, sans-serif\" color=\"#596167\" size=\"2\"></font></a></td><td style=\"line-height: 19px;\" align=\"center\" width=\"39\"><a href=\"#\" target=\"_blank\" style=\"color: #596167; font-family: Arial, Helvetica, sans-serif; font-size: 12px;\"><font face=\"Arial, Helvetica, sans-serif\" color=\"#596167\" size=\"2\"></font></a></td><td style=\"line-height: 19px;\" align=\"right\" width=\"29\"><a href=\"#\" target=\"_blank\" style=\"color: #596167; font-family: Arial, Helvetica, sans-serif; font-size: 12px;\"><font face=\"Arial, Helvetica, sans-serif\" color=\"#596167\" size=\"2\"></font></a></td></tr></tbody></table></div><!--social END--></td></tr></tbody></table></td></tr></tbody></table></div><!-- Item END--></td></tr></tbody></table><!-- padding --><div style=\"height: 50px; line-height: 50px; font-size: 10px;\"></div></td></tr><!--header END--><!--content 1 --><tr><td align=\"center\" bgcolor=\"#fbfcfd\"><table border=\"0\" cellpadding=\"0\" cellspacing=\"0\" width=\"90%\"><tbody><tr><td align=\"left\"><!-- padding --><div style=\"height: 40px; line-height: 40px; font-size: 10px;\"></div><div style=\"line-height: 44px;\"><font style=\"font-size: 34px;\" face=\"Arial, Helvetica, sans-serif\" color=\"#57697e\" size=\"5\"><span style=\"font-family: Arial, Helvetica, sans-serif; font-size: 34px; color: #57697e;\">Thank you for your reservation!</span></font></div><!-- padding --><div style=\"height: 30px; line-height: 30px; font-size: 10px;\"></div></td></tr><tr><td align=\"left\"><div style=\"line-height: 24px;\"><font style=\"font-size: 15px;\" face=\"Arial, Helvetica, sans-serif\" color=\"#57697e\" size=\"4\"><span style=\"font-family: Arial, Helvetica, sans-serif; font-size: 15px; color: #57697e;\">Hello {first_name} {last_name},</span></font></div><!-- padding --><div style=\"height: 20px; line-height: 20px; font-size: 10px;\"></div></td></tr><tr><td align=\"left\"><div style=\"line-height: 24px;\"><font style=\"font-size: 15px;\" face=\"Arial, Helvetica, sans-serif\" color=\"#57697e\" size=\"4\"><span style=\"font-family: Arial, Helvetica, sans-serif; font-size: 15px; color: #57697e;\">Your reservation {reservation_number} at {location_name} has been booked for {reservation_guest_no} person(s) on {reservation_date} at {reservation_time}.</span></font></div><!-- padding --><div style=\"height: 20px; line-height: 20px; font-size: 10px;\"></div></td></tr><tr><td align=\"left\"><div style=\"line-height: 24px;\"><font style=\"font-size: 15px;\" face=\"Arial, Helvetica, sans-serif\" color=\"#57697e\" size=\"4\"><span style=\"font-family: Arial, Helvetica, sans-serif; font-size: 15px; color: #57697e;\">Thanks for reserving with us online!</span></font></div><!-- padding --><div style=\"height: 20px; line-height: 20px; font-size: 10px;\"></div></td></tr><tr><td align=\"left\"><div style=\"line-height: 24px;\"><font style=\"font-size: 15px;\" face=\"Arial, Helvetica, sans-serif\" color=\"#57697e\" size=\"4\"><span style=\"font-family: Arial, Helvetica, sans-serif; font-size: 15px; color: #57697e;\">We hope to see you again soon.<br>{signature}</span></font></div><!-- padding --><div style=\"height: 40px; line-height: 40px; font-size: 10px;\"></div></td></tr></tbody></table></td></tr><!--content 1 END--><!--footer --><tr><td class=\"iage_footer\" align=\"center\" bgcolor=\"#ffffff\"><!-- padding --><div style=\"height: 20px; line-height: 20px; font-size: 10px;\"></div><table border=\"0\" cellpadding=\"0\" cellspacing=\"0\" width=\"100%\"><tbody><tr><td align=\"center\"><font style=\"font-size: 13px;\" face=\"Arial, Helvetica, sans-serif\" color=\"#96a5b5\" size=\"3\"><span style=\"font-family: Arial, Helvetica, sans-serif; font-size: 13px; color: #96a5b5;\">2015  {site_name} All Rights Reserved.</span></font></td></tr></tbody></table><!-- padding --><div style=\"height: 20px; line-height: 20px; font-size: 10px;\"></div></td></tr><!--footer END--><tr><td><!-- padding --><div style=\"height: 80px; line-height: 80px; font-size: 10px;\"></div></td></tr></tbody></table><!--[if gte mso 10]></td></tr></table><![endif]--></td></tr></tbody></table></div>', '2014-04-16 00:56:00', '2014-07-22 20:13:48');
INSERT INTO `5vvgh_mail_templates_data` (`template_data_id`, `template_id`, `code`, `subject`, `body`, `date_added`, `date_updated`) VALUES ('15', '11', 'contact', 'Contact on {site_name}', '<div id=\"mailsub\" class=\"notification\" align=\"center\"><table style=\"min-width: 320px;\" border=\"0\" cellpadding=\"0\" cellspacing=\"0\" width=\"100%\"><tbody><tr><td align=\"center\" bgcolor=\"#eff3f8\"><!--[if gte mso 10]><table width=\"680\" border=\"0\" cellspacing=\"0\" cellpadding=\"0\"><tr><td><![endif]--><table class=\"table_width_100\" style=\"max-width: 680px; min-width: 300px;\" border=\"0\" cellpadding=\"0\" cellspacing=\"0\" width=\"100%\"><tbody><tr><td><!-- padding --><div style=\"height: 80px; line-height: 80px; font-size: 10px;\"></div></td></tr><!--header --><tr><td align=\"center\" bgcolor=\"#ffffff\"><!-- padding --><div style=\"height: 30px; line-height: 30px; font-size: 10px;\"></div><table border=\"0\" cellpadding=\"0\" cellspacing=\"0\" width=\"90%\"><tbody><tr><td align=\"left\"><!-- Item --><div class=\"mob_center_bl\" style=\"float: left; display: inline-block; width: 115px;\"><table class=\"mob_center\" style=\"border-collapse: collapse;\" align=\"left\" border=\"0\" cellpadding=\"0\" cellspacing=\"0\" width=\"115\"><tbody><tr><td align=\"left\" valign=\"middle\"><!-- padding --><div style=\"height: 20px; line-height: 20px; font-size: 10px;\"></div><table border=\"0\" cellpadding=\"0\" cellspacing=\"0\" width=\"115\"><tbody><tr><td class=\"mob_center\" align=\"left\" valign=\"top\"><a href=\"{site_url}\" target=\"_blank\" style=\"color: #596167; font-family: Arial, Helvetica, sans-serif; font-size: 13px;\"><font face=\"Arial, Helvetica, sans-seri; font-size: 13px;\" color=\"#596167\" size=\"3\"><img src=\"{site_logo}\" alt=\"{site_name}\" style=\"display: block;\" height=\"19\" border=\"0\" width=\"115\"></font></a></td></tr></tbody></table></td></tr></tbody></table></div><!-- Item END--><!--[if gte mso 10]></td><td align=\"right\"><![endif]--><!-- Item --><div class=\"mob_center_bl\" style=\"float: right; display: inline-block; width: 88px;\"><table style=\"border-collapse: collapse;\" align=\"right\" border=\"0\" cellpadding=\"0\" cellspacing=\"0\" width=\"88\"><tbody><tr><td align=\"right\" valign=\"middle\"><!-- padding --><div style=\"height: 20px; line-height: 20px; font-size: 10px;\"></div><table border=\"0\" cellpadding=\"0\" cellspacing=\"0\" width=\"100%\"><tbody><tr><td align=\"right\"><!--social --><div class=\"mob_center_bl\" style=\"width: 88px;\"><table border=\"0\" cellpadding=\"0\" cellspacing=\"0\"><tbody><tr><td style=\"line-height: 19px;\" align=\"center\" width=\"30\"><a href=\"#\" target=\"_blank\" style=\"color: #596167; font-family: Arial, Helvetica, sans-serif; font-size: 12px;\"><font face=\"Arial, Helvetica, sans-serif\" color=\"#596167\" size=\"2\"></font></a></td><td style=\"line-height: 19px;\" align=\"center\" width=\"39\"><a href=\"#\" target=\"_blank\" style=\"color: #596167; font-family: Arial, Helvetica, sans-serif; font-size: 12px;\"><font face=\"Arial, Helvetica, sans-serif\" color=\"#596167\" size=\"2\"></font></a></td><td style=\"line-height: 19px;\" align=\"right\" width=\"29\"><a href=\"#\" target=\"_blank\" style=\"color: #596167; font-family: Arial, Helvetica, sans-serif; font-size: 12px;\"><font face=\"Arial, Helvetica, sans-serif\" color=\"#596167\" size=\"2\"></font></a></td></tr></tbody></table></div><!--social END--></td></tr></tbody></table></td></tr></tbody></table></div><!-- Item END--></td></tr></tbody></table><!-- padding --><div style=\"height: 50px; line-height: 50px; font-size: 10px;\"></div></td></tr><!--header END--><!--content 1 --><tr><td align=\"center\" bgcolor=\"#fbfcfd\"><table border=\"0\" cellpadding=\"0\" cellspacing=\"0\" width=\"90%\"><tbody><tr><td align=\"left\"><!-- padding --><div style=\"height: 40px; line-height: 40px; font-size: 10px;\"></div><div style=\"line-height: 44px;\"><font style=\"font-size: 34px;\" face=\"Arial, Helvetica, sans-serif\" color=\"#57697e\" size=\"5\"><span style=\"font-family: Arial, Helvetica, sans-serif; font-size: 34px; color: #57697e;\">Someone just contacted you!</span></font></div><!-- padding --><div style=\"height: 30px; line-height: 30px; font-size: 10px;\"></div></td></tr><tr><td align=\"left\"><div style=\"line-height: 24px;\"><font style=\"font-size: 15px;\" face=\"Arial, Helvetica, sans-serif\" color=\"#57697e\" size=\"4\"><span style=\"font-family: Arial, Helvetica, sans-serif; font-size: 15px; color: #57697e;\">Hello Admin,</span></font></div><!-- padding --><div style=\"height: 20px; line-height: 20px; font-size: 10px;\"><br></div></td></tr><tr><td align=\"left\"><div style=\"line-height: 24px;\"><font style=\"font-size: 15px;\" face=\"Arial, Helvetica, sans-serif\" color=\"#57697e\" size=\"4\"><span style=\"font-family: Arial, Helvetica, sans-serif; font-size: 15px; color: #57697e;\">From: {full_name}</span></font></div><div style=\"line-height: 24px;\"><font style=\"font-size: 15px;\" face=\"Arial, Helvetica, sans-serif\" color=\"#57697e\" size=\"4\"><span style=\"font-family: Arial, Helvetica, sans-serif; font-size: 15px; color: #57697e;\">Topic: {contact_topic}.</span></font></div><div style=\"line-height: 24px;\"><font style=\"font-size: 15px;\" face=\"Arial, Helvetica, sans-serif\" color=\"#57697e\" size=\"4\"><span style=\"font-family: Arial, Helvetica, sans-serif; font-size: 15px; color: #57697e;\">Telephone: {contact_telephone}.</span></font></div><div style=\"line-height: 24px;\"><font style=\"font-size: 15px;\" face=\"Arial, Helvetica, sans-serif\" color=\"#57697e\" size=\"4\"><span style=\"font-family: Arial, Helvetica, sans-serif; font-size: 15px; color: #57697e;\"><br></span></font></div><div style=\"line-height: 24px;\"><font style=\"font-size: 15px;\" face=\"Arial, Helvetica, sans-serif\" color=\"#57697e\" size=\"4\"><span style=\"font-family: Arial, Helvetica, sans-serif; font-size: 15px; color: #57697e;\">{contact_message}</span></font></div><div style=\"line-height: 24px;\"><font style=\"font-size: 15px;\" face=\"Arial, Helvetica, sans-serif\" color=\"#57697e\" size=\"4\"><span style=\"font-family: Arial, Helvetica, sans-serif; font-size: 15px; color: #57697e;\"><br></span></font></div><div style=\"line-height: 24px;\"><font style=\"font-size: 15px;\" face=\"Arial, Helvetica, sans-serif\" color=\"#57697e\" size=\"4\"><span style=\"font-family: Arial, Helvetica, sans-serif; font-size: 15px; color: #57697e;\">This inquiry was sent from {site_name}</span></font></div><div style=\"line-height: 24px;\"><font style=\"font-size: 15px;\" face=\"Arial, Helvetica, sans-serif\" color=\"#57697e\" size=\"4\"><span style=\"font-family: Arial, Helvetica, sans-serif; font-size: 15px; color: #57697e;\">{signature}<br></span></font></div><!-- padding --><div style=\"height: 20px; line-height: 20px; font-size: 10px;\"></div></td></tr></tbody></table></td></tr><!--content 1 END--><!--footer --><tr><td class=\"iage_footer\" align=\"center\" bgcolor=\"#ffffff\"><!-- padding --><div style=\"height: 20px; line-height: 20px; font-size: 10px;\"></div><table border=\"0\" cellpadding=\"0\" cellspacing=\"0\" width=\"100%\"><tbody><tr><td align=\"center\"><font style=\"font-size: 13px;\" face=\"Arial, Helvetica, sans-serif\" color=\"#96a5b5\" size=\"3\"><span style=\"font-family: Arial, Helvetica, sans-serif; font-size: 13px; color: #96a5b5;\">2015  {site_name} All Rights Reserved.</span></font></td></tr></tbody></table><!-- padding --><div style=\"height: 20px; line-height: 20px; font-size: 10px;\"></div></td></tr><!--footer END--><tr><td><!-- padding --><div style=\"height: 80px; line-height: 80px; font-size: 10px;\"></div></td></tr></tbody></table><!--[if gte mso 10]></td></tr></table><![endif]--></td></tr></tbody></table></div>', '2014-04-16 00:56:00', '2014-05-15 18:00:57');
INSERT INTO `5vvgh_mail_templates_data` (`template_data_id`, `template_id`, `code`, `subject`, `body`, `date_added`, `date_updated`) VALUES ('16', '11', 'internal', 'Subject here', 'Body here', '2014-04-16 00:56:00', '2014-04-16 00:59:00');
INSERT INTO `5vvgh_mail_templates_data` (`template_data_id`, `template_id`, `code`, `subject`, `body`, `date_added`, `date_updated`) VALUES ('17', '11', 'order_alert', 'New order on {site_name}', '<div id=\"mailsub\" class=\"notification\" align=\"center\"><table style=\"min-width: 320px;\" border=\"0\" cellpadding=\"0\" cellspacing=\"0\" width=\"100%\"><tbody><tr><td align=\"center\" bgcolor=\"#eff3f8\"><!--[if gte mso 10]><table width=\"680\" border=\"0\" cellspacing=\"0\" cellpadding=\"0\"><tr><td><![endif]--><table class=\"table_width_100\" style=\"max-width: 680px; min-width: 300px;\" border=\"0\" cellpadding=\"0\" cellspacing=\"0\" width=\"100%\"><tbody><tr><td><!-- padding --><div style=\"height: 80px; line-height: 80px; font-size: 10px;\"></div></td></tr><!--header --><tr><td align=\"center\" bgcolor=\"#ffffff\"><!-- padding --><div style=\"height: 30px; line-height: 30px; font-size: 10px;\"></div><table border=\"0\" cellpadding=\"0\" cellspacing=\"0\" width=\"90%\"><tbody><tr><td align=\"left\"><!-- Item --><div class=\"mob_center_bl\" style=\"float: left; display: inline-block; width: 115px;\"><table class=\"mob_center\" style=\"border-collapse: collapse;\" align=\"left\" border=\"0\" cellpadding=\"0\" cellspacing=\"0\" width=\"115\"><tbody><tr><td align=\"left\" valign=\"middle\"><!-- padding --><div style=\"height: 20px; line-height: 20px; font-size: 10px;\"></div><table border=\"0\" cellpadding=\"0\" cellspacing=\"0\" width=\"115\"><tbody><tr><td class=\"mob_center\" align=\"left\" valign=\"top\"><a title=\"\" data-original-title=\"\" href=\"{site_url}\" target=\"_blank\" style=\"color: #596167; font-family: Arial, Helvetica, sans-serif; font-size: 13px;\"><font color=\"#596167\" size=\"3\" face=\"Arial, Helvetica, sans-seri; font-size: 13px;\"><img src=\"{site_logo}\" alt=\"{site_name}\" style=\"display: block;\" border=\"0\" width=\"115\" height=\"19\"></font></a></td></tr></tbody></table></td></tr></tbody></table></div><!-- Item END--><!--[if gte mso 10]></td><td align=\"right\"><![endif]--><!-- Item --><div class=\"mob_center_bl\" style=\"float: right; display: inline-block; width: 88px;\"><table style=\"border-collapse: collapse;\" align=\"right\" border=\"0\" cellpadding=\"0\" cellspacing=\"0\" width=\"88\"><tbody><tr><td align=\"right\" valign=\"middle\"><!-- padding --><div style=\"height: 20px; line-height: 20px; font-size: 10px;\"></div><table border=\"0\" cellpadding=\"0\" cellspacing=\"0\" width=\"100%\"><tbody><tr><td align=\"right\"><!--social --><div class=\"mob_center_bl\" style=\"width: 88px;\"><table border=\"0\" cellpadding=\"0\" cellspacing=\"0\"><tbody><tr><td style=\"line-height: 19px;\" align=\"center\" width=\"30\"><a title=\"\" data-original-title=\"\" href=\"#\" target=\"_blank\" style=\"color: #596167; font-family: Arial, Helvetica, sans-serif; font-size: 12px;\"><font color=\"#596167\" size=\"2\" face=\"Arial, Helvetica, sans-serif\"></font></a></td><td style=\"line-height: 19px;\" align=\"center\" width=\"39\"><a title=\"\" data-original-title=\"\" href=\"#\" target=\"_blank\" style=\"color: #596167; font-family: Arial, Helvetica, sans-serif; font-size: 12px;\"><font color=\"#596167\" size=\"2\" face=\"Arial, Helvetica, sans-serif\"></font></a></td><td style=\"line-height: 19px;\" align=\"right\" width=\"29\"><a title=\"\" data-original-title=\"\" href=\"#\" target=\"_blank\" style=\"color: #596167; font-family: Arial, Helvetica, sans-serif; font-size: 12px;\"><font color=\"#596167\" size=\"2\" face=\"Arial, Helvetica, sans-serif\"></font></a></td></tr></tbody></table></div><!--social END--></td></tr></tbody></table></td></tr></tbody></table></div><!-- Item END--></td></tr></tbody></table><!-- padding --><div style=\"height: 50px; line-height: 50px; font-size: 10px;\"></div></td></tr><!--header END--><!--content 1 --><tr><td align=\"center\" bgcolor=\"#fbfcfd\"><table border=\"0\" cellpadding=\"0\" cellspacing=\"0\" width=\"90%\"><tbody><tr><td align=\"left\"><!-- padding --><div style=\"height: 40px; line-height: 40px; font-size: 10px;\"></div><div style=\"line-height: 44px;\"><font style=\"font-size: 34px;\" color=\"#57697e\" size=\"5\" face=\"Arial, Helvetica, sans-serif\"><span title=\"\" data-original-title=\"\" style=\"font-family: Arial, Helvetica, sans-serif; font-size: 34px; color: #57697e;\">You received an order!</span></font></div><!-- padding --><div style=\"height: 30px; line-height: 30px; font-size: 10px;\"></div></td></tr><tr><td align=\"left\"><div style=\"line-height: 24px;\"><font style=\"font-size: 15px;\" color=\"#57697e\" size=\"4\" face=\"Arial, Helvetica, sans-serif\"><span title=\"\" data-original-title=\"\" style=\"font-family: Arial, Helvetica, sans-serif; font-size: 15px; color: #57697e;\">You just received an order from {location_name}.</span></font><br></div><!-- padding --><div style=\"height: 20px; line-height: 20px; font-size: 10px;\"></div></td></tr><tr><td align=\"left\"><div style=\"line-height: 24px;\"><font style=\"font-size: 15px;\" color=\"#57697e\" size=\"4\" face=\"Arial, Helvetica, sans-serif\"><span title=\"\" data-original-title=\"\" style=\"font-family: Arial, Helvetica, sans-serif; font-size: 15px; color: #57697e;\">The order number is {order_number}<br> This is a {order_type} order.</span></font></div><div style=\"line-height: 24px;\"><font style=\"font-size: 15px;\" color=\"#57697e\" size=\"4\" face=\"Arial, Helvetica, sans-serif\"><span title=\"\" data-original-title=\"\" style=\"font-family: Arial, Helvetica, sans-serif; font-size: 15px; color: #57697e;\"><br><strong>Customer name:</strong> {first_name} {last_name}<br><strong>Order date:</strong> {order_date}<br><strong>Requested {order_type} time</strong> {order_time}<br><strong>Payment Method:</strong> {order_payment}<br><br></span></font></div><!-- padding --><div style=\"height: 10px; line-height: 10px; font-size: 10px;\"></div></td></tr><tr><td align=\"left\"><div style=\"line-height: 24px;\"><font style=\"font-size: 15px;\" color=\"#57697e\" size=\"4\" face=\"Arial, Helvetica, sans-serif\"><span title=\"\" data-original-title=\"\" style=\"font-family: Arial, Helvetica, sans-serif; font-size: 15px; color: #57697e;\"></span></font></div><!-- padding --><div style=\"height: 30px; line-height: 30px; font-size: 10px;\"></div></td></tr><tr><td align=\"left\"><table border=\"0\" cellpadding=\"0\" cellspacing=\"0\" width=\"90%\"><tbody><tr><td><div style=\"line-height: 24px;\"><font style=\"font-size: 13px;\" color=\"#57697e\" size=\"3\" face=\"Arial, Helvetica, sans-serif\"><span title=\"\" data-original-title=\"\" style=\"font-family: Arial, Helvetica, sans-serif; font-size: 13px; color: #96a5b5;\">Name/Description</span></font></div></td><td><div style=\"line-height: 24px;\"><font style=\"font-size: 13px;\" color=\"#57697e\" size=\"3\" face=\"Arial, Helvetica, sans-serif\"><span title=\"\" data-original-title=\"\" style=\"font-family: Arial, Helvetica, sans-serif; font-size: 13px; color: #96a5b5;\">Unit Price</span></font></div></td><td><div style=\"line-height: 24px;\"><font style=\"font-size: 13px;\" color=\"#57697e\" size=\"3\" face=\"Arial, Helvetica, sans-serif\"><span title=\"\" data-original-title=\"\" style=\"font-family: Arial, Helvetica, sans-serif; font-size: 13px; color: #96a5b5;\">Sub Total</span></font></div></td></tr><tr><td>{order_menus}<br></td><td><br></td><td><br></td></tr><tr style=\"border-top:1px dashed #c3cbd5;\"><td><div style=\"line-height: 24px;\"><font style=\"font-size: 15px;font-weight:bold;\" color=\"#57697e\" size=\"4\" face=\"Arial, Helvetica, sans-serif\"><span title=\"\" data-original-title=\"\" style=\"font-family: Arial, Helvetica, sans-serif; font-size: 15px; color: #57697e;\">{menu_quantity} x {menu_name}</span></font></div><div style=\"line-height: 24px;\"><font style=\"font-size: 15px;\" color=\"#96a5b5\" size=\"4\" face=\"Arial, Helvetica, sans-serif\"><span title=\"\" data-original-title=\"\" style=\"font-family: Arial, Helvetica, sans-serif; font-size: 15px; color: #96a5b5;\">{menu_options}</span></font></div><div style=\"line-height: 24px;\"><font style=\"font-size: 15px;\" color=\"#96a5b5\" size=\"4\" face=\"Arial, Helvetica, sans-serif\"><span title=\"\" data-original-title=\"\" style=\"font-family: Arial, Helvetica, sans-serif; font-size: 15px; color: #96a5b5;\">{menu_comment}</span></font></div></td><td><div style=\"line-height: 24px;\"><font style=\"font-size: 15px;\" color=\"#57697e\" size=\"4\" face=\"Arial, Helvetica, sans-serif\"><span title=\"\" data-original-title=\"\" style=\"font-family: Arial, Helvetica, sans-serif; font-size: 15px; color: #57697e;\">{menu_price}</span></font></div></td><td><div style=\"line-height: 24px;\"><font style=\"font-size: 15px;\" color=\"#57697e\" size=\"4\" face=\"Arial, Helvetica, sans-serif\"><span title=\"\" data-original-title=\"\" style=\"font-family: Arial, Helvetica, sans-serif; font-size: 15px; color: #57697e;\">{menu_subtotal}</span></font></div></td></tr><tr><td>{/order_menus}</td><td><br></td><td><br></td></tr><tr><td><br></td><td>{order_totals}</td><td><br></td></tr><tr><td><br></td><td><div style=\"line-height: 24px;\"><font style=\"font-size: 15px;\" color=\"#57697e\" size=\"4\" face=\"Arial, Helvetica, sans-serif\"><span title=\"\" data-original-title=\"\" style=\"font-family: Arial, Helvetica, sans-serif; font-size: 15px; color: #57697e;\">{order_total_title}</span></font></div></td><td><div style=\"line-height: 24px;\"><font style=\"font-size: 15px;\" color=\"#57697e\" size=\"4\" face=\"Arial, Helvetica, sans-serif\"><span title=\"\" data-original-title=\"\" style=\"font-family: Arial, Helvetica, sans-serif; font-size: 15px; color: #57697e;\">{order_total_value}</span></font></div></td></tr><tr><td><br></td><td>{/order_totals}<br></td><td><br></td></tr></tbody></table><!-- padding --><div style=\"height: 20px; line-height: 20px; font-size: 10px;\"></div></td></tr><tr><td align=\"left\"><div style=\"line-height: 24px;\"><font style=\"font-size: 15px;\" color=\"#57697e\" size=\"4\" face=\"Arial, Helvetica, sans-serif\"><span title=\"\" data-original-title=\"\" style=\"font-family: Arial, Helvetica, sans-serif; font-size: 15px; color: #57697e;\">{order_comment}</span></font></div><!-- padding --><div style=\"height: 20px; line-height: 20px; font-size: 10px;\"></div></td></tr><tr><td align=\"left\"><!-- padding --><div style=\"height: 40px; line-height: 40px; font-size: 10px;\"></div></td></tr></tbody></table></td></tr><!--content 1 END--><!--footer --><tr><td class=\"iage_footer\" align=\"center\" bgcolor=\"#ffffff\"><!-- padding --><div style=\"height: 20px; line-height: 20px; font-size: 10px;\"></div><table border=\"0\" cellpadding=\"0\" cellspacing=\"0\" width=\"100%\"><tbody><tr><td align=\"center\"><font style=\"font-size: 13px;\" color=\"#96a5b5\" size=\"3\" face=\"Arial, Helvetica, sans-serif\"><span title=\"\" data-original-title=\"\" style=\"font-family: Arial, Helvetica, sans-serif; font-size: 13px; color: #96a5b5;\">2015  {site_name} All Rights Reserved.</span></font></td></tr></tbody></table><!-- padding --><div style=\"height: 20px; line-height: 20px; font-size: 10px;\"></div></td></tr><!--footer END--><tr><td><!-- padding --><div style=\"height: 80px; line-height: 80px; font-size: 10px;\"></div></td></tr></tbody></table><!--[if gte mso 10]></td></tr></table><![endif]--></td></tr></tbody></table></div>', '2014-04-16 00:56:00', '2014-04-16 00:59:00');
INSERT INTO `5vvgh_mail_templates_data` (`template_data_id`, `template_id`, `code`, `subject`, `body`, `date_added`, `date_updated`) VALUES ('18', '11', 'reservation_alert', 'New reservation on {site_name}', '<div id=\"mailsub\" class=\"notification\" align=\"center\"><table style=\"min-width: 320px;\" border=\"0\" cellpadding=\"0\" cellspacing=\"0\" width=\"100%\"><tbody><tr><td align=\"center\" bgcolor=\"#eff3f8\"><!--[if gte mso 10]><table width=\"680\" border=\"0\" cellspacing=\"0\" cellpadding=\"0\"><tr><td><![endif]--><table class=\"table_width_100\" style=\"max-width: 680px; min-width: 300px;\" border=\"0\" cellpadding=\"0\" cellspacing=\"0\" width=\"100%\"><tbody><tr><td><!-- padding --><div style=\"height: 80px; line-height: 80px; font-size: 10px;\"></div></td></tr><!--header --><tr><td align=\"center\" bgcolor=\"#ffffff\"><!-- padding --><div style=\"height: 30px; line-height: 30px; font-size: 10px;\"></div><table border=\"0\" cellpadding=\"0\" cellspacing=\"0\" width=\"90%\"><tbody><tr><td align=\"left\"><!-- Item --><div class=\"mob_center_bl\" style=\"float: left; display: inline-block; width: 115px;\"><table class=\"mob_center\" style=\"border-collapse: collapse;\" align=\"left\" border=\"0\" cellpadding=\"0\" cellspacing=\"0\" width=\"115\"><tbody><tr><td align=\"left\" valign=\"middle\"><!-- padding --><div style=\"height: 20px; line-height: 20px; font-size: 10px;\"></div><table border=\"0\" cellpadding=\"0\" cellspacing=\"0\" width=\"115\"><tbody><tr><td class=\"mob_center\" align=\"left\" valign=\"top\"><a href=\"{site_url}\" target=\"_blank\" style=\"color: #596167; font-family: Arial, Helvetica, sans-serif; font-size: 13px;\"><font face=\"Arial, Helvetica, sans-seri; font-size: 13px;\" color=\"#596167\" size=\"3\"><img src=\"{site_logo}\" alt=\"{site_name}\" style=\"display: block;\" height=\"19\" border=\"0\" width=\"115\"></font></a></td></tr></tbody></table></td></tr></tbody></table></div><!-- Item END--><!--[if gte mso 10]></td><td align=\"right\"><![endif]--><!-- Item --><div class=\"mob_center_bl\" style=\"float: right; display: inline-block; width: 88px;\"><table style=\"border-collapse: collapse;\" align=\"right\" border=\"0\" cellpadding=\"0\" cellspacing=\"0\" width=\"88\"><tbody><tr><td align=\"right\" valign=\"middle\"><!-- padding --><div style=\"height: 20px; line-height: 20px; font-size: 10px;\"></div><table border=\"0\" cellpadding=\"0\" cellspacing=\"0\" width=\"100%\"><tbody><tr><td align=\"right\"><!--social --><div class=\"mob_center_bl\" style=\"width: 88px;\"><table border=\"0\" cellpadding=\"0\" cellspacing=\"0\"><tbody><tr><td style=\"line-height: 19px;\" align=\"center\" width=\"30\"><a href=\"#\" target=\"_blank\" style=\"color: #596167; font-family: Arial, Helvetica, sans-serif; font-size: 12px;\"><font face=\"Arial, Helvetica, sans-serif\" color=\"#596167\" size=\"2\"></font></a></td><td style=\"line-height: 19px;\" align=\"center\" width=\"39\"><a href=\"#\" target=\"_blank\" style=\"color: #596167; font-family: Arial, Helvetica, sans-serif; font-size: 12px;\"><font face=\"Arial, Helvetica, sans-serif\" color=\"#596167\" size=\"2\"></font></a></td><td style=\"line-height: 19px;\" align=\"right\" width=\"29\"><a href=\"#\" target=\"_blank\" style=\"color: #596167; font-family: Arial, Helvetica, sans-serif; font-size: 12px;\"><font face=\"Arial, Helvetica, sans-serif\" color=\"#596167\" size=\"2\"></font></a></td></tr></tbody></table></div><!--social END--></td></tr></tbody></table></td></tr></tbody></table></div><!-- Item END--></td></tr></tbody></table><!-- padding --><div style=\"height: 50px; line-height: 50px; font-size: 10px;\"></div></td></tr><!--header END--><!--content 1 --><tr><td align=\"center\" bgcolor=\"#fbfcfd\"><table border=\"0\" cellpadding=\"0\" cellspacing=\"0\" width=\"90%\"><tbody><tr><td align=\"left\"><!-- padding --><div style=\"height: 40px; line-height: 40px; font-size: 10px;\"></div><div style=\"line-height: 44px;\"><font style=\"font-size: 34px;\" face=\"Arial, Helvetica, sans-serif\" color=\"#57697e\" size=\"5\"><span style=\"font-family: Arial, Helvetica, sans-serif; font-size: 34px; color: #57697e;\">You received a table reservation!</span></font></div><!-- padding --><div style=\"height: 30px; line-height: 30px; font-size: 10px;\"></div></td></tr><tr><td align=\"left\"><div style=\"line-height: 24px;\"><font style=\"font-size: 15px;\" face=\"Arial, Helvetica, sans-serif\" color=\"#57697e\" size=\"4\"><span style=\"font-family: Arial, Helvetica, sans-serif; font-size: 15px; color: #57697e;\"><span style=\"font-weight: bold;\">Customer name:</span> {first_name} {last_name}</span></font></div><!-- padding --></td></tr><tr><td align=\"left\"><div style=\"line-height: 24px;\"><font style=\"font-size: 15px;\" face=\"Arial, Helvetica, sans-serif\" color=\"#57697e\" size=\"4\"><span style=\"font-family: Arial, Helvetica, sans-serif; font-size: 15px; color: #57697e;\"><span style=\"font-weight: bold;\">Reservation no:</span> {reservation_number} </span></font></div><div style=\"line-height: 24px;\"><font style=\"font-size: 15px;\" face=\"Arial, Helvetica, sans-serif\" color=\"#57697e\" size=\"4\"><span style=\"font-family: Arial, Helvetica, sans-serif; font-size: 15px; color: #57697e;\"><span style=\"font-weight: bold;\">Restaurant:</span> {location_name} </span></font></div><div style=\"line-height: 24px;\"><font style=\"font-size: 15px;\" face=\"Arial, Helvetica, sans-serif\" color=\"#57697e\" size=\"4\"><span style=\"font-family: Arial, Helvetica, sans-serif; font-size: 15px; color: #57697e;\"><span style=\"font-weight: bold;\">No of guest(s):</span> {reservation_guest_no} person(s) </span></font></div><div style=\"line-height: 24px;\"><font style=\"font-size: 15px;\" face=\"Arial, Helvetica, sans-serif\" color=\"#57697e\" size=\"4\"><span style=\"font-family: Arial, Helvetica, sans-serif; font-size: 15px; color: #57697e;\"><span style=\"font-weight: bold;\">Reservation date:</span> {reservation_date}</span></font></div><div style=\"line-height: 24px;\"><font style=\"font-size: 15px;\" face=\"Arial, Helvetica, sans-serif\" color=\"#57697e\" size=\"4\"><span style=\"font-family: Arial, Helvetica, sans-serif; font-size: 15px; color: #57697e;\"><font style=\"font-size: 15px;\" face=\"Arial, Helvetica, sans-serif\" color=\"#57697e\" size=\"4\"><span style=\"font-family: Arial, Helvetica, sans-serif; font-size: 15px; color: #57697e;\"><span style=\"font-weight: bold;\">Reservation time: </span></span></font>{reservation_time}</span></font></div><!-- padding --><div style=\"height: 20px; line-height: 20px; font-size: 10px;\"></div></td></tr><tr><td align=\"left\"><div style=\"line-height: 24px;\"><font style=\"font-size: 15px;\" face=\"Arial, Helvetica, sans-serif\" color=\"#57697e\" size=\"4\"><span style=\"font-family: Arial, Helvetica, sans-serif; font-size: 15px; color: #57697e;\">You received a table reservation from {site_name}<br></span></font></div><!-- padding --><div style=\"height: 40px; line-height: 40px; font-size: 10px;\"></div></td></tr></tbody></table></td></tr><!--content 1 END--><!--footer --><tr><td class=\"iage_footer\" align=\"center\" bgcolor=\"#ffffff\"><!-- padding --><div style=\"height: 20px; line-height: 20px; font-size: 10px;\"></div><table border=\"0\" cellpadding=\"0\" cellspacing=\"0\" width=\"100%\"><tbody><tr><td align=\"center\"><font style=\"font-size: 13px;\" face=\"Arial, Helvetica, sans-serif\" color=\"#96a5b5\" size=\"3\"><span style=\"font-family: Arial, Helvetica, sans-serif; font-size: 13px; color: #96a5b5;\">2015  {site_name} All Rights Reserved.</span></font></td></tr></tbody></table><!-- padding --><div style=\"height: 20px; line-height: 20px; font-size: 10px;\"></div></td></tr><!--footer END--><tr><td><!-- padding --><div style=\"height: 80px; line-height: 80px; font-size: 10px;\"></div></td></tr></tbody></table><!--[if gte mso 10]></td></tr></table><![endif]--></td></tr></tbody></table></div>', '2014-04-16 00:56:00', '2014-04-16 00:59:00');
INSERT INTO `5vvgh_mail_templates_data` (`template_data_id`, `template_id`, `code`, `subject`, `body`, `date_added`, `date_updated`) VALUES ('19', '11', 'registration_alert', 'New Customer on {site_name}', '<div id=\"mailsub\" class=\"notification\" align=\"center\"><table style=\"min-width: 320px;\" border=\"0\" cellpadding=\"0\" cellspacing=\"0\" width=\"100%\"><tbody><tr><td align=\"center\" bgcolor=\"#eff3f8\"><!--[if gte mso 10]><table width=\"680\" border=\"0\" cellspacing=\"0\" cellpadding=\"0\"><tr><td><![endif]--><table class=\"table_width_100\" style=\"max-width: 680px; min-width: 300px;\" border=\"0\" cellpadding=\"0\" cellspacing=\"0\" width=\"100%\"><tbody><tr><td><!-- padding --><div style=\"height: 80px; line-height: 80px; font-size: 10px;\"></div></td></tr><!--header --><tr><td align=\"center\" bgcolor=\"#ffffff\"><!-- padding --><div style=\"height: 30px; line-height: 30px; font-size: 10px;\"></div><table border=\"0\" cellpadding=\"0\" cellspacing=\"0\" width=\"90%\"><tbody><tr><td align=\"left\"><!-- Item --><div class=\"mob_center_bl\" style=\"float: left; display: inline-block; width: 115px;\"><table class=\"mob_center\" style=\"border-collapse: collapse;\" align=\"left\" border=\"0\" cellpadding=\"0\" cellspacing=\"0\" width=\"115\"><tbody><tr><td align=\"left\" valign=\"middle\"><!-- padding --><div style=\"height: 20px; line-height: 20px; font-size: 10px;\"></div><table border=\"0\" cellpadding=\"0\" cellspacing=\"0\" width=\"115\"><tbody><tr><td class=\"mob_center\" align=\"left\" valign=\"top\"><a href=\"{site_url}\" target=\"_blank\" style=\"color: #596167; font-family: Arial, Helvetica, sans-serif; font-size: 13px;\"><font face=\"Arial, Helvetica, sans-seri; font-size: 13px;\" color=\"#596167\" size=\"3\"><img src=\"{site_logo}\" alt=\"{site_name}\" style=\"display: block;\" height=\"19\" border=\"0\" width=\"115\"></font></a></td></tr></tbody></table></td></tr></tbody></table></div><!-- Item END--><!--[if gte mso 10]></td><td align=\"right\"><![endif]--><!-- Item --><div class=\"mob_center_bl\" style=\"float: right; display: inline-block; width: 88px;\"><table style=\"border-collapse: collapse;\" align=\"right\" border=\"0\" cellpadding=\"0\" cellspacing=\"0\" width=\"88\"><tbody><tr><td align=\"right\" valign=\"middle\"><!-- padding --><div style=\"height: 20px; line-height: 20px; font-size: 10px;\"></div><table border=\"0\" cellpadding=\"0\" cellspacing=\"0\" width=\"100%\"><tbody><tr><td align=\"right\"><!--social --><div class=\"mob_center_bl\" style=\"width: 88px;\"><table border=\"0\" cellpadding=\"0\" cellspacing=\"0\"><tbody><tr><td style=\"line-height: 19px;\" align=\"center\" width=\"30\"><a href=\"#\" target=\"_blank\" style=\"color: #596167; font-family: Arial, Helvetica, sans-serif; font-size: 12px;\"><font face=\"Arial, Helvetica, sans-serif\" color=\"#596167\" size=\"2\"></font></a></td><td style=\"line-height: 19px;\" align=\"center\" width=\"39\"><a href=\"#\" target=\"_blank\" style=\"color: #596167; font-family: Arial, Helvetica, sans-serif; font-size: 12px;\"><font face=\"Arial, Helvetica, sans-serif\" color=\"#596167\" size=\"2\"></font></a></td><td style=\"line-height: 19px;\" align=\"right\" width=\"29\"><a href=\"#\" target=\"_blank\" style=\"color: #596167; font-family: Arial, Helvetica, sans-serif; font-size: 12px;\"><font face=\"Arial, Helvetica, sans-serif\" color=\"#596167\" size=\"2\"></font></a></td></tr></tbody></table></div><!--social END--></td></tr></tbody></table></td></tr></tbody></table></div><!-- Item END--></td></tr></tbody></table><!-- padding --><div style=\"height: 50px; line-height: 50px; font-size: 10px;\"></div></td></tr><!--header END--><!--content 1 --><tr><td align=\"center\" bgcolor=\"#fbfcfd\"><table border=\"0\" cellpadding=\"0\" cellspacing=\"0\" width=\"90%\"><tbody><tr><td align=\"left\"><!-- padding --><div style=\"height: 40px; line-height: 40px; font-size: 10px;\"></div><div style=\"line-height: 44px;\"><font style=\"font-size: 34px;\" face=\"Arial, Helvetica, sans-serif\" color=\"#57697e\" size=\"5\"><span style=\"font-family: Arial, Helvetica, sans-serif; font-size: 34px; color: #57697e;\">You have a new customer!</span></font></div><!-- padding --><div style=\"height: 30px; line-height: 30px; font-size: 10px;\"></div></td></tr><tr><td align=\"left\"><div style=\"line-height: 24px;\"><font style=\"font-size: 15px;\" face=\"Arial, Helvetica, sans-serif\" color=\"#57697e\" size=\"4\"><span style=\"font-family: Arial, Helvetica, sans-serif; font-size: 15px; color: #57697e;\"><span style=\"font-weight: bold;\">Customer name:</span> {first_name} {last_name}</span></font></div><!-- padding --><div style=\"height: 30px; line-height: 30px; font-size: 10px;\"></div></td></tr></tbody></table></td></tr><!--content 1 END--><!--footer --><tr><td class=\"iage_footer\" align=\"center\" bgcolor=\"#ffffff\"><!-- padding --><div style=\"height: 20px; line-height: 20px; font-size: 10px;\"></div><table border=\"0\" cellpadding=\"0\" cellspacing=\"0\" width=\"100%\"><tbody><tr><td align=\"center\"><font style=\"font-size: 13px;\" face=\"Arial, Helvetica, sans-serif\" color=\"#96a5b5\" size=\"3\"><span style=\"font-family: Arial, Helvetica, sans-serif; font-size: 13px; color: #96a5b5;\">2015  {site_name} All Rights Reserved.</span></font></td></tr></tbody></table><!-- padding --><div style=\"height: 20px; line-height: 20px; font-size: 10px;\"></div></td></tr><!--footer END--><tr><td><!-- padding --><div style=\"height: 80px; line-height: 80px; font-size: 10px;\"></div></td></tr></tbody></table><!--[if gte mso 10]></td></tr></table><![endif]--></td></tr></tbody></table></div>', '2016-11-17 00:00:00', '2016-11-17 00:00:00');
INSERT INTO `5vvgh_mail_templates_data` (`template_data_id`, `template_id`, `code`, `subject`, `body`, `date_added`, `date_updated`) VALUES ('20', '11', 'password_reset_alert', 'Password reset at {site_name}', '<div id=\"mailsub\" class=\"notification\" align=\"center\"><table style=\"min-width: 320px;\" border=\"0\" cellpadding=\"0\" cellspacing=\"0\" width=\"100%\"><tbody><tr><td align=\"center\" bgcolor=\"#eff3f8\"><!--[if gte mso 10]><table width=\"680\" border=\"0\" cellspacing=\"0\" cellpadding=\"0\"><tr><td><![endif]--><table class=\"table_width_100\" style=\"max-width: 680px; min-width: 300px;\" border=\"0\" cellpadding=\"0\" cellspacing=\"0\" width=\"100%\"><tbody><tr><td><!-- padding --><div style=\"height: 80px; line-height: 80px; font-size: 10px;\"></div></td></tr><!--header --><tr><td align=\"center\" bgcolor=\"#ffffff\"><!-- padding --><div style=\"height: 30px; line-height: 30px; font-size: 10px;\"></div><table border=\"0\" cellpadding=\"0\" cellspacing=\"0\" width=\"90%\"><tbody><tr><td align=\"left\"><!-- Item --><div class=\"mob_center_bl\" style=\"float: left; display: inline-block; width: 115px;\"><table class=\"mob_center\" style=\"border-collapse: collapse;\" align=\"left\" border=\"0\" cellpadding=\"0\" cellspacing=\"0\" width=\"115\"><tbody><tr><td align=\"left\" valign=\"middle\"><!-- padding --><div style=\"height: 20px; line-height: 20px; font-size: 10px;\"></div><table border=\"0\" cellpadding=\"0\" cellspacing=\"0\" width=\"115\"><tbody><tr><td class=\"mob_center\" align=\"left\" valign=\"top\"><a href=\"{site_url}\" target=\"_blank\" style=\"color: #596167; font-family: Arial, Helvetica, sans-serif; font-size: 13px;\"><font face=\"Arial, Helvetica, sans-seri; font-size: 13px;\" color=\"#596167\" size=\"3\"><img src=\"{site_logo}\" alt=\"{site_name}\" style=\"display: block;\" height=\"19\" border=\"0\" width=\"115\"></font></a></td></tr></tbody></table></td></tr></tbody></table></div><!-- Item END--><!--[if gte mso 10]></td><td align=\"right\"><![endif]--><!-- Item --><div class=\"mob_center_bl\" style=\"float: right; display: inline-block; width: 88px;\"><table style=\"border-collapse: collapse;\" align=\"right\" border=\"0\" cellpadding=\"0\" cellspacing=\"0\" width=\"88\"><tbody><tr><td align=\"right\" valign=\"middle\"><!-- padding --><div style=\"height: 20px; line-height: 20px; font-size: 10px;\"></div><table border=\"0\" cellpadding=\"0\" cellspacing=\"0\" width=\"100%\"><tbody><tr><td align=\"right\"><!--social --><div class=\"mob_center_bl\" style=\"width: 88px;\"><table border=\"0\" cellpadding=\"0\" cellspacing=\"0\"><tbody><tr><td style=\"line-height: 19px;\" align=\"center\" width=\"30\"><a href=\"#\" target=\"_blank\" style=\"color: #596167; font-family: Arial, Helvetica, sans-serif; font-size: 12px;\"><font face=\"Arial, Helvetica, sans-serif\" color=\"#596167\" size=\"2\"></font></a></td><td style=\"line-height: 19px;\" align=\"center\" width=\"39\"><a href=\"#\" target=\"_blank\" style=\"color: #596167; font-family: Arial, Helvetica, sans-serif; font-size: 12px;\"><font face=\"Arial, Helvetica, sans-serif\" color=\"#596167\" size=\"2\"></font></a></td><td style=\"line-height: 19px;\" align=\"right\" width=\"29\"><a href=\"#\" target=\"_blank\" style=\"color: #596167; font-family: Arial, Helvetica, sans-serif; font-size: 12px;\"><font face=\"Arial, Helvetica, sans-serif\" color=\"#596167\" size=\"2\"></font></a></td></tr></tbody></table></div><!--social END--></td></tr></tbody></table></td></tr></tbody></table></div><!-- Item END--></td></tr></tbody></table><!-- padding --><div style=\"height: 50px; line-height: 50px; font-size: 10px;\"></div></td></tr><!--header END--><!--content 1 --><tr><td align=\"center\" bgcolor=\"#fbfcfd\"><table border=\"0\" cellpadding=\"0\" cellspacing=\"0\" width=\"90%\"><tbody><tr><td align=\"left\"><!-- padding --><div style=\"height: 40px; line-height: 40px; font-size: 10px;\"></div><div style=\"line-height: 44px;\"><font style=\"font-size: 34px;\" face=\"Arial, Helvetica, sans-serif\" color=\"#57697e\" size=\"5\"><span style=\"font-family: Arial, Helvetica, sans-serif; font-size: 34px; color: #57697e;\">Reset your password!</span></font></div><!-- padding --><div style=\"height: 30px; line-height: 30px; font-size: 10px;\"></div></td></tr><tr><td align=\"left\"><div style=\"line-height: 24px;\"><font style=\"font-size: 15px;\" face=\"Arial, Helvetica, sans-serif\" color=\"#57697e\" size=\"4\"><span style=\"font-family: Arial, Helvetica, sans-serif; font-size: 15px; color: #57697e;\">Hello {staff_name},</span></font></div><!-- padding --><div style=\"height: 20px; line-height: 20px; font-size: 10px;\"></div></td></tr><tr><td align=\"left\"><div style=\"line-height: 24px;\"><font style=\"font-size: 15px;\" face=\"Arial, Helvetica, sans-serif\" color=\"#57697e\" size=\"4\"><span style=\"font-family: Arial, Helvetica, sans-serif; font-size: 15px; color: #57697e;\">You requested that the password be reset for the following account:</span></font></div><div style=\"line-height: 24px;\"><font style=\"font-size: 15px;\" face=\"Arial, Helvetica, sans-serif\" color=\"#57697e\" size=\"4\"><span style=\"font-family: Arial, Helvetica, sans-serif; font-size: 15px; color: #57697e;\">Username: {staff_username}</span></font></div><div style=\"line-height: 24px;\"><font style=\"font-size: 15px;\" face=\"Arial, Helvetica, sans-serif\" color=\"#57697e\" size=\"4\"><span style=\"font-family: Arial, Helvetica, sans-serif; font-size: 15px; color: #57697e;\">Password: {created_password}</span></font></div><!-- padding --><div style=\"height: 20px; line-height: 20px; font-size: 10px;\"></div></td></tr><tr><td align=\"left\"><div style=\"line-height: 24px;\"><font style=\"font-size: 15px;\" face=\"Arial, Helvetica, sans-serif\" color=\"#57697e\" size=\"4\"><span style=\"font-family: Arial, Helvetica, sans-serif; font-size: 15px; color: #57697e;\">Please do not forget to change your password after you login.<br> {signature}</span></font></div><!-- padding --><div style=\"height: 40px; line-height: 40px; font-size: 10px;\"></div></td></tr></tbody></table></td></tr><!--content 1 END--><!--footer --><tr><td class=\"iage_footer\" align=\"center\" bgcolor=\"#ffffff\"><!-- padding --><div style=\"height: 20px; line-height: 20px; font-size: 10px;\"></div><table border=\"0\" cellpadding=\"0\" cellspacing=\"0\" width=\"100%\"><tbody><tr><td align=\"center\"><font style=\"font-size: 13px;\" face=\"Arial, Helvetica, sans-serif\" color=\"#96a5b5\" size=\"3\"><span style=\"font-family: Arial, Helvetica, sans-serif; font-size: 13px; color: #96a5b5;\">2015  {site_name} All Rights Reserved.</span></font></td></tr></tbody></table><!-- padding --><div style=\"height: 20px; line-height: 20px; font-size: 10px;\"></div></td></tr><!--footer END--><tr><td><!-- padding --><div style=\"height: 80px; line-height: 80px; font-size: 10px;\"></div></td></tr></tbody></table><!--[if gte mso 10]></td></tr></table><![endif]--></td></tr></tbody></table></div>', '2016-11-17 00:00:00', '2016-11-17 00:00:00');
INSERT INTO `5vvgh_mail_templates_data` (`template_data_id`, `template_id`, `code`, `subject`, `body`, `date_added`, `date_updated`) VALUES ('21', '11', 'order_update', 'Your Order Update - {order_number}', '<div id=\"mailsub\" class=\"notification\" align=\"center\"><table style=\"min-width: 320px;\" border=\"0\" cellpadding=\"0\" cellspacing=\"0\" width=\"100%\"><tbody><tr><td align=\"center\" bgcolor=\"#eff3f8\"><!--[if gte mso 10]><table width=\"680\" border=\"0\" cellspacing=\"0\" cellpadding=\"0\"><tr><td><![endif]--><table class=\"table_width_100\" style=\"max-width: 680px; min-width: 300px;\" border=\"0\" cellpadding=\"0\" cellspacing=\"0\" width=\"100%\"><tbody><tr><td><!-- padding --><div style=\"height: 80px; line-height: 80px; font-size: 10px;\"></div></td></tr><!--header --><tr><td align=\"center\" bgcolor=\"#ffffff\"><!-- padding --><div style=\"height: 30px; line-height: 30px; font-size: 10px;\"></div><table border=\"0\" cellpadding=\"0\" cellspacing=\"0\" width=\"90%\"><tbody><tr><td align=\"left\"><!-- Item --><div class=\"mob_center_bl\" style=\"float: left; display: inline-block; width: 115px;\"><table class=\"mob_center\" style=\"border-collapse: collapse;\" align=\"left\" border=\"0\" cellpadding=\"0\" cellspacing=\"0\" width=\"115\"><tbody><tr><td align=\"left\" valign=\"middle\"><!-- padding --><div style=\"height: 20px; line-height: 20px; font-size: 10px;\"></div><table border=\"0\" cellpadding=\"0\" cellspacing=\"0\" width=\"115\"><tbody><tr><td class=\"mob_center\" align=\"left\" valign=\"top\"><a title=\"\" data-original-title=\"\" href=\"{site_url}\" target=\"_blank\" style=\"color: #596167; font-family: Arial, Helvetica, sans-serif; font-size: 13px;\"><font face=\"Arial, Helvetica, sans-seri; font-size: 13px;\" color=\"#596167\" size=\"3\"><img src=\"{site_logo}\" alt=\"{site_name}\" style=\"display: block;\" height=\"19\" border=\"0\" width=\"115\"></font></a></td></tr></tbody></table></td></tr></tbody></table></div><!-- Item END--><!--[if gte mso 10]></td><td align=\"right\"><![endif]--><!-- Item --><div class=\"mob_center_bl\" style=\"float: right; display: inline-block; width: 88px;\"><table style=\"border-collapse: collapse;\" align=\"right\" border=\"0\" cellpadding=\"0\" cellspacing=\"0\" width=\"88\"><tbody><tr><td align=\"right\" valign=\"middle\"><!-- padding --><div style=\"height: 20px; line-height: 20px; font-size: 10px;\"></div><table border=\"0\" cellpadding=\"0\" cellspacing=\"0\" width=\"100%\"><tbody><tr><td align=\"right\"><!--social --><div class=\"mob_center_bl\" style=\"width: 88px;\"><table border=\"0\" cellpadding=\"0\" cellspacing=\"0\"><tbody><tr><td style=\"line-height: 19px;\" align=\"center\" width=\"30\"><a title=\"\" data-original-title=\"\" href=\"#\" target=\"_blank\" style=\"color: #596167; font-family: Arial, Helvetica, sans-serif; font-size: 12px;\"><font face=\"Arial, Helvetica, sans-serif\" color=\"#596167\" size=\"2\"></font></a></td><td style=\"line-height: 19px;\" align=\"center\" width=\"39\"><a title=\"\" data-original-title=\"\" href=\"#\" target=\"_blank\" style=\"color: #596167; font-family: Arial, Helvetica, sans-serif; font-size: 12px;\"><font face=\"Arial, Helvetica, sans-serif\" color=\"#596167\" size=\"2\"></font></a></td><td style=\"line-height: 19px;\" align=\"right\" width=\"29\"><a title=\"\" data-original-title=\"\" href=\"#\" target=\"_blank\" style=\"color: #596167; font-family: Arial, Helvetica, sans-serif; font-size: 12px;\"><font face=\"Arial, Helvetica, sans-serif\" color=\"#596167\" size=\"2\"></font></a></td></tr></tbody></table></div><!--social END--></td></tr></tbody></table></td></tr></tbody></table></div><!-- Item END--></td></tr></tbody></table><!-- padding --><div style=\"height: 50px; line-height: 50px; font-size: 10px;\"></div></td></tr><!--header END--><!--content 1 --><tr><td align=\"center\" bgcolor=\"#fbfcfd\"><table border=\"0\" cellpadding=\"0\" cellspacing=\"0\" width=\"90%\"><tbody><tr><td align=\"left\"><div style=\"line-height: 24px;\"><font style=\"font-size: 15px;\" face=\"Arial, Helvetica, sans-serif\" color=\"#57697e\" size=\"4\"><span title=\"\" data-original-title=\"\" style=\"font-family: Arial, Helvetica, sans-serif; font-size: 15px; color: #57697e;\">Your order has been updated to the following status: <span title=\"\" data-original-title=\"\" style=\"font-weight: bold;\">{status_name}</span></span></font></div><!-- padding --><div style=\"height: 20px; line-height: 20px; font-size: 10px;\"></div></td></tr><tr><td align=\"left\"><div style=\"line-height: 24px;\"><font style=\"font-size: 15px;\" face=\"Arial, Helvetica, sans-serif\" color=\"#57697e\" size=\"4\"><span title=\"\" data-original-title=\"\" style=\"font-family: Arial, Helvetica, sans-serif; font-size: 15px; color: #57697e;\"><a title=\"\" data-original-title=\"\" href=\"{order_view_url}\">Click here</a> to view your order progress.</span></font><br></div><!-- padding --><div style=\"height: 20px; line-height: 20px; font-size: 10px;\"></div></td></tr><tr><td align=\"left\"><div style=\"line-height: 24px;\"><font style=\"font-size: 15px;\" face=\"Arial, Helvetica, sans-serif\" color=\"#57697e\" size=\"4\"><span title=\"\" data-original-title=\"\" style=\"font-family: Arial, Helvetica, sans-serif; font-size: 15px; color: #57697e;\">Your order number is: <span title=\"\" data-original-title=\"\" style=\"font-weight: bold;\">{order_number}</span></span></font></div><!-- padding --><div style=\"height: 30px; line-height: 30px; font-size: 10px;\"></div></td></tr><tr><td align=\"left\"><div style=\"line-height: 24px;\"><span title=\"\" data-original-title=\"\" style=\"font-weight: bold;\"><font style=\"font-size: 15px;\" face=\"Arial, Helvetica, sans-serif\" color=\"#57697e\" size=\"4\"><span title=\"\" data-original-title=\"\" style=\"font-family: Arial, Helvetica, sans-serif; font-size: 15px; color: #57697e;\">The comments for your order are:</span></font></span></div><div style=\"line-height: 24px;\"><font style=\"font-size: 15px;\" face=\"Arial, Helvetica, sans-serif\" color=\"#57697e\" size=\"4\"><span title=\"\" data-original-title=\"\" style=\"font-family: Arial, Helvetica, sans-serif; font-size: 15px; color: #57697e;\">{status_comment}</span></font></div><!-- padding --><div style=\"height: 40px; line-height: 40px; font-size: 10px;\"></div></td></tr><tr><td align=\"left\"><div style=\"line-height: 24px;\"><font style=\"font-size: 15px;\" face=\"Arial, Helvetica, sans-serif\" color=\"#57697e\" size=\"4\"><span title=\"\" data-original-title=\"\" style=\"font-family: Arial, Helvetica, sans-serif; font-size: 15px; color: #57697e;\">We hope to see you again soon.<br>{signature}</span></font></div><!-- padding --><div style=\"height: 40px; line-height: 40px; font-size: 10px;\"></div></td></tr></tbody></table></td></tr><!--content 1 END--><!--footer --><tr><td class=\"iage_footer\" align=\"center\" bgcolor=\"#ffffff\"><!-- padding --><div style=\"height: 20px; line-height: 20px; font-size: 10px;\"></div><table border=\"0\" cellpadding=\"0\" cellspacing=\"0\" width=\"100%\"><tbody><tr><td align=\"center\"><font style=\"font-size: 13px;\" face=\"Arial, Helvetica, sans-serif\" color=\"#96a5b5\" size=\"3\"><span title=\"\" data-original-title=\"\" style=\"font-family: Arial, Helvetica, sans-serif; font-size: 13px; color: #96a5b5;\">2015  {site_name} All Rights Reserved.</span></font></td></tr></tbody></table><!-- padding --><div style=\"height: 20px; line-height: 20px; font-size: 10px;\"></div></td></tr><!--footer END--><tr><td><!-- padding --><div style=\"height: 80px; line-height: 80px; font-size: 10px;\"></div></td></tr></tbody></table><!--[if gte mso 10]></td></tr></table><![endif]--></td></tr></tbody></table></div>', '2016-11-17 00:00:00', '2016-11-17 00:00:00');
INSERT INTO `5vvgh_mail_templates_data` (`template_data_id`, `template_id`, `code`, `subject`, `body`, `date_added`, `date_updated`) VALUES ('22', '11', 'reservation_update', 'Your Reservation Update - {reservation_number}', '<div id=\"mailsub\" class=\"notification\" align=\"center\"><table style=\"min-width: 320px;\" border=\"0\" cellpadding=\"0\" cellspacing=\"0\" width=\"100%\"><tbody><tr><td align=\"center\" bgcolor=\"#eff3f8\"><!--[if gte mso 10]><table width=\"680\" border=\"0\" cellspacing=\"0\" cellpadding=\"0\"><tr><td><![endif]--><table class=\"table_width_100\" style=\"max-width: 680px; min-width: 300px;\" border=\"0\" cellpadding=\"0\" cellspacing=\"0\" width=\"100%\"><tbody><tr><td><!-- padding --><div style=\"height: 80px; line-height: 80px; font-size: 10px;\"></div></td></tr><!--header --><tr><td align=\"center\" bgcolor=\"#ffffff\"><!-- padding --><div style=\"height: 30px; line-height: 30px; font-size: 10px;\"></div><table border=\"0\" cellpadding=\"0\" cellspacing=\"0\" width=\"90%\"><tbody><tr><td align=\"left\"><!-- Item --><div class=\"mob_center_bl\" style=\"float: left; display: inline-block; width: 115px;\"><table class=\"mob_center\" style=\"border-collapse: collapse;\" align=\"left\" border=\"0\" cellpadding=\"0\" cellspacing=\"0\" width=\"115\"><tbody><tr><td align=\"left\" valign=\"middle\"><!-- padding --><div style=\"height: 20px; line-height: 20px; font-size: 10px;\"></div><table border=\"0\" cellpadding=\"0\" cellspacing=\"0\" width=\"115\"><tbody><tr><td class=\"mob_center\" align=\"left\" valign=\"top\"><a title=\"\" data-original-title=\"\" href=\"{site_url}\" target=\"_blank\" style=\"color: #596167; font-family: Arial, Helvetica, sans-serif; font-size: 13px;\"><font face=\"Arial, Helvetica, sans-seri; font-size: 13px;\" color=\"#596167\" size=\"3\"><img src=\"{site_logo}\" alt=\"{site_name}\" style=\"display: block;\" height=\"19\" border=\"0\" width=\"115\"></font></a></td></tr></tbody></table></td></tr></tbody></table></div><!-- Item END--><!--[if gte mso 10]></td><td align=\"right\"><![endif]--><!-- Item --><div class=\"mob_center_bl\" style=\"float: right; display: inline-block; width: 88px;\"><table style=\"border-collapse: collapse;\" align=\"right\" border=\"0\" cellpadding=\"0\" cellspacing=\"0\" width=\"88\"><tbody><tr><td align=\"right\" valign=\"middle\"><!-- padding --><div style=\"height: 20px; line-height: 20px; font-size: 10px;\"></div><table border=\"0\" cellpadding=\"0\" cellspacing=\"0\" width=\"100%\"><tbody><tr><td align=\"right\"><!--social --><div class=\"mob_center_bl\" style=\"width: 88px;\"><table border=\"0\" cellpadding=\"0\" cellspacing=\"0\"><tbody><tr><td style=\"line-height: 19px;\" align=\"center\" width=\"30\"><a title=\"\" data-original-title=\"\" href=\"#\" target=\"_blank\" style=\"color: #596167; font-family: Arial, Helvetica, sans-serif; font-size: 12px;\"><font face=\"Arial, Helvetica, sans-serif\" color=\"#596167\" size=\"2\"></font></a></td><td style=\"line-height: 19px;\" align=\"center\" width=\"39\"><a title=\"\" data-original-title=\"\" href=\"#\" target=\"_blank\" style=\"color: #596167; font-family: Arial, Helvetica, sans-serif; font-size: 12px;\"><font face=\"Arial, Helvetica, sans-serif\" color=\"#596167\" size=\"2\"></font></a></td><td style=\"line-height: 19px;\" align=\"right\" width=\"29\"><a title=\"\" data-original-title=\"\" href=\"#\" target=\"_blank\" style=\"color: #596167; font-family: Arial, Helvetica, sans-serif; font-size: 12px;\"><font face=\"Arial, Helvetica, sans-serif\" color=\"#596167\" size=\"2\"></font></a></td></tr></tbody></table></div><!--social END--></td></tr></tbody></table></td></tr></tbody></table></div><!-- Item END--></td></tr></tbody></table><!-- padding --><div style=\"height: 50px; line-height: 50px; font-size: 10px;\"></div></td></tr><!--header END--><!--content 1 --><tr><td align=\"center\" bgcolor=\"#fbfcfd\"><table border=\"0\" cellpadding=\"0\" cellspacing=\"0\" width=\"90%\"><tbody><tr><td align=\"left\"><div style=\"line-height: 24px;\"><font style=\"font-size: 15px;\" face=\"Arial, Helvetica, sans-serif\" color=\"#57697e\" size=\"4\"><span title=\"\" data-original-title=\"\" style=\"font-family: Arial, Helvetica, sans-serif; font-size: 15px; color: #57697e;\">Your reservation has been updated to the following status: <span title=\"\" data-original-title=\"\" style=\"font-weight: bold;\">{status_name}</span></span></font></div><!-- padding --><div style=\"height: 20px; line-height: 20px; font-size: 10px;\"></div></td></tr><tr><td align=\"left\"><div style=\"line-height: 24px;\"><font style=\"font-size: 15px;\" face=\"Arial, Helvetica, sans-serif\" color=\"#57697e\" size=\"4\"><span title=\"\" data-original-title=\"\" style=\"font-family: Arial, Helvetica, sans-serif; font-size: 15px; color: #57697e;\">Your reservation number: <span title=\"\" data-original-title=\"\" style=\"font-weight: bold;\">{reservation_number}</span> at <span title=\"\" data-original-title=\"\" style=\"font-weight: bold;\">{location_name}</span>.</span></font></div><!-- padding --><div style=\"height: 20px; line-height: 20px; font-size: 10px;\"></div></td></tr><tr><td align=\"left\"><div style=\"line-height: 24px;\"><span title=\"\" data-original-title=\"\" style=\"font-weight: bold;\"><font style=\"font-size: 15px;\" face=\"Arial, Helvetica, sans-serif\" color=\"#57697e\" size=\"4\"><span title=\"\" data-original-title=\"\" style=\"font-family: Arial, Helvetica, sans-serif; font-size: 15px; color: #57697e;\">The comments for your reservation are:</span></font></span></div><div style=\"line-height: 24px;\"><font style=\"font-size: 15px;\" face=\"Arial, Helvetica, sans-serif\" color=\"#57697e\" size=\"4\"><span title=\"\" data-original-title=\"\" style=\"font-family: Arial, Helvetica, sans-serif; font-size: 15px; color: #57697e;\">{status_comment}<br></span></font></div><!-- padding --><div style=\"height: 20px; line-height: 20px; font-size: 10px;\"></div></td></tr><tr><td align=\"left\"><div style=\"line-height: 24px;\"><font style=\"font-size: 15px;\" face=\"Arial, Helvetica, sans-serif\" color=\"#57697e\" size=\"4\"><span title=\"\" data-original-title=\"\" style=\"font-family: Arial, Helvetica, sans-serif; font-size: 15px; color: #57697e;\">We hope to see you again soon.<br>{signature}</span></font></div><!-- padding --><div style=\"height: 40px; line-height: 40px; font-size: 10px;\"></div></td></tr></tbody></table></td></tr><!--content 1 END--><!--footer --><tr><td class=\"iage_footer\" align=\"center\" bgcolor=\"#ffffff\"><!-- padding --><div style=\"height: 20px; line-height: 20px; font-size: 10px;\"></div><table border=\"0\" cellpadding=\"0\" cellspacing=\"0\" width=\"100%\"><tbody><tr><td align=\"center\"><font style=\"font-size: 13px;\" face=\"Arial, Helvetica, sans-serif\" color=\"#96a5b5\" size=\"3\"><span title=\"\" data-original-title=\"\" style=\"font-family: Arial, Helvetica, sans-serif; font-size: 13px; color: #96a5b5;\">2015  {site_name} All Rights Reserved.</span></font></td></tr></tbody></table><!-- padding --><div style=\"height: 20px; line-height: 20px; font-size: 10px;\"></div></td></tr><!--footer END--><tr><td><!-- padding --><div style=\"height: 80px; line-height: 80px; font-size: 10px;\"></div></td></tr></tbody></table><!--[if gte mso 10]></td></tr></table><![endif]--></td></tr></tbody></table></div>', '2016-11-17 00:00:00', '2016-11-17 00:00:00');
INSERT INTO `5vvgh_mail_templates_data` (`template_data_id`, `template_id`, `code`, `subject`, `body`, `date_added`, `date_updated`) VALUES ('119', '38', 'registration', 'Welcome to {site_name}', '<div id=\"mailsub\" class=\"notification\" align=\"center\"><table style=\"min-width: 320px;\" width=\"100%\" cellspacing=\"0\" cellpadding=\"0\" border=\"0\"><tbody><tr><td bgcolor=\"#eff3f8\" align=\"center\"><!--[if gte mso 10]><table width=\"680\" border=\"0\" cellspacing=\"0\" cellpadding=\"0\"><tr><td><![endif]--><table class=\"table_width_100\" style=\"max-width: 680px; min-width: 300px;\" width=\"100%\" cellspacing=\"0\" cellpadding=\"0\" border=\"0\"><tbody><tr><td><!-- padding --><div style=\"height: 80px; line-height: 80px; font-size: 10px;\"></div></td></tr><!--header --><tr><td bgcolor=\"#ffffff\" align=\"center\"><!-- padding --><div style=\"height: 30px; line-height: 30px; font-size: 10px;\"></div><table width=\"90%\" cellspacing=\"0\" cellpadding=\"0\" border=\"0\"><tbody><tr><td align=\"left\"><!-- Item --><div class=\"mob_center_bl\" style=\"float: left; display: inline-block; width: 115px;\"><table class=\"mob_center\" style=\"border-collapse: collapse;\" width=\"115\" cellspacing=\"0\" cellpadding=\"0\" border=\"0\" align=\"left\"><tbody><tr><td valign=\"middle\" align=\"left\"><!-- padding --><div style=\"height: 20px; line-height: 20px; font-size: 10px;\"></div><table width=\"115\" cellspacing=\"0\" cellpadding=\"0\" border=\"0\"><tbody><tr><td class=\"mob_center\" valign=\"top\" align=\"left\"><a href=\"{site_url}\" target=\"_blank\" style=\"color: #596167; font-family: Arial, Helvetica, sans-serif; font-size: 13px;\"><font size=\"3\" color=\"#596167\" face=\"Arial, Helvetica, sans-seri; font-size: 13px;\"><img src=\"{site_logo}\" alt=\"{site_name}\" style=\"display: block;\" width=\"115\" border=\"0\" height=\"19\"></font></a></td></tr></tbody></table></td></tr></tbody></table></div><!-- Item END--><!--[if gte mso 10]></td><td align=\"right\"><![endif]--><!-- Item --><div class=\"mob_center_bl\" style=\"float: right; display: inline-block; width: 88px;\"><table style=\"border-collapse: collapse;\" width=\"88\" cellspacing=\"0\" cellpadding=\"0\" border=\"0\" align=\"right\"><tbody><tr><td valign=\"middle\" align=\"right\"><!-- padding --><div style=\"height: 20px; line-height: 20px; font-size: 10px;\"></div><table width=\"100%\" cellspacing=\"0\" cellpadding=\"0\" border=\"0\"><tbody><tr><td align=\"right\"><!--social --><div class=\"mob_center_bl\" style=\"width: 88px;\"><table cellspacing=\"0\" cellpadding=\"0\" border=\"0\"><tbody><tr><td style=\"line-height: 19px;\" width=\"30\" align=\"center\"><a href=\"#\" target=\"_blank\" style=\"color: #596167; font-family: Arial, Helvetica, sans-serif; font-size: 12px;\"><font size=\"2\" color=\"#596167\" face=\"Arial, Helvetica, sans-serif\"></font></a></td><td style=\"line-height: 19px;\" width=\"39\" align=\"center\"><a href=\"#\" target=\"_blank\" style=\"color: #596167; font-family: Arial, Helvetica, sans-serif; font-size: 12px;\"><font size=\"2\" color=\"#596167\" face=\"Arial, Helvetica, sans-serif\"></font></a></td><td style=\"line-height: 19px;\" width=\"29\" align=\"right\"><a href=\"#\" target=\"_blank\" style=\"color: #596167; font-family: Arial, Helvetica, sans-serif; font-size: 12px;\"><font size=\"2\" color=\"#596167\" face=\"Arial, Helvetica, sans-serif\"></font></a></td></tr></tbody></table></div><!--social END--></td></tr></tbody></table></td></tr></tbody></table></div><!-- Item END--></td></tr></tbody></table><!-- padding --><div style=\"height: 50px; line-height: 50px; font-size: 10px;\"></div></td></tr><!--header END--><!--content 1 --><tr><td bgcolor=\"#fbfcfd\" align=\"center\"><table width=\"90%\" cellspacing=\"0\" cellpadding=\"0\" border=\"0\"><tbody><tr><td align=\"left\"><!-- padding --><div style=\"height: 40px; line-height: 40px; font-size: 10px;\"></div><div style=\"line-height: 44px;\"><font style=\"font-size: 34px;\" size=\"5\" color=\"#57697e\" face=\"Arial, Helvetica, sans-serif\"><span style=\"font-family: Arial, Helvetica, sans-serif; font-size: 34px; color: #57697e;\">Welcome!</span></font></div><!-- padding --><div style=\"height: 30px; line-height: 30px; font-size: 10px;\"></div></td></tr><tr><td align=\"left\"><div style=\"line-height: 24px;\"><font style=\"font-size: 15px;\" size=\"4\" color=\"#57697e\" face=\"Arial, Helvetica, sans-serif\"><span style=\"font-family: Arial, Helvetica, sans-serif; font-size: 15px; color: #57697e;\">Hello {first_name} {last_name},</span></font></div><!-- padding --><div style=\"height: 20px; line-height: 20px; font-size: 10px;\"></div></td></tr><tr><td align=\"left\"><div style=\"line-height: 24px;\"><font style=\"font-size: 15px;\" size=\"4\" color=\"#57697e\" face=\"Arial, Helvetica, sans-serif\"><span style=\"font-family: Arial, Helvetica, sans-serif; font-size: 15px; color: #57697e;\">Thank you for registrating with {site_name}. Your account has now been created and you can log in using your email address and password by visiting our website or at the following URL: <a href=\"{account_login_link}\">Click Here</a></span></font></div><!-- padding --><div style=\"height: 20px; line-height: 20px; font-size: 10px;\"></div></td></tr><tr><td align=\"left\"><div style=\"line-height: 24px;\"><font style=\"font-size: 15px;\" size=\"4\" color=\"#57697e\" face=\"Arial, Helvetica, sans-serif\"><span style=\"font-family: Arial, Helvetica, sans-serif; font-size: 15px; color: #57697e;\">Thank you for using.<br> {signature}</span></font></div><!-- padding --><div style=\"height: 40px; line-height: 40px; font-size: 10px;\"></div></td></tr></tbody></table></td></tr><!--content 1 END--><!--footer --><tr><td class=\"iage_footer\" bgcolor=\"#ffffff\" align=\"center\"><!-- padding --><div style=\"height: 20px; line-height: 20px; font-size: 10px;\"></div><table width=\"100%\" cellspacing=\"0\" cellpadding=\"0\" border=\"0\"><tbody><tr><td align=\"center\"><font style=\"font-size: 13px;\" size=\"3\" color=\"#96a5b5\" face=\"Arial, Helvetica, sans-serif\"><span style=\"font-family: Arial, Helvetica, sans-serif; font-size: 13px; color: #96a5b5;\">2015  {site_name} All Rights Reserved.</span></font></td></tr></tbody></table><!-- padding --><div style=\"height: 20px; line-height: 20px; font-size: 10px;\"></div></td></tr><!--footer END--><tr><td><!-- padding --><div style=\"height: 80px; line-height: 80px; font-size: 10px;\"></div></td></tr></tbody></table><!--[if gte mso 10]></td></tr></table><![endif]--></td></tr></tbody></table></div>', '2016-11-22 19:06:41', '2016-11-22 19:10:23');
INSERT INTO `5vvgh_mail_templates_data` (`template_data_id`, `template_id`, `code`, `subject`, `body`, `date_added`, `date_updated`) VALUES ('120', '38', 'password_reset', 'Password reset at {site_name}', '<div id=\"mailsub\" class=\"notification\" align=\"center\"><table style=\"min-width: 320px;\" width=\"100%\" cellspacing=\"0\" cellpadding=\"0\" border=\"0\"><tbody><tr><td bgcolor=\"#eff3f8\" align=\"center\"><!--[if gte mso 10]><table width=\"680\" border=\"0\" cellspacing=\"0\" cellpadding=\"0\"><tr><td><![endif]--><table class=\"table_width_100\" style=\"max-width: 680px; min-width: 300px;\" width=\"100%\" cellspacing=\"0\" cellpadding=\"0\" border=\"0\"><tbody><tr><td><!-- padding --><div style=\"height: 80px; line-height: 80px; font-size: 10px;\"></div></td></tr><!--header --><tr><td bgcolor=\"#ffffff\" align=\"center\"><!-- padding --><div style=\"height: 30px; line-height: 30px; font-size: 10px;\"></div><table width=\"90%\" cellspacing=\"0\" cellpadding=\"0\" border=\"0\"><tbody><tr><td align=\"left\"><!-- Item --><div class=\"mob_center_bl\" style=\"float: left; display: inline-block; width: 115px;\"><table class=\"mob_center\" style=\"border-collapse: collapse;\" width=\"115\" cellspacing=\"0\" cellpadding=\"0\" border=\"0\" align=\"left\"><tbody><tr><td valign=\"middle\" align=\"left\"><!-- padding --><div style=\"height: 20px; line-height: 20px; font-size: 10px;\"></div><table width=\"115\" cellspacing=\"0\" cellpadding=\"0\" border=\"0\"><tbody><tr><td class=\"mob_center\" valign=\"top\" align=\"left\"><a href=\"{site_url}\" target=\"_blank\" style=\"color: #596167; font-family: Arial, Helvetica, sans-serif; font-size: 13px;\"><font size=\"3\" color=\"#596167\" face=\"Arial, Helvetica, sans-seri; font-size: 13px;\"><img src=\"{site_logo}\" alt=\"{site_name}\" style=\"display: block;\" width=\"115\" border=\"0\" height=\"19\"></font></a></td></tr></tbody></table></td></tr></tbody></table></div><!-- Item END--><!--[if gte mso 10]></td><td align=\"right\"><![endif]--><!-- Item --><div class=\"mob_center_bl\" style=\"float: right; display: inline-block; width: 88px;\"><table style=\"border-collapse: collapse;\" width=\"88\" cellspacing=\"0\" cellpadding=\"0\" border=\"0\" align=\"right\"><tbody><tr><td valign=\"middle\" align=\"right\"><!-- padding --><div style=\"height: 20px; line-height: 20px; font-size: 10px;\"></div><table width=\"100%\" cellspacing=\"0\" cellpadding=\"0\" border=\"0\"><tbody><tr><td align=\"right\"><!--social --><div class=\"mob_center_bl\" style=\"width: 88px;\"><table cellspacing=\"0\" cellpadding=\"0\" border=\"0\"><tbody><tr><td style=\"line-height: 19px;\" width=\"30\" align=\"center\"><a href=\"#\" target=\"_blank\" style=\"color: #596167; font-family: Arial, Helvetica, sans-serif; font-size: 12px;\"><font size=\"2\" color=\"#596167\" face=\"Arial, Helvetica, sans-serif\"></font></a></td><td style=\"line-height: 19px;\" width=\"39\" align=\"center\"><a href=\"#\" target=\"_blank\" style=\"color: #596167; font-family: Arial, Helvetica, sans-serif; font-size: 12px;\"><font size=\"2\" color=\"#596167\" face=\"Arial, Helvetica, sans-serif\"></font></a></td><td style=\"line-height: 19px;\" width=\"29\" align=\"right\"><a href=\"#\" target=\"_blank\" style=\"color: #596167; font-family: Arial, Helvetica, sans-serif; font-size: 12px;\"><font size=\"2\" color=\"#596167\" face=\"Arial, Helvetica, sans-serif\"></font></a></td></tr></tbody></table></div><!--social END--></td></tr></tbody></table></td></tr></tbody></table></div><!-- Item END--></td></tr></tbody></table><!-- padding --><div style=\"height: 50px; line-height: 50px; font-size: 10px;\"></div></td></tr><!--header END--><!--content 1 --><tr><td bgcolor=\"#fbfcfd\" align=\"center\"><table width=\"90%\" cellspacing=\"0\" cellpadding=\"0\" border=\"0\"><tbody><tr><td align=\"left\"><!-- padding --><div style=\"height: 40px; line-height: 40px; font-size: 10px;\"></div><div style=\"line-height: 44px;\"><font style=\"font-size: 34px;\" size=\"5\" color=\"#57697e\" face=\"Arial, Helvetica, sans-serif\"><span style=\"font-family: Arial, Helvetica, sans-serif; font-size: 34px; color: #57697e;\">Reset your password!</span></font></div><!-- padding --><div style=\"height: 30px; line-height: 30px; font-size: 10px;\"></div></td></tr><tr><td align=\"left\"><div style=\"line-height: 24px;\"><font style=\"font-size: 15px;\" size=\"4\" color=\"#57697e\" face=\"Arial, Helvetica, sans-serif\"><span style=\"font-family: Arial, Helvetica, sans-serif; font-size: 15px; color: #57697e;\">Hello {first_name} {last_name},</span></font></div><!-- padding --><div style=\"height: 20px; line-height: 20px; font-size: 10px;\"></div></td></tr><tr><td align=\"left\"><div style=\"line-height: 24px;\"><font style=\"font-size: 15px;\" size=\"4\" color=\"#57697e\" face=\"Arial, Helvetica, sans-serif\"><span style=\"font-family: Arial, Helvetica, sans-serif; font-size: 15px; color: #57697e;\">Your password has been reset successfull! Please <a href=\"{account_login_link}\" target=\"_blank\">login</a> using your new password: {created_password}.</span></font></div><!-- padding --><div style=\"height: 20px; line-height: 20px; font-size: 10px;\"></div></td></tr><tr><td align=\"left\"><div style=\"line-height: 24px;\"><font style=\"font-size: 15px;\" size=\"4\" color=\"#57697e\" face=\"Arial, Helvetica, sans-serif\"><span style=\"font-family: Arial, Helvetica, sans-serif; font-size: 15px; color: #57697e;\">Please don\'t forget to change your password after you login.<br> {signature}</span></font></div><!-- padding --><div style=\"height: 40px; line-height: 40px; font-size: 10px;\"></div></td></tr></tbody></table></td></tr><!--content 1 END--><!--footer --><tr><td class=\"iage_footer\" bgcolor=\"#ffffff\" align=\"center\"><!-- padding --><div style=\"height: 20px; line-height: 20px; font-size: 10px;\"></div><table width=\"100%\" cellspacing=\"0\" cellpadding=\"0\" border=\"0\"><tbody><tr><td align=\"center\"><font style=\"font-size: 13px;\" size=\"3\" color=\"#96a5b5\" face=\"Arial, Helvetica, sans-serif\"><span style=\"font-family: Arial, Helvetica, sans-serif; font-size: 13px; color: #96a5b5;\">2015  {site_name} All Rights Reserved.</span></font></td></tr></tbody></table><!-- padding --><div style=\"height: 20px; line-height: 20px; font-size: 10px;\"></div></td></tr><!--footer END--><tr><td><!-- padding --><div style=\"height: 80px; line-height: 80px; font-size: 10px;\"></div></td></tr></tbody></table><!--[if gte mso 10]></td></tr></table><![endif]--></td></tr></tbody></table></div>', '2016-11-22 19:06:41', '2016-11-22 19:10:23');
INSERT INTO `5vvgh_mail_templates_data` (`template_data_id`, `template_id`, `code`, `subject`, `body`, `date_added`, `date_updated`) VALUES ('121', '38', 'order', '{site_name} HMM order confirmation - {order_number}', '<div id=\"mailsub\" class=\"notification\" align=\"center\"><table style=\"min-width: 320px;\" width=\"100%\" cellspacing=\"0\" cellpadding=\"0\" border=\"0\"><tbody><tr><td bgcolor=\"#eff3f8\" align=\"center\"><!--[if gte mso 10]><table width=\"680\" border=\"0\" cellspacing=\"0\" cellpadding=\"0\"><tr><td><![endif]--><table class=\"table_width_100\" style=\"max-width: 680px; min-width: 300px;\" width=\"100%\" cellspacing=\"0\" cellpadding=\"0\" border=\"0\"><tbody><tr><td><!-- padding --><div style=\"height: 80px; line-height: 80px; font-size: 10px;\"></div></td></tr><!--header --><tr><td bgcolor=\"#ffffff\" align=\"center\"><!-- padding --><div style=\"height: 30px; line-height: 30px; font-size: 10px;\"></div><table width=\"90%\" cellspacing=\"0\" cellpadding=\"0\" border=\"0\"><tbody><tr><td align=\"left\"><!-- Item --><div class=\"mob_center_bl\" style=\"float: left; display: inline-block; width: 115px;\"><table class=\"mob_center\" style=\"border-collapse: collapse;\" width=\"115\" cellspacing=\"0\" cellpadding=\"0\" border=\"0\" align=\"left\"><tbody><tr><td valign=\"middle\" align=\"left\"><!-- padding --><div style=\"height: 20px; line-height: 20px; font-size: 10px;\"></div><table width=\"115\" cellspacing=\"0\" cellpadding=\"0\" border=\"0\"><tbody><tr><td class=\"mob_center\" valign=\"top\" align=\"left\"><a title=\"\" data-original-title=\"\" href=\"{site_url}\" target=\"_blank\" style=\"color: #596167; font-family: Arial, Helvetica, sans-serif; font-size: 13px;\"><font size=\"3\" color=\"#596167\" face=\"Arial, Helvetica, sans-seri; font-size: 13px;\"><img src=\"{site_logo}\" alt=\"{site_name}\" style=\"display: block;\" width=\"115\" border=\"0\" height=\"19\"></font></a></td></tr></tbody></table></td></tr></tbody></table></div><!-- Item END--><!--[if gte mso 10]></td><td align=\"right\"><![endif]--><!-- Item --><div class=\"mob_center_bl\" style=\"float: right; display: inline-block; width: 88px;\"><table style=\"border-collapse: collapse;\" width=\"88\" cellspacing=\"0\" cellpadding=\"0\" border=\"0\" align=\"right\"><tbody><tr><td valign=\"middle\" align=\"right\"><!-- padding --><div style=\"height: 20px; line-height: 20px; font-size: 10px;\"></div><table width=\"100%\" cellspacing=\"0\" cellpadding=\"0\" border=\"0\"><tbody><tr><td align=\"right\"><!--social --><div class=\"mob_center_bl\" style=\"width: 88px;\"><table cellspacing=\"0\" cellpadding=\"0\" border=\"0\"><tbody><tr><td style=\"line-height: 19px;\" width=\"30\" align=\"center\"><a title=\"\" data-original-title=\"\" href=\"#\" target=\"_blank\" style=\"color: #596167; font-family: Arial, Helvetica, sans-serif; font-size: 12px;\"><font size=\"2\" color=\"#596167\" face=\"Arial, Helvetica, sans-serif\"></font></a></td><td style=\"line-height: 19px;\" width=\"39\" align=\"center\"><a title=\"\" data-original-title=\"\" href=\"#\" target=\"_blank\" style=\"color: #596167; font-family: Arial, Helvetica, sans-serif; font-size: 12px;\"><font size=\"2\" color=\"#596167\" face=\"Arial, Helvetica, sans-serif\"></font></a></td><td style=\"line-height: 19px;\" width=\"29\" align=\"right\"><a title=\"\" data-original-title=\"\" href=\"#\" target=\"_blank\" style=\"color: #596167; font-family: Arial, Helvetica, sans-serif; font-size: 12px;\"><font size=\"2\" color=\"#596167\" face=\"Arial, Helvetica, sans-serif\"></font></a></td></tr></tbody></table></div><!--social END--></td></tr></tbody></table></td></tr></tbody></table></div><!-- Item END--></td></tr></tbody></table><!-- padding --><div style=\"height: 50px; line-height: 50px; font-size: 10px;\"></div></td></tr><!--header END--><!--content 1 --><tr><td bgcolor=\"#fbfcfd\" align=\"center\"><table width=\"90%\" cellspacing=\"0\" cellpadding=\"0\" border=\"0\"><tbody><tr><td align=\"left\"><!-- padding --><div style=\"height: 40px; line-height: 40px; font-size: 10px;\"></div><div style=\"line-height: 44px;\"><font style=\"font-size: 34px;\" size=\"5\" color=\"#57697e\" face=\"Arial, Helvetica, sans-serif\"><span title=\"\" data-original-title=\"\" style=\"font-family: Arial, Helvetica, sans-serif; font-size: 34px; color: #57697e;\">Thank you for your order, NOT!</span></font></div><!-- padding --><div style=\"height: 30px; line-height: 30px; font-size: 10px;\"></div></td></tr><tr><td align=\"left\"><div style=\"line-height: 24px;\"><font style=\"font-size: 15px;\" size=\"4\" color=\"#57697e\" face=\"Arial, Helvetica, sans-serif\"><span title=\"\" data-original-title=\"\" style=\"font-family: Arial, Helvetica, sans-serif; font-size: 15px; color: #57697e;\">Hello {first_name} {last_name},</span></font></div><!-- padding --><div style=\"height: 20px; line-height: 20px; font-size: 10px;\"></div></td></tr><tr><td align=\"left\"><div style=\"line-height: 24px;\"><font style=\"font-size: 15px;\" size=\"4\" color=\"#57697e\" face=\"Arial, Helvetica, sans-serif\"><span title=\"\" data-original-title=\"\" style=\"font-family: Arial, Helvetica, sans-serif; font-size: 15px; color: #57697e;\">Your order has been received and will be with you shortly. <a title=\"\" data-original-title=\"\" href=\"{order_view_url}\">Click here</a> to view your order progress.</span></font><br></div><!-- padding --><div style=\"height: 20px; line-height: 20px; font-size: 10px;\"></div></td></tr><tr><td align=\"left\"><div style=\"line-height: 24px;\"><font style=\"font-size: 15px;\" size=\"4\" color=\"#57697e\" face=\"Arial, Helvetica, sans-serif\"><span title=\"\" data-original-title=\"\" style=\"font-family: Arial, Helvetica, sans-serif; font-size: 15px; color: #57697e;\">Your order number is {order_number}<br> This is a {order_type} order.</span></font></div><div style=\"line-height: 24px;\"><font style=\"font-size: 15px;\" size=\"4\" color=\"#57697e\" face=\"Arial, Helvetica, sans-serif\"><span title=\"\" data-original-title=\"\" style=\"font-family: Arial, Helvetica, sans-serif; font-size: 15px; color: #57697e;\"><br><strong>Order date:</strong> {order_date}<br><strong>Requested {order_type} time</strong> {order_time}<br><strong>Payment Method:</strong> {order_payment}</span></font></div><!-- padding --><div style=\"height: 30px; line-height: 30px; font-size: 10px;\"></div></td></tr><tr><td align=\"left\"><table width=\"90%\" cellspacing=\"0\" cellpadding=\"0\" border=\"0\"><tbody><tr><td><div style=\"line-height: 24px;\"><font style=\"font-size: 13px;\" size=\"3\" color=\"#57697e\" face=\"Arial, Helvetica, sans-serif\"><span title=\"\" data-original-title=\"\" style=\"font-family: Arial, Helvetica, sans-serif; font-size: 13px; color: #96a5b5;\">Name/Description</span></font></div></td><td><div style=\"line-height: 24px;\"><font style=\"font-size: 13px;\" size=\"3\" color=\"#57697e\" face=\"Arial, Helvetica, sans-serif\"><span title=\"\" data-original-title=\"\" style=\"font-family: Arial, Helvetica, sans-serif; font-size: 13px; color: #96a5b5;\">Unit Price</span></font></div></td><td><div style=\"line-height: 24px;\"><font style=\"font-size: 13px;\" size=\"3\" color=\"#57697e\" face=\"Arial, Helvetica, sans-serif\"><span title=\"\" data-original-title=\"\" style=\"font-family: Arial, Helvetica, sans-serif; font-size: 13px; color: #96a5b5;\">Sub Total</span></font></div></td></tr><tr><td>{order_menus}<br></td><td><br></td><td><br></td></tr><tr style=\"border-top:1px dashed #c3cbd5;\"><td><div style=\"line-height: 24px;\"><font style=\"font-size: 15px;font-weight:bold;\" size=\"4\" color=\"#57697e\" face=\"Arial, Helvetica, sans-serif\"><span title=\"\" data-original-title=\"\" style=\"font-family: Arial, Helvetica, sans-serif; font-size: 15px; color: #57697e;\">{menu_quantity} x {menu_name}</span></font></div><div style=\"line-height: 24px;\"><font style=\"font-size: 15px;\" size=\"4\" color=\"#96a5b5\" face=\"Arial, Helvetica, sans-serif\"><span title=\"\" data-original-title=\"\" style=\"font-family: Arial, Helvetica, sans-serif; font-size: 15px; color: #96a5b5;\">{menu_options}</span></font></div><div style=\"line-height: 24px;\"><font style=\"font-size: 15px;\" size=\"4\" color=\"#96a5b5\" face=\"Arial, Helvetica, sans-serif\"><span title=\"\" data-original-title=\"\" style=\"font-family: Arial, Helvetica, sans-serif; font-size: 15px; color: #96a5b5;\">{menu_comment}</span></font></div></td><td><div style=\"line-height: 24px;\"><font style=\"font-size: 15px;\" size=\"4\" color=\"#57697e\" face=\"Arial, Helvetica, sans-serif\"><span title=\"\" data-original-title=\"\" style=\"font-family: Arial, Helvetica, sans-serif; font-size: 15px; color: #57697e;\">{menu_price}</span></font></div></td><td><div style=\"line-height: 24px;\"><font style=\"font-size: 15px;\" size=\"4\" color=\"#57697e\" face=\"Arial, Helvetica, sans-serif\"><span title=\"\" data-original-title=\"\" style=\"font-family: Arial, Helvetica, sans-serif; font-size: 15px; color: #57697e;\">{menu_subtotal}</span></font></div></td></tr><tr><td>{/order_menus}</td><td><br></td><td><br></td></tr><tr><td><br></td><td>{order_totals}</td><td><br></td></tr><tr><td><br></td><td><div style=\"line-height: 24px;\"><font style=\"font-size: 15px;\" size=\"4\" color=\"#57697e\" face=\"Arial, Helvetica, sans-serif\"><span title=\"\" data-original-title=\"\" style=\"font-family: Arial, Helvetica, sans-serif; font-size: 15px; color: #57697e;\">{order_total_title}</span></font></div></td><td><div style=\"line-height: 24px;\"><font style=\"font-size: 15px;\" size=\"4\" color=\"#57697e\" face=\"Arial, Helvetica, sans-serif\"><span title=\"\" data-original-title=\"\" style=\"font-family: Arial, Helvetica, sans-serif; font-size: 15px; color: #57697e;\">{order_total_value}</span></font></div></td></tr><tr><td><br></td><td>{/order_totals}<br></td><td><br></td></tr></tbody></table><!-- padding --><div style=\"height: 20px; line-height: 20px; font-size: 10px;\"></div></td></tr><tr><td align=\"left\"><div style=\"line-height: 24px;\"><font style=\"font-size: 15px;\" size=\"4\" color=\"#57697e\" face=\"Arial, Helvetica, sans-serif\"><span title=\"\" data-original-title=\"\" style=\"font-family: Arial, Helvetica, sans-serif; font-size: 15px; color: #57697e;\">{order_comment}</span></font></div><!-- padding --><div style=\"height: 20px; line-height: 20px; font-size: 10px;\"></div></td></tr><tr><td align=\"left\"><div style=\"line-height: 24px;\"><font style=\"font-size: 15px;\" size=\"4\" color=\"#57697e\" face=\"Arial, Helvetica, sans-serif\"><span title=\"\" data-original-title=\"\" style=\"font-family: Arial, Helvetica, sans-serif; font-size: 15px; color: #57697e;\">{order_address}</span></font></div><div style=\"line-height: 24px;\"><font style=\"font-size: 15px;\" size=\"4\" color=\"#57697e\" face=\"Arial, Helvetica, sans-serif\"><span title=\"\" data-original-title=\"\" style=\"font-family: Arial, Helvetica, sans-serif; font-size: 15px; color: #57697e;\"><span title=\"\" data-original-title=\"\" style=\"font-weight: bold;\">Restaurant:</span> {location_name}</span></font></div><!-- padding --><div style=\"height: 40px; line-height: 40px; font-size: 10px;\"></div></td></tr><tr><td align=\"left\"><div style=\"line-height: 24px;\"><font style=\"font-size: 15px;\" size=\"4\" color=\"#57697e\" face=\"Arial, Helvetica, sans-serif\"><span title=\"\" data-original-title=\"\" style=\"font-family: Arial, Helvetica, sans-serif; font-size: 15px; color: #57697e;\">We hope to see you again soon.<br>{signature}</span></font></div><!-- padding --><div style=\"height: 40px; line-height: 40px; font-size: 10px;\"></div></td></tr></tbody></table></td></tr><!--content 1 END--><!--footer --><tr><td class=\"iage_footer\" bgcolor=\"#ffffff\" align=\"center\"><!-- padding --><div style=\"height: 20px; line-height: 20px; font-size: 10px;\"></div><table width=\"100%\" cellspacing=\"0\" cellpadding=\"0\" border=\"0\"><tbody><tr><td align=\"center\"><font style=\"font-size: 13px;\" size=\"3\" color=\"#96a5b5\" face=\"Arial, Helvetica, sans-serif\"><span title=\"\" data-original-title=\"\" style=\"font-family: Arial, Helvetica, sans-serif; font-size: 13px; color: #96a5b5;\">2015  {site_name} All Rights Reserved.</span></font></td></tr></tbody></table><!-- padding --><div style=\"height: 20px; line-height: 20px; font-size: 10px;\"></div></td></tr><!--footer END--><tr><td><!-- padding --><div style=\"height: 80px; line-height: 80px; font-size: 10px;\"></div></td></tr></tbody></table><!--[if gte mso 10]></td></tr></table><![endif]--></td></tr></tbody></table></div>', '2016-11-22 19:06:41', '2016-11-22 19:10:23');
INSERT INTO `5vvgh_mail_templates_data` (`template_data_id`, `template_id`, `code`, `subject`, `body`, `date_added`, `date_updated`) VALUES ('122', '38', 'reservation', 'Your Reservation Confirmation - {reservation_number}', '<div id=\"mailsub\" class=\"notification\" align=\"center\"><table style=\"min-width: 320px;\" width=\"100%\" cellspacing=\"0\" cellpadding=\"0\" border=\"0\"><tbody><tr><td bgcolor=\"#eff3f8\" align=\"center\"><!--[if gte mso 10]><table width=\"680\" border=\"0\" cellspacing=\"0\" cellpadding=\"0\"><tr><td><![endif]--><table class=\"table_width_100\" style=\"max-width: 680px; min-width: 300px;\" width=\"100%\" cellspacing=\"0\" cellpadding=\"0\" border=\"0\"><tbody><tr><td><!-- padding --><div style=\"height: 80px; line-height: 80px; font-size: 10px;\"></div></td></tr><!--header --><tr><td bgcolor=\"#ffffff\" align=\"center\"><!-- padding --><div style=\"height: 30px; line-height: 30px; font-size: 10px;\"></div><table width=\"90%\" cellspacing=\"0\" cellpadding=\"0\" border=\"0\"><tbody><tr><td align=\"left\"><!-- Item --><div class=\"mob_center_bl\" style=\"float: left; display: inline-block; width: 115px;\"><table class=\"mob_center\" style=\"border-collapse: collapse;\" width=\"115\" cellspacing=\"0\" cellpadding=\"0\" border=\"0\" align=\"left\"><tbody><tr><td valign=\"middle\" align=\"left\"><!-- padding --><div style=\"height: 20px; line-height: 20px; font-size: 10px;\"></div><table width=\"115\" cellspacing=\"0\" cellpadding=\"0\" border=\"0\"><tbody><tr><td class=\"mob_center\" valign=\"top\" align=\"left\"><a href=\"{site_url}\" target=\"_blank\" style=\"color: #596167; font-family: Arial, Helvetica, sans-serif; font-size: 13px;\"><font size=\"3\" color=\"#596167\" face=\"Arial, Helvetica, sans-seri; font-size: 13px;\"><img src=\"{site_logo}\" alt=\"{site_name}\" style=\"display: block;\" width=\"115\" border=\"0\" height=\"19\"></font></a></td></tr></tbody></table></td></tr></tbody></table></div><!-- Item END--><!--[if gte mso 10]></td><td align=\"right\"><![endif]--><!-- Item --><div class=\"mob_center_bl\" style=\"float: right; display: inline-block; width: 88px;\"><table style=\"border-collapse: collapse;\" width=\"88\" cellspacing=\"0\" cellpadding=\"0\" border=\"0\" align=\"right\"><tbody><tr><td valign=\"middle\" align=\"right\"><!-- padding --><div style=\"height: 20px; line-height: 20px; font-size: 10px;\"></div><table width=\"100%\" cellspacing=\"0\" cellpadding=\"0\" border=\"0\"><tbody><tr><td align=\"right\"><!--social --><div class=\"mob_center_bl\" style=\"width: 88px;\"><table cellspacing=\"0\" cellpadding=\"0\" border=\"0\"><tbody><tr><td style=\"line-height: 19px;\" width=\"30\" align=\"center\"><a href=\"#\" target=\"_blank\" style=\"color: #596167; font-family: Arial, Helvetica, sans-serif; font-size: 12px;\"><font size=\"2\" color=\"#596167\" face=\"Arial, Helvetica, sans-serif\"></font></a></td><td style=\"line-height: 19px;\" width=\"39\" align=\"center\"><a href=\"#\" target=\"_blank\" style=\"color: #596167; font-family: Arial, Helvetica, sans-serif; font-size: 12px;\"><font size=\"2\" color=\"#596167\" face=\"Arial, Helvetica, sans-serif\"></font></a></td><td style=\"line-height: 19px;\" width=\"29\" align=\"right\"><a href=\"#\" target=\"_blank\" style=\"color: #596167; font-family: Arial, Helvetica, sans-serif; font-size: 12px;\"><font size=\"2\" color=\"#596167\" face=\"Arial, Helvetica, sans-serif\"></font></a></td></tr></tbody></table></div><!--social END--></td></tr></tbody></table></td></tr></tbody></table></div><!-- Item END--></td></tr></tbody></table><!-- padding --><div style=\"height: 50px; line-height: 50px; font-size: 10px;\"></div></td></tr><!--header END--><!--content 1 --><tr><td bgcolor=\"#fbfcfd\" align=\"center\"><table width=\"90%\" cellspacing=\"0\" cellpadding=\"0\" border=\"0\"><tbody><tr><td align=\"left\"><!-- padding --><div style=\"height: 40px; line-height: 40px; font-size: 10px;\"></div><div style=\"line-height: 44px;\"><font style=\"font-size: 34px;\" size=\"5\" color=\"#57697e\" face=\"Arial, Helvetica, sans-serif\"><span style=\"font-family: Arial, Helvetica, sans-serif; font-size: 34px; color: #57697e;\">Thank you for your reservation!</span></font></div><!-- padding --><div style=\"height: 30px; line-height: 30px; font-size: 10px;\"></div></td></tr><tr><td align=\"left\"><div style=\"line-height: 24px;\"><font style=\"font-size: 15px;\" size=\"4\" color=\"#57697e\" face=\"Arial, Helvetica, sans-serif\"><span style=\"font-family: Arial, Helvetica, sans-serif; font-size: 15px; color: #57697e;\">Hello {first_name} {last_name},</span></font></div><!-- padding --><div style=\"height: 20px; line-height: 20px; font-size: 10px;\"></div></td></tr><tr><td align=\"left\"><div style=\"line-height: 24px;\"><font style=\"font-size: 15px;\" size=\"4\" color=\"#57697e\" face=\"Arial, Helvetica, sans-serif\"><span style=\"font-family: Arial, Helvetica, sans-serif; font-size: 15px; color: #57697e;\">Your reservation {reservation_number} at {location_name} has been booked for {reservation_guest_no} person(s) on {reservation_date} at {reservation_time}.</span></font></div><!-- padding --><div style=\"height: 20px; line-height: 20px; font-size: 10px;\"></div></td></tr><tr><td align=\"left\"><div style=\"line-height: 24px;\"><font style=\"font-size: 15px;\" size=\"4\" color=\"#57697e\" face=\"Arial, Helvetica, sans-serif\"><span style=\"font-family: Arial, Helvetica, sans-serif; font-size: 15px; color: #57697e;\">Thanks for reserving with us online!</span></font></div><!-- padding --><div style=\"height: 20px; line-height: 20px; font-size: 10px;\"></div></td></tr><tr><td align=\"left\"><div style=\"line-height: 24px;\"><font style=\"font-size: 15px;\" size=\"4\" color=\"#57697e\" face=\"Arial, Helvetica, sans-serif\"><span style=\"font-family: Arial, Helvetica, sans-serif; font-size: 15px; color: #57697e;\">We hope to see you again soon.<br>{signature}</span></font></div><!-- padding --><div style=\"height: 40px; line-height: 40px; font-size: 10px;\"></div></td></tr></tbody></table></td></tr><!--content 1 END--><!--footer --><tr><td class=\"iage_footer\" bgcolor=\"#ffffff\" align=\"center\"><!-- padding --><div style=\"height: 20px; line-height: 20px; font-size: 10px;\"></div><table width=\"100%\" cellspacing=\"0\" cellpadding=\"0\" border=\"0\"><tbody><tr><td align=\"center\"><font style=\"font-size: 13px;\" size=\"3\" color=\"#96a5b5\" face=\"Arial, Helvetica, sans-serif\"><span style=\"font-family: Arial, Helvetica, sans-serif; font-size: 13px; color: #96a5b5;\">2015  {site_name} All Rights Reserved.</span></font></td></tr></tbody></table><!-- padding --><div style=\"height: 20px; line-height: 20px; font-size: 10px;\"></div></td></tr><!--footer END--><tr><td><!-- padding --><div style=\"height: 80px; line-height: 80px; font-size: 10px;\"></div></td></tr></tbody></table><!--[if gte mso 10]></td></tr></table><![endif]--></td></tr></tbody></table></div>', '2016-11-22 19:06:41', '2016-11-22 19:10:23');
INSERT INTO `5vvgh_mail_templates_data` (`template_data_id`, `template_id`, `code`, `subject`, `body`, `date_added`, `date_updated`) VALUES ('123', '38', 'contact', 'Contact on {site_name}', '<div id=\"mailsub\" class=\"notification\" align=\"center\"><table style=\"min-width: 320px;\" width=\"100%\" cellspacing=\"0\" cellpadding=\"0\" border=\"0\"><tbody><tr><td bgcolor=\"#eff3f8\" align=\"center\"><!--[if gte mso 10]><table width=\"680\" border=\"0\" cellspacing=\"0\" cellpadding=\"0\"><tr><td><![endif]--><table class=\"table_width_100\" style=\"max-width: 680px; min-width: 300px;\" width=\"100%\" cellspacing=\"0\" cellpadding=\"0\" border=\"0\"><tbody><tr><td><!-- padding --><div style=\"height: 80px; line-height: 80px; font-size: 10px;\"></div></td></tr><!--header --><tr><td bgcolor=\"#ffffff\" align=\"center\"><!-- padding --><div style=\"height: 30px; line-height: 30px; font-size: 10px;\"></div><table width=\"90%\" cellspacing=\"0\" cellpadding=\"0\" border=\"0\"><tbody><tr><td align=\"left\"><!-- Item --><div class=\"mob_center_bl\" style=\"float: left; display: inline-block; width: 115px;\"><table class=\"mob_center\" style=\"border-collapse: collapse;\" width=\"115\" cellspacing=\"0\" cellpadding=\"0\" border=\"0\" align=\"left\"><tbody><tr><td valign=\"middle\" align=\"left\"><!-- padding --><div style=\"height: 20px; line-height: 20px; font-size: 10px;\"></div><table width=\"115\" cellspacing=\"0\" cellpadding=\"0\" border=\"0\"><tbody><tr><td class=\"mob_center\" valign=\"top\" align=\"left\"><a href=\"{site_url}\" target=\"_blank\" style=\"color: #596167; font-family: Arial, Helvetica, sans-serif; font-size: 13px;\"><font size=\"3\" color=\"#596167\" face=\"Arial, Helvetica, sans-seri; font-size: 13px;\"><img src=\"{site_logo}\" alt=\"{site_name}\" style=\"display: block;\" width=\"115\" border=\"0\" height=\"19\"></font></a></td></tr></tbody></table></td></tr></tbody></table></div><!-- Item END--><!--[if gte mso 10]></td><td align=\"right\"><![endif]--><!-- Item --><div class=\"mob_center_bl\" style=\"float: right; display: inline-block; width: 88px;\"><table style=\"border-collapse: collapse;\" width=\"88\" cellspacing=\"0\" cellpadding=\"0\" border=\"0\" align=\"right\"><tbody><tr><td valign=\"middle\" align=\"right\"><!-- padding --><div style=\"height: 20px; line-height: 20px; font-size: 10px;\"></div><table width=\"100%\" cellspacing=\"0\" cellpadding=\"0\" border=\"0\"><tbody><tr><td align=\"right\"><!--social --><div class=\"mob_center_bl\" style=\"width: 88px;\"><table cellspacing=\"0\" cellpadding=\"0\" border=\"0\"><tbody><tr><td style=\"line-height: 19px;\" width=\"30\" align=\"center\"><a href=\"#\" target=\"_blank\" style=\"color: #596167; font-family: Arial, Helvetica, sans-serif; font-size: 12px;\"><font size=\"2\" color=\"#596167\" face=\"Arial, Helvetica, sans-serif\"></font></a></td><td style=\"line-height: 19px;\" width=\"39\" align=\"center\"><a href=\"#\" target=\"_blank\" style=\"color: #596167; font-family: Arial, Helvetica, sans-serif; font-size: 12px;\"><font size=\"2\" color=\"#596167\" face=\"Arial, Helvetica, sans-serif\"></font></a></td><td style=\"line-height: 19px;\" width=\"29\" align=\"right\"><a href=\"#\" target=\"_blank\" style=\"color: #596167; font-family: Arial, Helvetica, sans-serif; font-size: 12px;\"><font size=\"2\" color=\"#596167\" face=\"Arial, Helvetica, sans-serif\"></font></a></td></tr></tbody></table></div><!--social END--></td></tr></tbody></table></td></tr></tbody></table></div><!-- Item END--></td></tr></tbody></table><!-- padding --><div style=\"height: 50px; line-height: 50px; font-size: 10px;\"></div></td></tr><!--header END--><!--content 1 --><tr><td bgcolor=\"#fbfcfd\" align=\"center\"><table width=\"90%\" cellspacing=\"0\" cellpadding=\"0\" border=\"0\"><tbody><tr><td align=\"left\"><!-- padding --><div style=\"height: 40px; line-height: 40px; font-size: 10px;\"></div><div style=\"line-height: 44px;\"><font style=\"font-size: 34px;\" size=\"5\" color=\"#57697e\" face=\"Arial, Helvetica, sans-serif\"><span style=\"font-family: Arial, Helvetica, sans-serif; font-size: 34px; color: #57697e;\">Someone just contacted you!</span></font></div><!-- padding --><div style=\"height: 30px; line-height: 30px; font-size: 10px;\"></div></td></tr><tr><td align=\"left\"><div style=\"line-height: 24px;\"><font style=\"font-size: 15px;\" size=\"4\" color=\"#57697e\" face=\"Arial, Helvetica, sans-serif\"><span style=\"font-family: Arial, Helvetica, sans-serif; font-size: 15px; color: #57697e;\">Hello Admin,</span></font></div><!-- padding --><div style=\"height: 20px; line-height: 20px; font-size: 10px;\"><br></div></td></tr><tr><td align=\"left\"><div style=\"line-height: 24px;\"><font style=\"font-size: 15px;\" size=\"4\" color=\"#57697e\" face=\"Arial, Helvetica, sans-serif\"><span style=\"font-family: Arial, Helvetica, sans-serif; font-size: 15px; color: #57697e;\">From: {full_name}</span></font></div><div style=\"line-height: 24px;\"><font style=\"font-size: 15px;\" size=\"4\" color=\"#57697e\" face=\"Arial, Helvetica, sans-serif\"><span style=\"font-family: Arial, Helvetica, sans-serif; font-size: 15px; color: #57697e;\">Topic: {contact_topic}.</span></font></div><div style=\"line-height: 24px;\"><font style=\"font-size: 15px;\" size=\"4\" color=\"#57697e\" face=\"Arial, Helvetica, sans-serif\"><span style=\"font-family: Arial, Helvetica, sans-serif; font-size: 15px; color: #57697e;\">Telephone: {contact_telephone}.</span></font></div><div style=\"line-height: 24px;\"><font style=\"font-size: 15px;\" size=\"4\" color=\"#57697e\" face=\"Arial, Helvetica, sans-serif\"><span style=\"font-family: Arial, Helvetica, sans-serif; font-size: 15px; color: #57697e;\"><br></span></font></div><div style=\"line-height: 24px;\"><font style=\"font-size: 15px;\" size=\"4\" color=\"#57697e\" face=\"Arial, Helvetica, sans-serif\"><span style=\"font-family: Arial, Helvetica, sans-serif; font-size: 15px; color: #57697e;\">{contact_message}</span></font></div><div style=\"line-height: 24px;\"><font style=\"font-size: 15px;\" size=\"4\" color=\"#57697e\" face=\"Arial, Helvetica, sans-serif\"><span style=\"font-family: Arial, Helvetica, sans-serif; font-size: 15px; color: #57697e;\"><br></span></font></div><div style=\"line-height: 24px;\"><font style=\"font-size: 15px;\" size=\"4\" color=\"#57697e\" face=\"Arial, Helvetica, sans-serif\"><span style=\"font-family: Arial, Helvetica, sans-serif; font-size: 15px; color: #57697e;\">This inquiry was sent from {site_name}</span></font></div><div style=\"line-height: 24px;\"><font style=\"font-size: 15px;\" size=\"4\" color=\"#57697e\" face=\"Arial, Helvetica, sans-serif\"><span style=\"font-family: Arial, Helvetica, sans-serif; font-size: 15px; color: #57697e;\">{signature}<br></span></font></div><!-- padding --><div style=\"height: 20px; line-height: 20px; font-size: 10px;\"></div></td></tr></tbody></table></td></tr><!--content 1 END--><!--footer --><tr><td class=\"iage_footer\" bgcolor=\"#ffffff\" align=\"center\"><!-- padding --><div style=\"height: 20px; line-height: 20px; font-size: 10px;\"></div><table width=\"100%\" cellspacing=\"0\" cellpadding=\"0\" border=\"0\"><tbody><tr><td align=\"center\"><font style=\"font-size: 13px;\" size=\"3\" color=\"#96a5b5\" face=\"Arial, Helvetica, sans-serif\"><span style=\"font-family: Arial, Helvetica, sans-serif; font-size: 13px; color: #96a5b5;\">2015  {site_name} All Rights Reserved.</span></font></td></tr></tbody></table><!-- padding --><div style=\"height: 20px; line-height: 20px; font-size: 10px;\"></div></td></tr><!--footer END--><tr><td><!-- padding --><div style=\"height: 80px; line-height: 80px; font-size: 10px;\"></div></td></tr></tbody></table><!--[if gte mso 10]></td></tr></table><![endif]--></td></tr></tbody></table></div>', '2016-11-22 19:06:41', '2016-11-22 19:10:23');
INSERT INTO `5vvgh_mail_templates_data` (`template_data_id`, `template_id`, `code`, `subject`, `body`, `date_added`, `date_updated`) VALUES ('124', '38', 'internal', 'Subject here', 'Body here', '2016-11-22 19:06:41', '2016-11-22 19:06:41');
INSERT INTO `5vvgh_mail_templates_data` (`template_data_id`, `template_id`, `code`, `subject`, `body`, `date_added`, `date_updated`) VALUES ('125', '38', 'order_alert', 'New order on {site_name}', '<div id=\"mailsub\" class=\"notification\" align=\"center\"><table style=\"min-width: 320px;\" width=\"100%\" cellspacing=\"0\" cellpadding=\"0\" border=\"0\"><tbody><tr><td bgcolor=\"#eff3f8\" align=\"center\"><!--[if gte mso 10]><table width=\"680\" border=\"0\" cellspacing=\"0\" cellpadding=\"0\"><tr><td><![endif]--><table class=\"table_width_100\" style=\"max-width: 680px; min-width: 300px;\" width=\"100%\" cellspacing=\"0\" cellpadding=\"0\" border=\"0\"><tbody><tr><td><!-- padding --><div style=\"height: 80px; line-height: 80px; font-size: 10px;\"></div></td></tr><!--header --><tr><td bgcolor=\"#ffffff\" align=\"center\"><!-- padding --><div style=\"height: 30px; line-height: 30px; font-size: 10px;\"></div><table width=\"90%\" cellspacing=\"0\" cellpadding=\"0\" border=\"0\"><tbody><tr><td align=\"left\"><!-- Item --><div class=\"mob_center_bl\" style=\"float: left; display: inline-block; width: 115px;\"><table class=\"mob_center\" style=\"border-collapse: collapse;\" width=\"115\" cellspacing=\"0\" cellpadding=\"0\" border=\"0\" align=\"left\"><tbody><tr><td valign=\"middle\" align=\"left\"><!-- padding --><div style=\"height: 20px; line-height: 20px; font-size: 10px;\"></div><table width=\"115\" cellspacing=\"0\" cellpadding=\"0\" border=\"0\"><tbody><tr><td class=\"mob_center\" valign=\"top\" align=\"left\"><a title=\"\" data-original-title=\"\" href=\"{site_url}\" target=\"_blank\" style=\"color: #596167; font-family: Arial, Helvetica, sans-serif; font-size: 13px;\"><font size=\"3\" color=\"#596167\" face=\"Arial, Helvetica, sans-seri; font-size: 13px;\"><img src=\"{site_logo}\" alt=\"{site_name}\" style=\"display: block;\" width=\"115\" border=\"0\" height=\"19\"></font></a></td></tr></tbody></table></td></tr></tbody></table></div><!-- Item END--><!--[if gte mso 10]></td><td align=\"right\"><![endif]--><!-- Item --><div class=\"mob_center_bl\" style=\"float: right; display: inline-block; width: 88px;\"><table style=\"border-collapse: collapse;\" width=\"88\" cellspacing=\"0\" cellpadding=\"0\" border=\"0\" align=\"right\"><tbody><tr><td valign=\"middle\" align=\"right\"><!-- padding --><div style=\"height: 20px; line-height: 20px; font-size: 10px;\"></div><table width=\"100%\" cellspacing=\"0\" cellpadding=\"0\" border=\"0\"><tbody><tr><td align=\"right\"><!--social --><div class=\"mob_center_bl\" style=\"width: 88px;\"><table cellspacing=\"0\" cellpadding=\"0\" border=\"0\"><tbody><tr><td style=\"line-height: 19px;\" width=\"30\" align=\"center\"><a title=\"\" data-original-title=\"\" href=\"#\" target=\"_blank\" style=\"color: #596167; font-family: Arial, Helvetica, sans-serif; font-size: 12px;\"><font size=\"2\" color=\"#596167\" face=\"Arial, Helvetica, sans-serif\"></font></a></td><td style=\"line-height: 19px;\" width=\"39\" align=\"center\"><a title=\"\" data-original-title=\"\" href=\"#\" target=\"_blank\" style=\"color: #596167; font-family: Arial, Helvetica, sans-serif; font-size: 12px;\"><font size=\"2\" color=\"#596167\" face=\"Arial, Helvetica, sans-serif\"></font></a></td><td style=\"line-height: 19px;\" width=\"29\" align=\"right\"><a title=\"\" data-original-title=\"\" href=\"#\" target=\"_blank\" style=\"color: #596167; font-family: Arial, Helvetica, sans-serif; font-size: 12px;\"><font size=\"2\" color=\"#596167\" face=\"Arial, Helvetica, sans-serif\"></font></a></td></tr></tbody></table></div><!--social END--></td></tr></tbody></table></td></tr></tbody></table></div><!-- Item END--></td></tr></tbody></table><!-- padding --><div style=\"height: 50px; line-height: 50px; font-size: 10px;\"></div></td></tr><!--header END--><!--content 1 --><tr><td bgcolor=\"#fbfcfd\" align=\"center\"><table width=\"90%\" cellspacing=\"0\" cellpadding=\"0\" border=\"0\"><tbody><tr><td align=\"left\"><!-- padding --><div style=\"height: 40px; line-height: 40px; font-size: 10px;\"></div><div style=\"line-height: 44px;\"><font style=\"font-size: 34px;\" size=\"5\" color=\"#57697e\" face=\"Arial, Helvetica, sans-serif\"><span title=\"\" data-original-title=\"\" style=\"font-family: Arial, Helvetica, sans-serif; font-size: 34px; color: #57697e;\">You received an order!</span></font></div><!-- padding --><div style=\"height: 30px; line-height: 30px; font-size: 10px;\"></div></td></tr><tr><td align=\"left\"><div style=\"line-height: 24px;\"><font style=\"font-size: 15px;\" size=\"4\" color=\"#57697e\" face=\"Arial, Helvetica, sans-serif\"><span title=\"\" data-original-title=\"\" style=\"font-family: Arial, Helvetica, sans-serif; font-size: 15px; color: #57697e;\">You just received an order from {location_name}.</span></font><br></div><!-- padding --><div style=\"height: 20px; line-height: 20px; font-size: 10px;\"></div></td></tr><tr><td align=\"left\"><div style=\"line-height: 24px;\"><font style=\"font-size: 15px;\" size=\"4\" color=\"#57697e\" face=\"Arial, Helvetica, sans-serif\"><span title=\"\" data-original-title=\"\" style=\"font-family: Arial, Helvetica, sans-serif; font-size: 15px; color: #57697e;\">The order number is {order_number}<br> This is a {order_type} order.</span></font></div><div style=\"line-height: 24px;\"><font style=\"font-size: 15px;\" size=\"4\" color=\"#57697e\" face=\"Arial, Helvetica, sans-serif\"><span title=\"\" data-original-title=\"\" style=\"font-family: Arial, Helvetica, sans-serif; font-size: 15px; color: #57697e;\"><br><strong>Customer name:</strong> {first_name} {last_name}<br><strong>Order date:</strong> {order_date}<br><strong>Requested {order_type} time</strong> {order_time}<br><strong>Payment Method:</strong> {order_payment}<br><br></span></font></div><!-- padding --><div style=\"height: 10px; line-height: 10px; font-size: 10px;\"></div></td></tr><tr><td align=\"left\"><div style=\"line-height: 24px;\"><font style=\"font-size: 15px;\" size=\"4\" color=\"#57697e\" face=\"Arial, Helvetica, sans-serif\"><span title=\"\" data-original-title=\"\" style=\"font-family: Arial, Helvetica, sans-serif; font-size: 15px; color: #57697e;\"></span></font></div><!-- padding --><div style=\"height: 30px; line-height: 30px; font-size: 10px;\"></div></td></tr><tr><td align=\"left\"><table width=\"90%\" cellspacing=\"0\" cellpadding=\"0\" border=\"0\"><tbody><tr><td><div style=\"line-height: 24px;\"><font style=\"font-size: 13px;\" size=\"3\" color=\"#57697e\" face=\"Arial, Helvetica, sans-serif\"><span title=\"\" data-original-title=\"\" style=\"font-family: Arial, Helvetica, sans-serif; font-size: 13px; color: #96a5b5;\">Name/Description</span></font></div></td><td><div style=\"line-height: 24px;\"><font style=\"font-size: 13px;\" size=\"3\" color=\"#57697e\" face=\"Arial, Helvetica, sans-serif\"><span title=\"\" data-original-title=\"\" style=\"font-family: Arial, Helvetica, sans-serif; font-size: 13px; color: #96a5b5;\">Unit Price</span></font></div></td><td><div style=\"line-height: 24px;\"><font style=\"font-size: 13px;\" size=\"3\" color=\"#57697e\" face=\"Arial, Helvetica, sans-serif\"><span title=\"\" data-original-title=\"\" style=\"font-family: Arial, Helvetica, sans-serif; font-size: 13px; color: #96a5b5;\">Sub Total</span></font></div></td></tr><tr><td>{order_menus}<br></td><td><br></td><td><br></td></tr><tr style=\"border-top:1px dashed #c3cbd5;\"><td><div style=\"line-height: 24px;\"><font style=\"font-size: 15px;font-weight:bold;\" size=\"4\" color=\"#57697e\" face=\"Arial, Helvetica, sans-serif\"><span title=\"\" data-original-title=\"\" style=\"font-family: Arial, Helvetica, sans-serif; font-size: 15px; color: #57697e;\">{menu_quantity} x {menu_name}</span></font></div><div style=\"line-height: 24px;\"><font style=\"font-size: 15px;\" size=\"4\" color=\"#96a5b5\" face=\"Arial, Helvetica, sans-serif\"><span title=\"\" data-original-title=\"\" style=\"font-family: Arial, Helvetica, sans-serif; font-size: 15px; color: #96a5b5;\">{menu_options}</span></font></div><div style=\"line-height: 24px;\"><font style=\"font-size: 15px;\" size=\"4\" color=\"#96a5b5\" face=\"Arial, Helvetica, sans-serif\"><span title=\"\" data-original-title=\"\" style=\"font-family: Arial, Helvetica, sans-serif; font-size: 15px; color: #96a5b5;\">{menu_comment}</span></font></div></td><td><div style=\"line-height: 24px;\"><font style=\"font-size: 15px;\" size=\"4\" color=\"#57697e\" face=\"Arial, Helvetica, sans-serif\"><span title=\"\" data-original-title=\"\" style=\"font-family: Arial, Helvetica, sans-serif; font-size: 15px; color: #57697e;\">{menu_price}</span></font></div></td><td><div style=\"line-height: 24px;\"><font style=\"font-size: 15px;\" size=\"4\" color=\"#57697e\" face=\"Arial, Helvetica, sans-serif\"><span title=\"\" data-original-title=\"\" style=\"font-family: Arial, Helvetica, sans-serif; font-size: 15px; color: #57697e;\">{menu_subtotal}</span></font></div></td></tr><tr><td>{/order_menus}</td><td><br></td><td><br></td></tr><tr><td><br></td><td>{order_totals}</td><td><br></td></tr><tr><td><br></td><td><div style=\"line-height: 24px;\"><font style=\"font-size: 15px;\" size=\"4\" color=\"#57697e\" face=\"Arial, Helvetica, sans-serif\"><span title=\"\" data-original-title=\"\" style=\"font-family: Arial, Helvetica, sans-serif; font-size: 15px; color: #57697e;\">{order_total_title}</span></font></div></td><td><div style=\"line-height: 24px;\"><font style=\"font-size: 15px;\" size=\"4\" color=\"#57697e\" face=\"Arial, Helvetica, sans-serif\"><span title=\"\" data-original-title=\"\" style=\"font-family: Arial, Helvetica, sans-serif; font-size: 15px; color: #57697e;\">{order_total_value}</span></font></div></td></tr><tr><td><br></td><td>{/order_totals}<br></td><td><br></td></tr></tbody></table><!-- padding --><div style=\"height: 20px; line-height: 20px; font-size: 10px;\"></div></td></tr><tr><td align=\"left\"><div style=\"line-height: 24px;\"><font style=\"font-size: 15px;\" size=\"4\" color=\"#57697e\" face=\"Arial, Helvetica, sans-serif\"><span title=\"\" data-original-title=\"\" style=\"font-family: Arial, Helvetica, sans-serif; font-size: 15px; color: #57697e;\">{order_comment}</span></font></div><!-- padding --><div style=\"height: 20px; line-height: 20px; font-size: 10px;\"></div></td></tr><tr><td align=\"left\"><!-- padding --><div style=\"height: 40px; line-height: 40px; font-size: 10px;\"></div></td></tr></tbody></table></td></tr><!--content 1 END--><!--footer --><tr><td class=\"iage_footer\" bgcolor=\"#ffffff\" align=\"center\"><!-- padding --><div style=\"height: 20px; line-height: 20px; font-size: 10px;\"></div><table width=\"100%\" cellspacing=\"0\" cellpadding=\"0\" border=\"0\"><tbody><tr><td align=\"center\"><font style=\"font-size: 13px;\" size=\"3\" color=\"#96a5b5\" face=\"Arial, Helvetica, sans-serif\"><span title=\"\" data-original-title=\"\" style=\"font-family: Arial, Helvetica, sans-serif; font-size: 13px; color: #96a5b5;\">2015  {site_name} All Rights Reserved.</span></font></td></tr></tbody></table><!-- padding --><div style=\"height: 20px; line-height: 20px; font-size: 10px;\"></div></td></tr><!--footer END--><tr><td><!-- padding --><div style=\"height: 80px; line-height: 80px; font-size: 10px;\"></div></td></tr></tbody></table><!--[if gte mso 10]></td></tr></table><![endif]--></td></tr></tbody></table></div>', '2016-11-22 19:06:41', '2016-11-22 19:10:23');
INSERT INTO `5vvgh_mail_templates_data` (`template_data_id`, `template_id`, `code`, `subject`, `body`, `date_added`, `date_updated`) VALUES ('126', '38', 'reservation_alert', 'New reservation on {site_name}', '<div id=\"mailsub\" class=\"notification\" align=\"center\"><table style=\"min-width: 320px;\" width=\"100%\" cellspacing=\"0\" cellpadding=\"0\" border=\"0\"><tbody><tr><td bgcolor=\"#eff3f8\" align=\"center\"><!--[if gte mso 10]><table width=\"680\" border=\"0\" cellspacing=\"0\" cellpadding=\"0\"><tr><td><![endif]--><table class=\"table_width_100\" style=\"max-width: 680px; min-width: 300px;\" width=\"100%\" cellspacing=\"0\" cellpadding=\"0\" border=\"0\"><tbody><tr><td><!-- padding --><div style=\"height: 80px; line-height: 80px; font-size: 10px;\"></div></td></tr><!--header --><tr><td bgcolor=\"#ffffff\" align=\"center\"><!-- padding --><div style=\"height: 30px; line-height: 30px; font-size: 10px;\"></div><table width=\"90%\" cellspacing=\"0\" cellpadding=\"0\" border=\"0\"><tbody><tr><td align=\"left\"><!-- Item --><div class=\"mob_center_bl\" style=\"float: left; display: inline-block; width: 115px;\"><table class=\"mob_center\" style=\"border-collapse: collapse;\" width=\"115\" cellspacing=\"0\" cellpadding=\"0\" border=\"0\" align=\"left\"><tbody><tr><td valign=\"middle\" align=\"left\"><!-- padding --><div style=\"height: 20px; line-height: 20px; font-size: 10px;\"></div><table width=\"115\" cellspacing=\"0\" cellpadding=\"0\" border=\"0\"><tbody><tr><td class=\"mob_center\" valign=\"top\" align=\"left\"><a href=\"{site_url}\" target=\"_blank\" style=\"color: #596167; font-family: Arial, Helvetica, sans-serif; font-size: 13px;\"><font size=\"3\" color=\"#596167\" face=\"Arial, Helvetica, sans-seri; font-size: 13px;\"><img src=\"{site_logo}\" alt=\"{site_name}\" style=\"display: block;\" width=\"115\" border=\"0\" height=\"19\"></font></a></td></tr></tbody></table></td></tr></tbody></table></div><!-- Item END--><!--[if gte mso 10]></td><td align=\"right\"><![endif]--><!-- Item --><div class=\"mob_center_bl\" style=\"float: right; display: inline-block; width: 88px;\"><table style=\"border-collapse: collapse;\" width=\"88\" cellspacing=\"0\" cellpadding=\"0\" border=\"0\" align=\"right\"><tbody><tr><td valign=\"middle\" align=\"right\"><!-- padding --><div style=\"height: 20px; line-height: 20px; font-size: 10px;\"></div><table width=\"100%\" cellspacing=\"0\" cellpadding=\"0\" border=\"0\"><tbody><tr><td align=\"right\"><!--social --><div class=\"mob_center_bl\" style=\"width: 88px;\"><table cellspacing=\"0\" cellpadding=\"0\" border=\"0\"><tbody><tr><td style=\"line-height: 19px;\" width=\"30\" align=\"center\"><a href=\"#\" target=\"_blank\" style=\"color: #596167; font-family: Arial, Helvetica, sans-serif; font-size: 12px;\"><font size=\"2\" color=\"#596167\" face=\"Arial, Helvetica, sans-serif\"></font></a></td><td style=\"line-height: 19px;\" width=\"39\" align=\"center\"><a href=\"#\" target=\"_blank\" style=\"color: #596167; font-family: Arial, Helvetica, sans-serif; font-size: 12px;\"><font size=\"2\" color=\"#596167\" face=\"Arial, Helvetica, sans-serif\"></font></a></td><td style=\"line-height: 19px;\" width=\"29\" align=\"right\"><a href=\"#\" target=\"_blank\" style=\"color: #596167; font-family: Arial, Helvetica, sans-serif; font-size: 12px;\"><font size=\"2\" color=\"#596167\" face=\"Arial, Helvetica, sans-serif\"></font></a></td></tr></tbody></table></div><!--social END--></td></tr></tbody></table></td></tr></tbody></table></div><!-- Item END--></td></tr></tbody></table><!-- padding --><div style=\"height: 50px; line-height: 50px; font-size: 10px;\"></div></td></tr><!--header END--><!--content 1 --><tr><td bgcolor=\"#fbfcfd\" align=\"center\"><table width=\"90%\" cellspacing=\"0\" cellpadding=\"0\" border=\"0\"><tbody><tr><td align=\"left\"><!-- padding --><div style=\"height: 40px; line-height: 40px; font-size: 10px;\"></div><div style=\"line-height: 44px;\"><font style=\"font-size: 34px;\" size=\"5\" color=\"#57697e\" face=\"Arial, Helvetica, sans-serif\"><span style=\"font-family: Arial, Helvetica, sans-serif; font-size: 34px; color: #57697e;\">You received a table reservation!</span></font></div><!-- padding --><div style=\"height: 30px; line-height: 30px; font-size: 10px;\"></div></td></tr><tr><td align=\"left\"><div style=\"line-height: 24px;\"><font style=\"font-size: 15px;\" size=\"4\" color=\"#57697e\" face=\"Arial, Helvetica, sans-serif\"><span style=\"font-family: Arial, Helvetica, sans-serif; font-size: 15px; color: #57697e;\"><span style=\"font-weight: bold;\">Customer name:</span> {first_name} {last_name}</span></font></div><!-- padding --></td></tr><tr><td align=\"left\"><div style=\"line-height: 24px;\"><font style=\"font-size: 15px;\" size=\"4\" color=\"#57697e\" face=\"Arial, Helvetica, sans-serif\"><span style=\"font-family: Arial, Helvetica, sans-serif; font-size: 15px; color: #57697e;\"><span style=\"font-weight: bold;\">Reservation no:</span> {reservation_number} </span></font></div><div style=\"line-height: 24px;\"><font style=\"font-size: 15px;\" size=\"4\" color=\"#57697e\" face=\"Arial, Helvetica, sans-serif\"><span style=\"font-family: Arial, Helvetica, sans-serif; font-size: 15px; color: #57697e;\"><span style=\"font-weight: bold;\">Restaurant:</span> {location_name} </span></font></div><div style=\"line-height: 24px;\"><font style=\"font-size: 15px;\" size=\"4\" color=\"#57697e\" face=\"Arial, Helvetica, sans-serif\"><span style=\"font-family: Arial, Helvetica, sans-serif; font-size: 15px; color: #57697e;\"><span style=\"font-weight: bold;\">No of guest(s):</span> {reservation_guest_no} person(s) </span></font></div><div style=\"line-height: 24px;\"><font style=\"font-size: 15px;\" size=\"4\" color=\"#57697e\" face=\"Arial, Helvetica, sans-serif\"><span style=\"font-family: Arial, Helvetica, sans-serif; font-size: 15px; color: #57697e;\"><span style=\"font-weight: bold;\">Reservation date:</span> {reservation_date}</span></font></div><div style=\"line-height: 24px;\"><font style=\"font-size: 15px;\" size=\"4\" color=\"#57697e\" face=\"Arial, Helvetica, sans-serif\"><span style=\"font-family: Arial, Helvetica, sans-serif; font-size: 15px; color: #57697e;\"><font style=\"font-size: 15px;\" size=\"4\" color=\"#57697e\" face=\"Arial, Helvetica, sans-serif\"><span style=\"font-family: Arial, Helvetica, sans-serif; font-size: 15px; color: #57697e;\"><span style=\"font-weight: bold;\">Reservation time: </span></span></font>{reservation_time}</span></font></div><!-- padding --><div style=\"height: 20px; line-height: 20px; font-size: 10px;\"></div></td></tr><tr><td align=\"left\"><div style=\"line-height: 24px;\"><font style=\"font-size: 15px;\" size=\"4\" color=\"#57697e\" face=\"Arial, Helvetica, sans-serif\"><span style=\"font-family: Arial, Helvetica, sans-serif; font-size: 15px; color: #57697e;\">You received a table reservation from {site_name}<br></span></font></div><!-- padding --><div style=\"height: 40px; line-height: 40px; font-size: 10px;\"></div></td></tr></tbody></table></td></tr><!--content 1 END--><!--footer --><tr><td class=\"iage_footer\" bgcolor=\"#ffffff\" align=\"center\"><!-- padding --><div style=\"height: 20px; line-height: 20px; font-size: 10px;\"></div><table width=\"100%\" cellspacing=\"0\" cellpadding=\"0\" border=\"0\"><tbody><tr><td align=\"center\"><font style=\"font-size: 13px;\" size=\"3\" color=\"#96a5b5\" face=\"Arial, Helvetica, sans-serif\"><span style=\"font-family: Arial, Helvetica, sans-serif; font-size: 13px; color: #96a5b5;\">2015  {site_name} All Rights Reserved.</span></font></td></tr></tbody></table><!-- padding --><div style=\"height: 20px; line-height: 20px; font-size: 10px;\"></div></td></tr><!--footer END--><tr><td><!-- padding --><div style=\"height: 80px; line-height: 80px; font-size: 10px;\"></div></td></tr></tbody></table><!--[if gte mso 10]></td></tr></table><![endif]--></td></tr></tbody></table></div>', '2016-11-22 19:06:41', '2016-11-22 19:10:23');
INSERT INTO `5vvgh_mail_templates_data` (`template_data_id`, `template_id`, `code`, `subject`, `body`, `date_added`, `date_updated`) VALUES ('127', '38', 'registration_alert', 'New Customer on {site_name}', '<div id=\"mailsub\" class=\"notification\" align=\"center\"><table style=\"min-width: 320px;\" width=\"100%\" cellspacing=\"0\" cellpadding=\"0\" border=\"0\"><tbody><tr><td bgcolor=\"#eff3f8\" align=\"center\"><!--[if gte mso 10]><table width=\"680\" border=\"0\" cellspacing=\"0\" cellpadding=\"0\"><tr><td><![endif]--><table class=\"table_width_100\" style=\"max-width: 680px; min-width: 300px;\" width=\"100%\" cellspacing=\"0\" cellpadding=\"0\" border=\"0\"><tbody><tr><td><!-- padding --><div style=\"height: 80px; line-height: 80px; font-size: 10px;\"></div></td></tr><!--header --><tr><td bgcolor=\"#ffffff\" align=\"center\"><!-- padding --><div style=\"height: 30px; line-height: 30px; font-size: 10px;\"></div><table width=\"90%\" cellspacing=\"0\" cellpadding=\"0\" border=\"0\"><tbody><tr><td align=\"left\"><!-- Item --><div class=\"mob_center_bl\" style=\"float: left; display: inline-block; width: 115px;\"><table class=\"mob_center\" style=\"border-collapse: collapse;\" width=\"115\" cellspacing=\"0\" cellpadding=\"0\" border=\"0\" align=\"left\"><tbody><tr><td valign=\"middle\" align=\"left\"><!-- padding --><div style=\"height: 20px; line-height: 20px; font-size: 10px;\"></div><table width=\"115\" cellspacing=\"0\" cellpadding=\"0\" border=\"0\"><tbody><tr><td class=\"mob_center\" valign=\"top\" align=\"left\"><a href=\"{site_url}\" target=\"_blank\" style=\"color: #596167; font-family: Arial, Helvetica, sans-serif; font-size: 13px;\"><font size=\"3\" color=\"#596167\" face=\"Arial, Helvetica, sans-seri; font-size: 13px;\"><img src=\"{site_logo}\" alt=\"{site_name}\" style=\"display: block;\" width=\"115\" border=\"0\" height=\"19\"></font></a></td></tr></tbody></table></td></tr></tbody></table></div><!-- Item END--><!--[if gte mso 10]></td><td align=\"right\"><![endif]--><!-- Item --><div class=\"mob_center_bl\" style=\"float: right; display: inline-block; width: 88px;\"><table style=\"border-collapse: collapse;\" width=\"88\" cellspacing=\"0\" cellpadding=\"0\" border=\"0\" align=\"right\"><tbody><tr><td valign=\"middle\" align=\"right\"><!-- padding --><div style=\"height: 20px; line-height: 20px; font-size: 10px;\"></div><table width=\"100%\" cellspacing=\"0\" cellpadding=\"0\" border=\"0\"><tbody><tr><td align=\"right\"><!--social --><div class=\"mob_center_bl\" style=\"width: 88px;\"><table cellspacing=\"0\" cellpadding=\"0\" border=\"0\"><tbody><tr><td style=\"line-height: 19px;\" width=\"30\" align=\"center\"><a href=\"#\" target=\"_blank\" style=\"color: #596167; font-family: Arial, Helvetica, sans-serif; font-size: 12px;\"><font size=\"2\" color=\"#596167\" face=\"Arial, Helvetica, sans-serif\"></font></a></td><td style=\"line-height: 19px;\" width=\"39\" align=\"center\"><a href=\"#\" target=\"_blank\" style=\"color: #596167; font-family: Arial, Helvetica, sans-serif; font-size: 12px;\"><font size=\"2\" color=\"#596167\" face=\"Arial, Helvetica, sans-serif\"></font></a></td><td style=\"line-height: 19px;\" width=\"29\" align=\"right\"><a href=\"#\" target=\"_blank\" style=\"color: #596167; font-family: Arial, Helvetica, sans-serif; font-size: 12px;\"><font size=\"2\" color=\"#596167\" face=\"Arial, Helvetica, sans-serif\"></font></a></td></tr></tbody></table></div><!--social END--></td></tr></tbody></table></td></tr></tbody></table></div><!-- Item END--></td></tr></tbody></table><!-- padding --><div style=\"height: 50px; line-height: 50px; font-size: 10px;\"></div></td></tr><!--header END--><!--content 1 --><tr><td bgcolor=\"#fbfcfd\" align=\"center\"><table width=\"90%\" cellspacing=\"0\" cellpadding=\"0\" border=\"0\"><tbody><tr><td align=\"left\"><!-- padding --><div style=\"height: 40px; line-height: 40px; font-size: 10px;\"></div><div style=\"line-height: 44px;\"><font style=\"font-size: 34px;\" size=\"5\" color=\"#57697e\" face=\"Arial, Helvetica, sans-serif\"><span style=\"font-family: Arial, Helvetica, sans-serif; font-size: 34px; color: #57697e;\">You have a new customer!</span></font></div><!-- padding --><div style=\"height: 30px; line-height: 30px; font-size: 10px;\"></div></td></tr><tr><td align=\"left\"><div style=\"line-height: 24px;\"><font style=\"font-size: 15px;\" size=\"4\" color=\"#57697e\" face=\"Arial, Helvetica, sans-serif\"><span style=\"font-family: Arial, Helvetica, sans-serif; font-size: 15px; color: #57697e;\"><span style=\"font-weight: bold;\">Customer name:</span> {first_name} {last_name}</span></font></div><!-- padding --><div style=\"height: 30px; line-height: 30px; font-size: 10px;\"></div></td></tr></tbody></table></td></tr><!--content 1 END--><!--footer --><tr><td class=\"iage_footer\" bgcolor=\"#ffffff\" align=\"center\"><!-- padding --><div style=\"height: 20px; line-height: 20px; font-size: 10px;\"></div><table width=\"100%\" cellspacing=\"0\" cellpadding=\"0\" border=\"0\"><tbody><tr><td align=\"center\"><font style=\"font-size: 13px;\" size=\"3\" color=\"#96a5b5\" face=\"Arial, Helvetica, sans-serif\"><span style=\"font-family: Arial, Helvetica, sans-serif; font-size: 13px; color: #96a5b5;\">2015  {site_name} All Rights Reserved.</span></font></td></tr></tbody></table><!-- padding --><div style=\"height: 20px; line-height: 20px; font-size: 10px;\"></div></td></tr><!--footer END--><tr><td><!-- padding --><div style=\"height: 80px; line-height: 80px; font-size: 10px;\"></div></td></tr></tbody></table><!--[if gte mso 10]></td></tr></table><![endif]--></td></tr></tbody></table></div>', '2016-11-22 19:06:41', '2016-11-22 19:10:23');
INSERT INTO `5vvgh_mail_templates_data` (`template_data_id`, `template_id`, `code`, `subject`, `body`, `date_added`, `date_updated`) VALUES ('128', '38', 'password_reset_alert', 'Password reset at {site_name}', '<div id=\"mailsub\" class=\"notification\" align=\"center\"><table style=\"min-width: 320px;\" width=\"100%\" cellspacing=\"0\" cellpadding=\"0\" border=\"0\"><tbody><tr><td bgcolor=\"#eff3f8\" align=\"center\"><!--[if gte mso 10]><table width=\"680\" border=\"0\" cellspacing=\"0\" cellpadding=\"0\"><tr><td><![endif]--><table class=\"table_width_100\" style=\"max-width: 680px; min-width: 300px;\" width=\"100%\" cellspacing=\"0\" cellpadding=\"0\" border=\"0\"><tbody><tr><td><!-- padding --><div style=\"height: 80px; line-height: 80px; font-size: 10px;\"></div></td></tr><!--header --><tr><td bgcolor=\"#ffffff\" align=\"center\"><!-- padding --><div style=\"height: 30px; line-height: 30px; font-size: 10px;\"></div><table width=\"90%\" cellspacing=\"0\" cellpadding=\"0\" border=\"0\"><tbody><tr><td align=\"left\"><!-- Item --><div class=\"mob_center_bl\" style=\"float: left; display: inline-block; width: 115px;\"><table class=\"mob_center\" style=\"border-collapse: collapse;\" width=\"115\" cellspacing=\"0\" cellpadding=\"0\" border=\"0\" align=\"left\"><tbody><tr><td valign=\"middle\" align=\"left\"><!-- padding --><div style=\"height: 20px; line-height: 20px; font-size: 10px;\"></div><table width=\"115\" cellspacing=\"0\" cellpadding=\"0\" border=\"0\"><tbody><tr><td class=\"mob_center\" valign=\"top\" align=\"left\"><a href=\"{site_url}\" target=\"_blank\" style=\"color: #596167; font-family: Arial, Helvetica, sans-serif; font-size: 13px;\"><font size=\"3\" color=\"#596167\" face=\"Arial, Helvetica, sans-seri; font-size: 13px;\"><img src=\"{site_logo}\" alt=\"{site_name}\" style=\"display: block;\" width=\"115\" border=\"0\" height=\"19\"></font></a></td></tr></tbody></table></td></tr></tbody></table></div><!-- Item END--><!--[if gte mso 10]></td><td align=\"right\"><![endif]--><!-- Item --><div class=\"mob_center_bl\" style=\"float: right; display: inline-block; width: 88px;\"><table style=\"border-collapse: collapse;\" width=\"88\" cellspacing=\"0\" cellpadding=\"0\" border=\"0\" align=\"right\"><tbody><tr><td valign=\"middle\" align=\"right\"><!-- padding --><div style=\"height: 20px; line-height: 20px; font-size: 10px;\"></div><table width=\"100%\" cellspacing=\"0\" cellpadding=\"0\" border=\"0\"><tbody><tr><td align=\"right\"><!--social --><div class=\"mob_center_bl\" style=\"width: 88px;\"><table cellspacing=\"0\" cellpadding=\"0\" border=\"0\"><tbody><tr><td style=\"line-height: 19px;\" width=\"30\" align=\"center\"><a href=\"#\" target=\"_blank\" style=\"color: #596167; font-family: Arial, Helvetica, sans-serif; font-size: 12px;\"><font size=\"2\" color=\"#596167\" face=\"Arial, Helvetica, sans-serif\"></font></a></td><td style=\"line-height: 19px;\" width=\"39\" align=\"center\"><a href=\"#\" target=\"_blank\" style=\"color: #596167; font-family: Arial, Helvetica, sans-serif; font-size: 12px;\"><font size=\"2\" color=\"#596167\" face=\"Arial, Helvetica, sans-serif\"></font></a></td><td style=\"line-height: 19px;\" width=\"29\" align=\"right\"><a href=\"#\" target=\"_blank\" style=\"color: #596167; font-family: Arial, Helvetica, sans-serif; font-size: 12px;\"><font size=\"2\" color=\"#596167\" face=\"Arial, Helvetica, sans-serif\"></font></a></td></tr></tbody></table></div><!--social END--></td></tr></tbody></table></td></tr></tbody></table></div><!-- Item END--></td></tr></tbody></table><!-- padding --><div style=\"height: 50px; line-height: 50px; font-size: 10px;\"></div></td></tr><!--header END--><!--content 1 --><tr><td bgcolor=\"#fbfcfd\" align=\"center\"><table width=\"90%\" cellspacing=\"0\" cellpadding=\"0\" border=\"0\"><tbody><tr><td align=\"left\"><!-- padding --><div style=\"height: 40px; line-height: 40px; font-size: 10px;\"></div><div style=\"line-height: 44px;\"><font style=\"font-size: 34px;\" size=\"5\" color=\"#57697e\" face=\"Arial, Helvetica, sans-serif\"><span style=\"font-family: Arial, Helvetica, sans-serif; font-size: 34px; color: #57697e;\">Reset your password!</span></font></div><!-- padding --><div style=\"height: 30px; line-height: 30px; font-size: 10px;\"></div></td></tr><tr><td align=\"left\"><div style=\"line-height: 24px;\"><font style=\"font-size: 15px;\" size=\"4\" color=\"#57697e\" face=\"Arial, Helvetica, sans-serif\"><span style=\"font-family: Arial, Helvetica, sans-serif; font-size: 15px; color: #57697e;\">Hello {staff_name},</span></font></div><!-- padding --><div style=\"height: 20px; line-height: 20px; font-size: 10px;\"></div></td></tr><tr><td align=\"left\"><div style=\"line-height: 24px;\"><font style=\"font-size: 15px;\" size=\"4\" color=\"#57697e\" face=\"Arial, Helvetica, sans-serif\"><span style=\"font-family: Arial, Helvetica, sans-serif; font-size: 15px; color: #57697e;\">You requested that the password be reset for the following account:</span></font></div><div style=\"line-height: 24px;\"><font style=\"font-size: 15px;\" size=\"4\" color=\"#57697e\" face=\"Arial, Helvetica, sans-serif\"><span style=\"font-family: Arial, Helvetica, sans-serif; font-size: 15px; color: #57697e;\">Username: {staff_username}</span></font></div><div style=\"line-height: 24px;\"><font style=\"font-size: 15px;\" size=\"4\" color=\"#57697e\" face=\"Arial, Helvetica, sans-serif\"><span style=\"font-family: Arial, Helvetica, sans-serif; font-size: 15px; color: #57697e;\">Password: {created_password}</span></font></div><!-- padding --><div style=\"height: 20px; line-height: 20px; font-size: 10px;\"></div></td></tr><tr><td align=\"left\"><div style=\"line-height: 24px;\"><font style=\"font-size: 15px;\" size=\"4\" color=\"#57697e\" face=\"Arial, Helvetica, sans-serif\"><span style=\"font-family: Arial, Helvetica, sans-serif; font-size: 15px; color: #57697e;\">Please do not forget to change your password after you login.<br> {signature}</span></font></div><!-- padding --><div style=\"height: 40px; line-height: 40px; font-size: 10px;\"></div></td></tr></tbody></table></td></tr><!--content 1 END--><!--footer --><tr><td class=\"iage_footer\" bgcolor=\"#ffffff\" align=\"center\"><!-- padding --><div style=\"height: 20px; line-height: 20px; font-size: 10px;\"></div><table width=\"100%\" cellspacing=\"0\" cellpadding=\"0\" border=\"0\"><tbody><tr><td align=\"center\"><font style=\"font-size: 13px;\" size=\"3\" color=\"#96a5b5\" face=\"Arial, Helvetica, sans-serif\"><span style=\"font-family: Arial, Helvetica, sans-serif; font-size: 13px; color: #96a5b5;\">2015  {site_name} All Rights Reserved.</span></font></td></tr></tbody></table><!-- padding --><div style=\"height: 20px; line-height: 20px; font-size: 10px;\"></div></td></tr><!--footer END--><tr><td><!-- padding --><div style=\"height: 80px; line-height: 80px; font-size: 10px;\"></div></td></tr></tbody></table><!--[if gte mso 10]></td></tr></table><![endif]--></td></tr></tbody></table></div>', '2016-11-22 19:06:41', '2016-11-22 19:10:23');
INSERT INTO `5vvgh_mail_templates_data` (`template_data_id`, `template_id`, `code`, `subject`, `body`, `date_added`, `date_updated`) VALUES ('129', '38', 'order_update', 'Your Order Update - {order_number}', '<div id=\"mailsub\" class=\"notification\" align=\"center\"><table style=\"min-width: 320px;\" width=\"100%\" cellspacing=\"0\" cellpadding=\"0\" border=\"0\"><tbody><tr><td bgcolor=\"#eff3f8\" align=\"center\"><!--[if gte mso 10]><table width=\"680\" border=\"0\" cellspacing=\"0\" cellpadding=\"0\"><tr><td><![endif]--><table class=\"table_width_100\" style=\"max-width: 680px; min-width: 300px;\" width=\"100%\" cellspacing=\"0\" cellpadding=\"0\" border=\"0\"><tbody><tr><td><!-- padding --><div style=\"height: 80px; line-height: 80px; font-size: 10px;\"></div></td></tr><!--header --><tr><td bgcolor=\"#ffffff\" align=\"center\"><!-- padding --><div style=\"height: 30px; line-height: 30px; font-size: 10px;\"></div><table width=\"90%\" cellspacing=\"0\" cellpadding=\"0\" border=\"0\"><tbody><tr><td align=\"left\"><!-- Item --><div class=\"mob_center_bl\" style=\"float: left; display: inline-block; width: 115px;\"><table class=\"mob_center\" style=\"border-collapse: collapse;\" width=\"115\" cellspacing=\"0\" cellpadding=\"0\" border=\"0\" align=\"left\"><tbody><tr><td valign=\"middle\" align=\"left\"><!-- padding --><div style=\"height: 20px; line-height: 20px; font-size: 10px;\"></div><table width=\"115\" cellspacing=\"0\" cellpadding=\"0\" border=\"0\"><tbody><tr><td class=\"mob_center\" valign=\"top\" align=\"left\"><a title=\"\" data-original-title=\"\" href=\"{site_url}\" target=\"_blank\" style=\"color: #596167; font-family: Arial, Helvetica, sans-serif; font-size: 13px;\"><font size=\"3\" color=\"#596167\" face=\"Arial, Helvetica, sans-seri; font-size: 13px;\"><img src=\"{site_logo}\" alt=\"{site_name}\" style=\"display: block;\" width=\"115\" border=\"0\" height=\"19\"></font></a></td></tr></tbody></table></td></tr></tbody></table></div><!-- Item END--><!--[if gte mso 10]></td><td align=\"right\"><![endif]--><!-- Item --><div class=\"mob_center_bl\" style=\"float: right; display: inline-block; width: 88px;\"><table style=\"border-collapse: collapse;\" width=\"88\" cellspacing=\"0\" cellpadding=\"0\" border=\"0\" align=\"right\"><tbody><tr><td valign=\"middle\" align=\"right\"><!-- padding --><div style=\"height: 20px; line-height: 20px; font-size: 10px;\"></div><table width=\"100%\" cellspacing=\"0\" cellpadding=\"0\" border=\"0\"><tbody><tr><td align=\"right\"><!--social --><div class=\"mob_center_bl\" style=\"width: 88px;\"><table cellspacing=\"0\" cellpadding=\"0\" border=\"0\"><tbody><tr><td style=\"line-height: 19px;\" width=\"30\" align=\"center\"><a title=\"\" data-original-title=\"\" href=\"#\" target=\"_blank\" style=\"color: #596167; font-family: Arial, Helvetica, sans-serif; font-size: 12px;\"><font size=\"2\" color=\"#596167\" face=\"Arial, Helvetica, sans-serif\"></font></a></td><td style=\"line-height: 19px;\" width=\"39\" align=\"center\"><a title=\"\" data-original-title=\"\" href=\"#\" target=\"_blank\" style=\"color: #596167; font-family: Arial, Helvetica, sans-serif; font-size: 12px;\"><font size=\"2\" color=\"#596167\" face=\"Arial, Helvetica, sans-serif\"></font></a></td><td style=\"line-height: 19px;\" width=\"29\" align=\"right\"><a title=\"\" data-original-title=\"\" href=\"#\" target=\"_blank\" style=\"color: #596167; font-family: Arial, Helvetica, sans-serif; font-size: 12px;\"><font size=\"2\" color=\"#596167\" face=\"Arial, Helvetica, sans-serif\"></font></a></td></tr></tbody></table></div><!--social END--></td></tr></tbody></table></td></tr></tbody></table></div><!-- Item END--></td></tr></tbody></table><!-- padding --><div style=\"height: 50px; line-height: 50px; font-size: 10px;\"></div></td></tr><!--header END--><!--content 1 --><tr><td bgcolor=\"#fbfcfd\" align=\"center\"><table width=\"90%\" cellspacing=\"0\" cellpadding=\"0\" border=\"0\"><tbody><tr><td align=\"left\"><div style=\"line-height: 24px;\"><font style=\"font-size: 15px;\" size=\"4\" color=\"#57697e\" face=\"Arial, Helvetica, sans-serif\"><span title=\"\" data-original-title=\"\" style=\"font-family: Arial, Helvetica, sans-serif; font-size: 15px; color: #57697e;\">Your order has been updated to the following status: <span title=\"\" data-original-title=\"\" style=\"font-weight: bold;\">{status_name}</span></span></font></div><!-- padding --><div style=\"height: 20px; line-height: 20px; font-size: 10px;\"></div></td></tr><tr><td align=\"left\"><div style=\"line-height: 24px;\"><font style=\"font-size: 15px;\" size=\"4\" color=\"#57697e\" face=\"Arial, Helvetica, sans-serif\"><span title=\"\" data-original-title=\"\" style=\"font-family: Arial, Helvetica, sans-serif; font-size: 15px; color: #57697e;\"><a title=\"\" data-original-title=\"\" href=\"{order_view_url}\">Click here</a> to view your order progress.</span></font><br></div><!-- padding --><div style=\"height: 20px; line-height: 20px; font-size: 10px;\"></div></td></tr><tr><td align=\"left\"><div style=\"line-height: 24px;\"><font style=\"font-size: 15px;\" size=\"4\" color=\"#57697e\" face=\"Arial, Helvetica, sans-serif\"><span title=\"\" data-original-title=\"\" style=\"font-family: Arial, Helvetica, sans-serif; font-size: 15px; color: #57697e;\">Your order number is: <span title=\"\" data-original-title=\"\" style=\"font-weight: bold;\">{order_number}</span></span></font></div><!-- padding --><div style=\"height: 30px; line-height: 30px; font-size: 10px;\"></div></td></tr><tr><td align=\"left\"><div style=\"line-height: 24px;\"><span title=\"\" data-original-title=\"\" style=\"font-weight: bold;\"><font style=\"font-size: 15px;\" size=\"4\" color=\"#57697e\" face=\"Arial, Helvetica, sans-serif\"><span title=\"\" data-original-title=\"\" style=\"font-family: Arial, Helvetica, sans-serif; font-size: 15px; color: #57697e;\">The comments for your order are:</span></font></span></div><div style=\"line-height: 24px;\"><font style=\"font-size: 15px;\" size=\"4\" color=\"#57697e\" face=\"Arial, Helvetica, sans-serif\"><span title=\"\" data-original-title=\"\" style=\"font-family: Arial, Helvetica, sans-serif; font-size: 15px; color: #57697e;\">{status_comment}</span></font></div><!-- padding --><div style=\"height: 40px; line-height: 40px; font-size: 10px;\"></div></td></tr><tr><td align=\"left\"><div style=\"line-height: 24px;\"><font style=\"font-size: 15px;\" size=\"4\" color=\"#57697e\" face=\"Arial, Helvetica, sans-serif\"><span title=\"\" data-original-title=\"\" style=\"font-family: Arial, Helvetica, sans-serif; font-size: 15px; color: #57697e;\">We hope to see you again soon.<br>{signature}</span></font></div><!-- padding --><div style=\"height: 40px; line-height: 40px; font-size: 10px;\"></div></td></tr></tbody></table></td></tr><!--content 1 END--><!--footer --><tr><td class=\"iage_footer\" bgcolor=\"#ffffff\" align=\"center\"><!-- padding --><div style=\"height: 20px; line-height: 20px; font-size: 10px;\"></div><table width=\"100%\" cellspacing=\"0\" cellpadding=\"0\" border=\"0\"><tbody><tr><td align=\"center\"><font style=\"font-size: 13px;\" size=\"3\" color=\"#96a5b5\" face=\"Arial, Helvetica, sans-serif\"><span title=\"\" data-original-title=\"\" style=\"font-family: Arial, Helvetica, sans-serif; font-size: 13px; color: #96a5b5;\">2015  {site_name} All Rights Reserved.</span></font></td></tr></tbody></table><!-- padding --><div style=\"height: 20px; line-height: 20px; font-size: 10px;\"></div></td></tr><!--footer END--><tr><td><!-- padding --><div style=\"height: 80px; line-height: 80px; font-size: 10px;\"></div></td></tr></tbody></table><!--[if gte mso 10]></td></tr></table><![endif]--></td></tr></tbody></table></div>', '2016-11-22 19:06:41', '2016-11-22 19:10:23');
INSERT INTO `5vvgh_mail_templates_data` (`template_data_id`, `template_id`, `code`, `subject`, `body`, `date_added`, `date_updated`) VALUES ('130', '38', 'reservation_update', 'Your Reservation Update - {reservation_number}', '<div id=\"mailsub\" class=\"notification\" align=\"center\"><table style=\"min-width: 320px;\" width=\"100%\" cellspacing=\"0\" cellpadding=\"0\" border=\"0\"><tbody><tr><td bgcolor=\"#eff3f8\" align=\"center\"><!--[if gte mso 10]><table width=\"680\" border=\"0\" cellspacing=\"0\" cellpadding=\"0\"><tr><td><![endif]--><table class=\"table_width_100\" style=\"max-width: 680px; min-width: 300px;\" width=\"100%\" cellspacing=\"0\" cellpadding=\"0\" border=\"0\"><tbody><tr><td><!-- padding --><div style=\"height: 80px; line-height: 80px; font-size: 10px;\"></div></td></tr><!--header --><tr><td bgcolor=\"#ffffff\" align=\"center\"><!-- padding --><div style=\"height: 30px; line-height: 30px; font-size: 10px;\"></div><table width=\"90%\" cellspacing=\"0\" cellpadding=\"0\" border=\"0\"><tbody><tr><td align=\"left\"><!-- Item --><div class=\"mob_center_bl\" style=\"float: left; display: inline-block; width: 115px;\"><table class=\"mob_center\" style=\"border-collapse: collapse;\" width=\"115\" cellspacing=\"0\" cellpadding=\"0\" border=\"0\" align=\"left\"><tbody><tr><td valign=\"middle\" align=\"left\"><!-- padding --><div style=\"height: 20px; line-height: 20px; font-size: 10px;\"></div><table width=\"115\" cellspacing=\"0\" cellpadding=\"0\" border=\"0\"><tbody><tr><td class=\"mob_center\" valign=\"top\" align=\"left\"><a title=\"\" data-original-title=\"\" href=\"{site_url}\" target=\"_blank\" style=\"color: #596167; font-family: Arial, Helvetica, sans-serif; font-size: 13px;\"><font size=\"3\" color=\"#596167\" face=\"Arial, Helvetica, sans-seri; font-size: 13px;\"><img src=\"{site_logo}\" alt=\"{site_name}\" style=\"display: block;\" width=\"115\" border=\"0\" height=\"19\"></font></a></td></tr></tbody></table></td></tr></tbody></table></div><!-- Item END--><!--[if gte mso 10]></td><td align=\"right\"><![endif]--><!-- Item --><div class=\"mob_center_bl\" style=\"float: right; display: inline-block; width: 88px;\"><table style=\"border-collapse: collapse;\" width=\"88\" cellspacing=\"0\" cellpadding=\"0\" border=\"0\" align=\"right\"><tbody><tr><td valign=\"middle\" align=\"right\"><!-- padding --><div style=\"height: 20px; line-height: 20px; font-size: 10px;\"></div><table width=\"100%\" cellspacing=\"0\" cellpadding=\"0\" border=\"0\"><tbody><tr><td align=\"right\"><!--social --><div class=\"mob_center_bl\" style=\"width: 88px;\"><table cellspacing=\"0\" cellpadding=\"0\" border=\"0\"><tbody><tr><td style=\"line-height: 19px;\" width=\"30\" align=\"center\"><a title=\"\" data-original-title=\"\" href=\"#\" target=\"_blank\" style=\"color: #596167; font-family: Arial, Helvetica, sans-serif; font-size: 12px;\"><font size=\"2\" color=\"#596167\" face=\"Arial, Helvetica, sans-serif\"></font></a></td><td style=\"line-height: 19px;\" width=\"39\" align=\"center\"><a title=\"\" data-original-title=\"\" href=\"#\" target=\"_blank\" style=\"color: #596167; font-family: Arial, Helvetica, sans-serif; font-size: 12px;\"><font size=\"2\" color=\"#596167\" face=\"Arial, Helvetica, sans-serif\"></font></a></td><td style=\"line-height: 19px;\" width=\"29\" align=\"right\"><a title=\"\" data-original-title=\"\" href=\"#\" target=\"_blank\" style=\"color: #596167; font-family: Arial, Helvetica, sans-serif; font-size: 12px;\"><font size=\"2\" color=\"#596167\" face=\"Arial, Helvetica, sans-serif\"></font></a></td></tr></tbody></table></div><!--social END--></td></tr></tbody></table></td></tr></tbody></table></div><!-- Item END--></td></tr></tbody></table><!-- padding --><div style=\"height: 50px; line-height: 50px; font-size: 10px;\"></div></td></tr><!--header END--><!--content 1 --><tr><td bgcolor=\"#fbfcfd\" align=\"center\"><table width=\"90%\" cellspacing=\"0\" cellpadding=\"0\" border=\"0\"><tbody><tr><td align=\"left\"><div style=\"line-height: 24px;\"><font style=\"font-size: 15px;\" size=\"4\" color=\"#57697e\" face=\"Arial, Helvetica, sans-serif\"><span title=\"\" data-original-title=\"\" style=\"font-family: Arial, Helvetica, sans-serif; font-size: 15px; color: #57697e;\">Your reservation has been updated to the following status: <span title=\"\" data-original-title=\"\" style=\"font-weight: bold;\">{status_name}</span></span></font></div><!-- padding --><div style=\"height: 20px; line-height: 20px; font-size: 10px;\"></div></td></tr><tr><td align=\"left\"><div style=\"line-height: 24px;\"><font style=\"font-size: 15px;\" size=\"4\" color=\"#57697e\" face=\"Arial, Helvetica, sans-serif\"><span title=\"\" data-original-title=\"\" style=\"font-family: Arial, Helvetica, sans-serif; font-size: 15px; color: #57697e;\">Your reservation number: <span title=\"\" data-original-title=\"\" style=\"font-weight: bold;\">{reservation_number}</span> at <span title=\"\" data-original-title=\"\" style=\"font-weight: bold;\">{location_name}</span>.</span></font></div><!-- padding --><div style=\"height: 20px; line-height: 20px; font-size: 10px;\"></div></td></tr><tr><td align=\"left\"><div style=\"line-height: 24px;\"><span title=\"\" data-original-title=\"\" style=\"font-weight: bold;\"><font style=\"font-size: 15px;\" size=\"4\" color=\"#57697e\" face=\"Arial, Helvetica, sans-serif\"><span title=\"\" data-original-title=\"\" style=\"font-family: Arial, Helvetica, sans-serif; font-size: 15px; color: #57697e;\">The comments for your reservation are:</span></font></span></div><div style=\"line-height: 24px;\"><font style=\"font-size: 15px;\" size=\"4\" color=\"#57697e\" face=\"Arial, Helvetica, sans-serif\"><span title=\"\" data-original-title=\"\" style=\"font-family: Arial, Helvetica, sans-serif; font-size: 15px; color: #57697e;\">{status_comment}<br></span></font></div><!-- padding --><div style=\"height: 20px; line-height: 20px; font-size: 10px;\"></div></td></tr><tr><td align=\"left\"><div style=\"line-height: 24px;\"><font style=\"font-size: 15px;\" size=\"4\" color=\"#57697e\" face=\"Arial, Helvetica, sans-serif\"><span title=\"\" data-original-title=\"\" style=\"font-family: Arial, Helvetica, sans-serif; font-size: 15px; color: #57697e;\">We hope to see you again soon.<br>{signature}</span></font></div><!-- padding --><div style=\"height: 40px; line-height: 40px; font-size: 10px;\"></div></td></tr></tbody></table></td></tr><!--content 1 END--><!--footer --><tr><td class=\"iage_footer\" bgcolor=\"#ffffff\" align=\"center\"><!-- padding --><div style=\"height: 20px; line-height: 20px; font-size: 10px;\"></div><table width=\"100%\" cellspacing=\"0\" cellpadding=\"0\" border=\"0\"><tbody><tr><td align=\"center\"><font style=\"font-size: 13px;\" size=\"3\" color=\"#96a5b5\" face=\"Arial, Helvetica, sans-serif\"><span title=\"\" data-original-title=\"\" style=\"font-family: Arial, Helvetica, sans-serif; font-size: 13px; color: #96a5b5;\">2015  {site_name} All Rights Reserved.</span></font></td></tr></tbody></table><!-- padding --><div style=\"height: 20px; line-height: 20px; font-size: 10px;\"></div></td></tr><!--footer END--><tr><td><!-- padding --><div style=\"height: 80px; line-height: 80px; font-size: 10px;\"></div></td></tr></tbody></table><!--[if gte mso 10]></td></tr></table><![endif]--></td></tr></tbody></table></div>', '2016-11-22 19:06:41', '2016-11-22 19:10:23');


#
# TABLE STRUCTURE FOR: 5vvgh_mealtimes
#

DROP TABLE IF EXISTS `5vvgh_mealtimes`;

CREATE TABLE `5vvgh_mealtimes` (
  `mealtime_id` int(11) NOT NULL AUTO_INCREMENT,
  `mealtime_name` varchar(128) NOT NULL,
  `start_time` time NOT NULL DEFAULT '00:00:00',
  `end_time` time NOT NULL DEFAULT '23:59:59',
  `mealtime_status` tinyint(1) NOT NULL,
  PRIMARY KEY (`mealtime_id`)
) ENGINE=InnoDB AUTO_INCREMENT=14 DEFAULT CHARSET=utf8;

INSERT INTO `5vvgh_mealtimes` (`mealtime_id`, `mealtime_name`, `start_time`, `end_time`, `mealtime_status`) VALUES ('11', 'Breakfast', '07:00:00', '10:00:00', '1');
INSERT INTO `5vvgh_mealtimes` (`mealtime_id`, `mealtime_name`, `start_time`, `end_time`, `mealtime_status`) VALUES ('12', 'Lunch', '12:00:00', '14:30:00', '1');
INSERT INTO `5vvgh_mealtimes` (`mealtime_id`, `mealtime_name`, `start_time`, `end_time`, `mealtime_status`) VALUES ('13', 'Dinner', '18:00:00', '20:00:00', '1');


#
# TABLE STRUCTURE FOR: 5vvgh_menu_option_values
#

DROP TABLE IF EXISTS `5vvgh_menu_option_values`;

CREATE TABLE `5vvgh_menu_option_values` (
  `menu_option_value_id` int(11) NOT NULL AUTO_INCREMENT,
  `menu_option_id` int(11) NOT NULL,
  `menu_id` int(11) NOT NULL,
  `option_id` int(11) NOT NULL,
  `option_value_id` int(11) NOT NULL,
  `new_price` decimal(15,4) DEFAULT NULL,
  `quantity` int(11) NOT NULL,
  `subtract_stock` tinyint(4) NOT NULL,
  PRIMARY KEY (`menu_option_value_id`)
) ENGINE=InnoDB AUTO_INCREMENT=75 DEFAULT CHARSET=utf8;

INSERT INTO `5vvgh_menu_option_values` (`menu_option_value_id`, `menu_option_id`, `menu_id`, `option_id`, `option_value_id`, `new_price`, `quantity`, `subtract_stock`) VALUES ('52', '25', '84', '22', '8', '0.0000', '0', '0');
INSERT INTO `5vvgh_menu_option_values` (`menu_option_value_id`, `menu_option_id`, `menu_id`, `option_id`, `option_value_id`, `new_price`, `quantity`, `subtract_stock`) VALUES ('53', '25', '84', '22', '9', '0.0000', '0', '0');
INSERT INTO `5vvgh_menu_option_values` (`menu_option_value_id`, `menu_option_id`, `menu_id`, `option_id`, `option_value_id`, `new_price`, `quantity`, `subtract_stock`) VALUES ('54', '25', '84', '22', '11', '0.0000', '0', '0');
INSERT INTO `5vvgh_menu_option_values` (`menu_option_value_id`, `menu_option_id`, `menu_id`, `option_id`, `option_value_id`, `new_price`, `quantity`, `subtract_stock`) VALUES ('55', '26', '79', '22', '8', '0.0000', '0', '0');
INSERT INTO `5vvgh_menu_option_values` (`menu_option_value_id`, `menu_option_id`, `menu_id`, `option_id`, `option_value_id`, `new_price`, `quantity`, `subtract_stock`) VALUES ('56', '26', '79', '22', '9', '0.0000', '0', '0');
INSERT INTO `5vvgh_menu_option_values` (`menu_option_value_id`, `menu_option_id`, `menu_id`, `option_id`, `option_value_id`, `new_price`, `quantity`, `subtract_stock`) VALUES ('57', '26', '79', '22', '10', '0.0000', '0', '0');
INSERT INTO `5vvgh_menu_option_values` (`menu_option_value_id`, `menu_option_id`, `menu_id`, `option_id`, `option_value_id`, `new_price`, `quantity`, `subtract_stock`) VALUES ('58', '26', '79', '22', '11', '0.0000', '0', '0');
INSERT INTO `5vvgh_menu_option_values` (`menu_option_value_id`, `menu_option_id`, `menu_id`, `option_id`, `option_value_id`, `new_price`, `quantity`, `subtract_stock`) VALUES ('59', '26', '79', '22', '12', '0.0000', '0', '0');
INSERT INTO `5vvgh_menu_option_values` (`menu_option_value_id`, `menu_option_id`, `menu_id`, `option_id`, `option_value_id`, `new_price`, `quantity`, `subtract_stock`) VALUES ('60', '27', '79', '24', '13', '0.0000', '0', '0');
INSERT INTO `5vvgh_menu_option_values` (`menu_option_value_id`, `menu_option_id`, `menu_id`, `option_id`, `option_value_id`, `new_price`, `quantity`, `subtract_stock`) VALUES ('61', '27', '79', '24', '14', '0.0000', '0', '0');
INSERT INTO `5vvgh_menu_option_values` (`menu_option_value_id`, `menu_option_id`, `menu_id`, `option_id`, `option_value_id`, `new_price`, `quantity`, `subtract_stock`) VALUES ('62', '28', '78', '22', '8', '0.0000', '0', '0');
INSERT INTO `5vvgh_menu_option_values` (`menu_option_value_id`, `menu_option_id`, `menu_id`, `option_id`, `option_value_id`, `new_price`, `quantity`, `subtract_stock`) VALUES ('63', '28', '78', '22', '9', '0.0000', '0', '0');
INSERT INTO `5vvgh_menu_option_values` (`menu_option_value_id`, `menu_option_id`, `menu_id`, `option_id`, `option_value_id`, `new_price`, `quantity`, `subtract_stock`) VALUES ('64', '28', '78', '22', '10', '0.0000', '0', '0');
INSERT INTO `5vvgh_menu_option_values` (`menu_option_value_id`, `menu_option_id`, `menu_id`, `option_id`, `option_value_id`, `new_price`, `quantity`, `subtract_stock`) VALUES ('65', '28', '78', '22', '11', '0.0000', '0', '0');
INSERT INTO `5vvgh_menu_option_values` (`menu_option_value_id`, `menu_option_id`, `menu_id`, `option_id`, `option_value_id`, `new_price`, `quantity`, `subtract_stock`) VALUES ('66', '28', '78', '22', '12', '0.0000', '0', '0');
INSERT INTO `5vvgh_menu_option_values` (`menu_option_value_id`, `menu_option_id`, `menu_id`, `option_id`, `option_value_id`, `new_price`, `quantity`, `subtract_stock`) VALUES ('67', '22', '85', '22', '8', '0.0000', '0', '0');
INSERT INTO `5vvgh_menu_option_values` (`menu_option_value_id`, `menu_option_id`, `menu_id`, `option_id`, `option_value_id`, `new_price`, `quantity`, `subtract_stock`) VALUES ('68', '22', '85', '22', '9', '0.0000', '0', '0');
INSERT INTO `5vvgh_menu_option_values` (`menu_option_value_id`, `menu_option_id`, `menu_id`, `option_id`, `option_value_id`, `new_price`, `quantity`, `subtract_stock`) VALUES ('69', '22', '85', '22', '10', '0.0000', '0', '0');
INSERT INTO `5vvgh_menu_option_values` (`menu_option_value_id`, `menu_option_id`, `menu_id`, `option_id`, `option_value_id`, `new_price`, `quantity`, `subtract_stock`) VALUES ('70', '24', '85', '24', '13', '0.0000', '0', '0');
INSERT INTO `5vvgh_menu_option_values` (`menu_option_value_id`, `menu_option_id`, `menu_id`, `option_id`, `option_value_id`, `new_price`, `quantity`, `subtract_stock`) VALUES ('71', '24', '85', '24', '14', '0.0000', '0', '0');
INSERT INTO `5vvgh_menu_option_values` (`menu_option_value_id`, `menu_option_id`, `menu_id`, `option_id`, `option_value_id`, `new_price`, `quantity`, `subtract_stock`) VALUES ('72', '23', '81', '23', '7', '0.0000', '0', '0');
INSERT INTO `5vvgh_menu_option_values` (`menu_option_value_id`, `menu_option_id`, `menu_id`, `option_id`, `option_value_id`, `new_price`, `quantity`, `subtract_stock`) VALUES ('73', '23', '81', '23', '6', '0.0000', '0', '0');
INSERT INTO `5vvgh_menu_option_values` (`menu_option_value_id`, `menu_option_id`, `menu_id`, `option_id`, `option_value_id`, `new_price`, `quantity`, `subtract_stock`) VALUES ('74', '23', '81', '23', '15', '0.0000', '0', '0');


#
# TABLE STRUCTURE FOR: 5vvgh_menu_options
#

DROP TABLE IF EXISTS `5vvgh_menu_options`;

CREATE TABLE `5vvgh_menu_options` (
  `menu_option_id` int(11) NOT NULL AUTO_INCREMENT,
  `option_id` int(11) NOT NULL,
  `menu_id` int(11) NOT NULL,
  `required` tinyint(4) NOT NULL,
  `default_value_id` tinyint(4) NOT NULL,
  `option_values` text NOT NULL,
  PRIMARY KEY (`menu_option_id`)
) ENGINE=InnoDB AUTO_INCREMENT=29 DEFAULT CHARSET=utf8;

INSERT INTO `5vvgh_menu_options` (`menu_option_id`, `option_id`, `menu_id`, `required`, `default_value_id`, `option_values`) VALUES ('22', '22', '85', '1', '0', 'a:3:{i:3;a:3:{s:15:\"option_value_id\";s:1:\"8\";s:5:\"price\";s:0:\"\";s:20:\"menu_option_value_id\";s:0:\"\";}i:4;a:3:{s:15:\"option_value_id\";s:1:\"9\";s:5:\"price\";s:0:\"\";s:20:\"menu_option_value_id\";s:0:\"\";}i:5;a:3:{s:15:\"option_value_id\";s:2:\"10\";s:5:\"price\";s:0:\"\";s:20:\"menu_option_value_id\";s:0:\"\";}}');
INSERT INTO `5vvgh_menu_options` (`menu_option_id`, `option_id`, `menu_id`, `required`, `default_value_id`, `option_values`) VALUES ('23', '23', '81', '0', '0', 'a:3:{i:1;a:3:{s:15:\"option_value_id\";s:1:\"7\";s:5:\"price\";s:0:\"\";s:20:\"menu_option_value_id\";s:0:\"\";}i:2;a:3:{s:15:\"option_value_id\";s:1:\"6\";s:5:\"price\";s:0:\"\";s:20:\"menu_option_value_id\";s:0:\"\";}i:3;a:3:{s:15:\"option_value_id\";s:2:\"15\";s:5:\"price\";s:0:\"\";s:20:\"menu_option_value_id\";s:0:\"\";}}');
INSERT INTO `5vvgh_menu_options` (`menu_option_id`, `option_id`, `menu_id`, `required`, `default_value_id`, `option_values`) VALUES ('24', '24', '85', '1', '0', 'a:2:{i:1;a:3:{s:15:\"option_value_id\";s:2:\"13\";s:5:\"price\";s:0:\"\";s:20:\"menu_option_value_id\";s:0:\"\";}i:2;a:3:{s:15:\"option_value_id\";s:2:\"14\";s:5:\"price\";s:0:\"\";s:20:\"menu_option_value_id\";s:0:\"\";}}');
INSERT INTO `5vvgh_menu_options` (`menu_option_id`, `option_id`, `menu_id`, `required`, `default_value_id`, `option_values`) VALUES ('25', '22', '84', '0', '0', 'a:3:{i:1;a:3:{s:15:\"option_value_id\";s:1:\"8\";s:5:\"price\";s:0:\"\";s:20:\"menu_option_value_id\";s:2:\"52\";}i:2;a:3:{s:15:\"option_value_id\";s:1:\"9\";s:5:\"price\";s:0:\"\";s:20:\"menu_option_value_id\";s:2:\"53\";}i:3;a:3:{s:15:\"option_value_id\";s:2:\"11\";s:5:\"price\";s:0:\"\";s:20:\"menu_option_value_id\";s:2:\"54\";}}');
INSERT INTO `5vvgh_menu_options` (`menu_option_id`, `option_id`, `menu_id`, `required`, `default_value_id`, `option_values`) VALUES ('26', '22', '79', '0', '0', 'a:5:{i:1;a:3:{s:15:\"option_value_id\";s:1:\"8\";s:5:\"price\";s:0:\"\";s:20:\"menu_option_value_id\";s:2:\"55\";}i:2;a:3:{s:15:\"option_value_id\";s:1:\"9\";s:5:\"price\";s:0:\"\";s:20:\"menu_option_value_id\";s:2:\"56\";}i:3;a:3:{s:15:\"option_value_id\";s:2:\"10\";s:5:\"price\";s:0:\"\";s:20:\"menu_option_value_id\";s:2:\"57\";}i:4;a:3:{s:15:\"option_value_id\";s:2:\"11\";s:5:\"price\";s:0:\"\";s:20:\"menu_option_value_id\";s:2:\"58\";}i:5;a:3:{s:15:\"option_value_id\";s:2:\"12\";s:5:\"price\";s:0:\"\";s:20:\"menu_option_value_id\";s:2:\"59\";}}');
INSERT INTO `5vvgh_menu_options` (`menu_option_id`, `option_id`, `menu_id`, `required`, `default_value_id`, `option_values`) VALUES ('27', '24', '79', '1', '0', 'a:2:{i:6;a:3:{s:15:\"option_value_id\";s:2:\"13\";s:5:\"price\";s:0:\"\";s:20:\"menu_option_value_id\";s:2:\"60\";}i:7;a:3:{s:15:\"option_value_id\";s:2:\"14\";s:5:\"price\";s:0:\"\";s:20:\"menu_option_value_id\";s:2:\"61\";}}');
INSERT INTO `5vvgh_menu_options` (`menu_option_id`, `option_id`, `menu_id`, `required`, `default_value_id`, `option_values`) VALUES ('28', '22', '78', '1', '0', 'a:5:{i:1;a:3:{s:15:\"option_value_id\";s:1:\"8\";s:5:\"price\";s:0:\"\";s:20:\"menu_option_value_id\";s:2:\"62\";}i:2;a:3:{s:15:\"option_value_id\";s:1:\"9\";s:5:\"price\";s:0:\"\";s:20:\"menu_option_value_id\";s:2:\"63\";}i:3;a:3:{s:15:\"option_value_id\";s:2:\"10\";s:5:\"price\";s:0:\"\";s:20:\"menu_option_value_id\";s:2:\"64\";}i:4;a:3:{s:15:\"option_value_id\";s:2:\"11\";s:5:\"price\";s:0:\"\";s:20:\"menu_option_value_id\";s:2:\"65\";}i:5;a:3:{s:15:\"option_value_id\";s:2:\"12\";s:5:\"price\";s:0:\"\";s:20:\"menu_option_value_id\";s:2:\"66\";}}');


#
# TABLE STRUCTURE FOR: 5vvgh_menus
#

DROP TABLE IF EXISTS `5vvgh_menus`;

CREATE TABLE `5vvgh_menus` (
  `menu_id` int(11) NOT NULL AUTO_INCREMENT,
  `menu_name` varchar(255) NOT NULL,
  `menu_description` text NOT NULL,
  `menu_price` decimal(15,4) NOT NULL,
  `menu_photo` varchar(255) NOT NULL,
  `menu_category_id` int(11) NOT NULL,
  `stock_qty` int(11) NOT NULL,
  `minimum_qty` int(11) NOT NULL,
  `subtract_stock` tinyint(1) NOT NULL,
  `mealtime_id` int(11) NOT NULL,
  `menu_status` tinyint(1) NOT NULL,
  `menu_priority` int(11) NOT NULL,
  PRIMARY KEY (`menu_id`)
) ENGINE=InnoDB AUTO_INCREMENT=88 DEFAULT CHARSET=utf8;

INSERT INTO `5vvgh_menus` (`menu_id`, `menu_name`, `menu_description`, `menu_price`, `menu_photo`, `menu_category_id`, `stock_qty`, `minimum_qty`, `subtract_stock`, `mealtime_id`, `menu_status`, `menu_priority`) VALUES ('76', 'PUFF-PUFF', 'Traditional Nigerian donut ball, rolled in sugar', '4.9900', 'data/puff_puff.jpg', '24', '856', '3', '1', '0', '1', '0');
INSERT INTO `5vvgh_menus` (`menu_id`, `menu_name`, `menu_description`, `menu_price`, `menu_photo`, `menu_category_id`, `stock_qty`, `minimum_qty`, `subtract_stock`, `mealtime_id`, `menu_status`, `menu_priority`) VALUES ('77', 'SCOTCH EGG', 'Boiled egg wrapped in a ground meat mixture, coated in breadcrumbs, and deep-fried.', '2.0000', 'data/scotch_egg.jpg', '15', '0', '1', '1', '0', '1', '0');
INSERT INTO `5vvgh_menus` (`menu_id`, `menu_name`, `menu_description`, `menu_price`, `menu_photo`, `menu_category_id`, `stock_qty`, `minimum_qty`, `subtract_stock`, `mealtime_id`, `menu_status`, `menu_priority`) VALUES ('78', 'ATA RICE', 'Small pieces of beef, goat, stipe, and tendon sauted in crushed green Jamaican pepper.', '12.0000', 'data/Seared_Ahi_Spinach_Salad.jpg', '16', '1000', '1', '0', '0', '1', '0');
INSERT INTO `5vvgh_menus` (`menu_id`, `menu_name`, `menu_description`, `menu_price`, `menu_photo`, `menu_category_id`, `stock_qty`, `minimum_qty`, `subtract_stock`, `mealtime_id`, `menu_status`, `menu_priority`) VALUES ('79', 'RICE AND DODO', '(plantains) w/chicken, fish, beef or goat', '11.9900', 'data/rice_and_dodo.jpg', '16', '655', '1', '1', '0', '1', '0');
INSERT INTO `5vvgh_menus` (`menu_id`, `menu_name`, `menu_description`, `menu_price`, `menu_photo`, `menu_category_id`, `stock_qty`, `minimum_qty`, `subtract_stock`, `mealtime_id`, `menu_status`, `menu_priority`) VALUES ('80', 'Special Shrimp Deluxe', 'Fresh shrimp sauted in blended mixture of tomatoes, onion, peppers over choice of rice', '12.9900', 'data/deluxe_bbq_shrimp-1.jpg', '18', '265', '1', '1', '0', '1', '0');
INSERT INTO `5vvgh_menus` (`menu_id`, `menu_name`, `menu_description`, `menu_price`, `menu_photo`, `menu_category_id`, `stock_qty`, `minimum_qty`, `subtract_stock`, `mealtime_id`, `menu_status`, `menu_priority`) VALUES ('81', 'Whole catfish with rice and vegetables', 'Whole catfish slow cooked in tomatoes, pepper and onion sauce with seasoning to taste', '13.9900', 'data/FriedWholeCatfishPlate_lg.jpg', '24', '145', '1', '1', '0', '1', '0');
INSERT INTO `5vvgh_menus` (`menu_id`, `menu_name`, `menu_description`, `menu_price`, `menu_photo`, `menu_category_id`, `stock_qty`, `minimum_qty`, `subtract_stock`, `mealtime_id`, `menu_status`, `menu_priority`) VALUES ('82', 'African Salad', 'With baked beans, egg, tuna, onion, tomatoes , green peas and carrot with your choice of dressing.', '8.9900', '', '17', '500', '1', '0', '0', '1', '0');
INSERT INTO `5vvgh_menus` (`menu_id`, `menu_name`, `menu_description`, `menu_price`, `menu_photo`, `menu_category_id`, `stock_qty`, `minimum_qty`, `subtract_stock`, `mealtime_id`, `menu_status`, `menu_priority`) VALUES ('83', 'Seafood Salad', 'With shrimp, egg and imitation crab meat', '5.9900', 'data/seafoods_salad.JPG', '17', '490', '1', '1', '0', '1', '0');
INSERT INTO `5vvgh_menus` (`menu_id`, `menu_name`, `menu_description`, `menu_price`, `menu_photo`, `menu_category_id`, `stock_qty`, `minimum_qty`, `subtract_stock`, `mealtime_id`, `menu_status`, `menu_priority`) VALUES ('84', 'EBA', 'Grated cassava', '11.9900', 'data/eba.jpg', '16', '407', '1', '1', '0', '1', '0');
INSERT INTO `5vvgh_menus` (`menu_id`, `menu_name`, `menu_description`, `menu_price`, `menu_photo`, `menu_category_id`, `stock_qty`, `minimum_qty`, `subtract_stock`, `mealtime_id`, `menu_status`, `menu_priority`) VALUES ('85', 'AMALA', 'Yam flour', '11.9900', 'data/DSCF3711.JPG', '19', '470', '1', '1', '0', '1', '0');
INSERT INTO `5vvgh_menus` (`menu_id`, `menu_name`, `menu_description`, `menu_price`, `menu_photo`, `menu_category_id`, `stock_qty`, `minimum_qty`, `subtract_stock`, `mealtime_id`, `menu_status`, `menu_priority`) VALUES ('86', 'YAM PORRIDGE', 'in tomatoes sauce', '9.9900', 'data/yam_porridge.jpg', '20', '457', '1', '1', '0', '1', '0');
INSERT INTO `5vvgh_menus` (`menu_id`, `menu_name`, `menu_description`, `menu_price`, `menu_photo`, `menu_category_id`, `stock_qty`, `minimum_qty`, `subtract_stock`, `mealtime_id`, `menu_status`, `menu_priority`) VALUES ('87', 'Boiled Plantain', 'w/spinach soup', '9.9900', 'data/pesto.jpg', '19', '434', '1', '1', '0', '1', '0');


#
# TABLE STRUCTURE FOR: 5vvgh_menus_specials
#

DROP TABLE IF EXISTS `5vvgh_menus_specials`;

CREATE TABLE `5vvgh_menus_specials` (
  `special_id` int(11) NOT NULL AUTO_INCREMENT,
  `menu_id` int(11) NOT NULL DEFAULT '0',
  `start_date` date NOT NULL,
  `end_date` date NOT NULL,
  `special_price` decimal(15,4) DEFAULT NULL,
  `special_status` tinyint(1) NOT NULL,
  PRIMARY KEY (`special_id`,`menu_id`)
) ENGINE=InnoDB AUTO_INCREMENT=62 DEFAULT CHARSET=utf8;

INSERT INTO `5vvgh_menus_specials` (`special_id`, `menu_id`, `start_date`, `end_date`, `special_price`, `special_status`) VALUES ('51', '81', '2014-04-10', '2014-04-30', '6.9900', '1');
INSERT INTO `5vvgh_menus_specials` (`special_id`, `menu_id`, `start_date`, `end_date`, `special_price`, `special_status`) VALUES ('52', '76', '2014-04-23', '2014-07-31', '10.0000', '1');
INSERT INTO `5vvgh_menus_specials` (`special_id`, `menu_id`, `start_date`, `end_date`, `special_price`, `special_status`) VALUES ('53', '86', '0000-00-00', '0000-00-00', '0.0000', '0');
INSERT INTO `5vvgh_menus_specials` (`special_id`, `menu_id`, `start_date`, `end_date`, `special_price`, `special_status`) VALUES ('54', '87', '0000-00-00', '0000-00-00', '0.0000', '0');
INSERT INTO `5vvgh_menus_specials` (`special_id`, `menu_id`, `start_date`, `end_date`, `special_price`, `special_status`) VALUES ('57', '84', '0000-00-00', '0000-00-00', '0.0000', '0');
INSERT INTO `5vvgh_menus_specials` (`special_id`, `menu_id`, `start_date`, `end_date`, `special_price`, `special_status`) VALUES ('58', '77', '0000-00-00', '0000-00-00', '0.0000', '0');
INSERT INTO `5vvgh_menus_specials` (`special_id`, `menu_id`, `start_date`, `end_date`, `special_price`, `special_status`) VALUES ('59', '78', '0000-00-00', '0000-00-00', '0.0000', '0');
INSERT INTO `5vvgh_menus_specials` (`special_id`, `menu_id`, `start_date`, `end_date`, `special_price`, `special_status`) VALUES ('60', '79', '0000-00-00', '0000-00-00', '0.0000', '0');
INSERT INTO `5vvgh_menus_specials` (`special_id`, `menu_id`, `start_date`, `end_date`, `special_price`, `special_status`) VALUES ('61', '85', '0000-00-00', '0000-00-00', '0.0000', '0');


#
# TABLE STRUCTURE FOR: 5vvgh_message_meta
#

DROP TABLE IF EXISTS `5vvgh_message_meta`;

CREATE TABLE `5vvgh_message_meta` (
  `message_meta_id` int(11) NOT NULL AUTO_INCREMENT,
  `message_id` int(11) NOT NULL,
  `state` tinyint(1) NOT NULL,
  `status` tinyint(1) NOT NULL,
  `deleted` tinyint(4) NOT NULL,
  `item` varchar(32) NOT NULL,
  `value` text NOT NULL,
  PRIMARY KEY (`message_meta_id`)
) ENGINE=InnoDB DEFAULT CHARSET=utf8;

#
# TABLE STRUCTURE FOR: 5vvgh_messages
#

DROP TABLE IF EXISTS `5vvgh_messages`;

CREATE TABLE `5vvgh_messages` (
  `message_id` int(15) NOT NULL AUTO_INCREMENT,
  `sender_id` int(11) NOT NULL,
  `date_added` datetime NOT NULL,
  `send_type` varchar(32) NOT NULL,
  `recipient` varchar(32) NOT NULL,
  `subject` text NOT NULL,
  `body` text NOT NULL,
  `status` tinyint(1) NOT NULL,
  PRIMARY KEY (`message_id`)
) ENGINE=InnoDB DEFAULT CHARSET=utf8;

#
# TABLE STRUCTURE FOR: 5vvgh_migrations
#

DROP TABLE IF EXISTS `5vvgh_migrations`;

CREATE TABLE `5vvgh_migrations` (
  `type` varchar(40) DEFAULT NULL,
  `version` bigint(20) NOT NULL
) ENGINE=InnoDB DEFAULT CHARSET=utf8;

INSERT INTO `5vvgh_migrations` (`type`, `version`) VALUES ('core', '30');
INSERT INTO `5vvgh_migrations` (`type`, `version`) VALUES ('cart_module', '1');


#
# TABLE STRUCTURE FOR: 5vvgh_option_values
#

DROP TABLE IF EXISTS `5vvgh_option_values`;

CREATE TABLE `5vvgh_option_values` (
  `option_value_id` int(11) NOT NULL AUTO_INCREMENT,
  `option_id` int(11) NOT NULL,
  `value` varchar(128) NOT NULL,
  `price` decimal(15,4) DEFAULT NULL,
  `priority` int(11) NOT NULL,
  PRIMARY KEY (`option_value_id`)
) ENGINE=InnoDB AUTO_INCREMENT=16 DEFAULT CHARSET=utf8;

INSERT INTO `5vvgh_option_values` (`option_value_id`, `option_id`, `value`, `price`, `priority`) VALUES ('6', '23', 'Peperoni', '1.9900', '2');
INSERT INTO `5vvgh_option_values` (`option_value_id`, `option_id`, `value`, `price`, `priority`) VALUES ('7', '23', 'Jalapenos', '3.9900', '1');
INSERT INTO `5vvgh_option_values` (`option_value_id`, `option_id`, `value`, `price`, `priority`) VALUES ('8', '22', 'Meat', '4.0000', '1');
INSERT INTO `5vvgh_option_values` (`option_value_id`, `option_id`, `value`, `price`, `priority`) VALUES ('9', '22', 'Chicken', '2.9900', '2');
INSERT INTO `5vvgh_option_values` (`option_value_id`, `option_id`, `value`, `price`, `priority`) VALUES ('10', '22', 'Fish', '3.0000', '3');
INSERT INTO `5vvgh_option_values` (`option_value_id`, `option_id`, `value`, `price`, `priority`) VALUES ('11', '22', 'Beef', '4.9900', '4');
INSERT INTO `5vvgh_option_values` (`option_value_id`, `option_id`, `value`, `price`, `priority`) VALUES ('12', '22', 'Assorted Meat', '5.9900', '5');
INSERT INTO `5vvgh_option_values` (`option_value_id`, `option_id`, `value`, `price`, `priority`) VALUES ('13', '24', 'Dodo', '3.9900', '1');
INSERT INTO `5vvgh_option_values` (`option_value_id`, `option_id`, `value`, `price`, `priority`) VALUES ('14', '24', 'Salad', '2.9900', '2');
INSERT INTO `5vvgh_option_values` (`option_value_id`, `option_id`, `value`, `price`, `priority`) VALUES ('15', '23', 'Sweetcorn', '1.9900', '3');


#
# TABLE STRUCTURE FOR: 5vvgh_options
#

DROP TABLE IF EXISTS `5vvgh_options`;

CREATE TABLE `5vvgh_options` (
  `option_id` int(11) NOT NULL AUTO_INCREMENT,
  `option_name` varchar(32) NOT NULL,
  `display_type` varchar(15) NOT NULL,
  `priority` int(11) NOT NULL,
  PRIMARY KEY (`option_id`)
) ENGINE=InnoDB AUTO_INCREMENT=25 DEFAULT CHARSET=utf8;

INSERT INTO `5vvgh_options` (`option_id`, `option_name`, `display_type`, `priority`) VALUES ('22', 'Cooked', 'radio', '1');
INSERT INTO `5vvgh_options` (`option_id`, `option_name`, `display_type`, `priority`) VALUES ('23', 'Toppings', 'checkbox', '2');
INSERT INTO `5vvgh_options` (`option_id`, `option_name`, `display_type`, `priority`) VALUES ('24', 'Dressing', 'select', '3');


#
# TABLE STRUCTURE FOR: 5vvgh_order_menus
#

DROP TABLE IF EXISTS `5vvgh_order_menus`;

CREATE TABLE `5vvgh_order_menus` (
  `order_menu_id` int(11) NOT NULL AUTO_INCREMENT,
  `order_id` int(11) NOT NULL,
  `menu_id` int(11) NOT NULL,
  `name` varchar(255) NOT NULL,
  `quantity` int(11) NOT NULL,
  `price` decimal(15,4) DEFAULT NULL,
  `subtotal` decimal(15,4) DEFAULT NULL,
  `option_values` text NOT NULL,
  `comment` text NOT NULL,
  PRIMARY KEY (`order_menu_id`)
) ENGINE=InnoDB DEFAULT CHARSET=utf8;

#
# TABLE STRUCTURE FOR: 5vvgh_order_options
#

DROP TABLE IF EXISTS `5vvgh_order_options`;

CREATE TABLE `5vvgh_order_options` (
  `order_option_id` int(11) NOT NULL AUTO_INCREMENT,
  `order_id` int(11) NOT NULL,
  `menu_id` int(11) NOT NULL,
  `order_option_name` varchar(128) NOT NULL,
  `order_option_price` decimal(15,4) DEFAULT NULL,
  `order_menu_id` int(11) NOT NULL,
  `order_menu_option_id` int(11) NOT NULL,
  `menu_option_value_id` int(11) NOT NULL,
  PRIMARY KEY (`order_option_id`)
) ENGINE=InnoDB DEFAULT CHARSET=utf8;

#
# TABLE STRUCTURE FOR: 5vvgh_order_totals
#

DROP TABLE IF EXISTS `5vvgh_order_totals`;

CREATE TABLE `5vvgh_order_totals` (
  `order_total_id` int(11) NOT NULL AUTO_INCREMENT,
  `order_id` int(11) NOT NULL,
  `code` varchar(30) NOT NULL,
  `title` varchar(255) NOT NULL,
  `value` decimal(15,2) NOT NULL,
  `priority` tinyint(1) NOT NULL,
  PRIMARY KEY (`order_total_id`,`order_id`)
) ENGINE=InnoDB DEFAULT CHARSET=utf8;

#
# TABLE STRUCTURE FOR: 5vvgh_orders
#

DROP TABLE IF EXISTS `5vvgh_orders`;

CREATE TABLE `5vvgh_orders` (
  `order_id` int(11) NOT NULL AUTO_INCREMENT,
  `customer_id` int(11) NOT NULL,
  `first_name` varchar(32) NOT NULL,
  `last_name` varchar(32) NOT NULL,
  `email` varchar(96) NOT NULL,
  `telephone` varchar(32) NOT NULL,
  `location_id` int(11) NOT NULL,
  `address_id` int(11) NOT NULL,
  `cart` text NOT NULL,
  `total_items` int(11) NOT NULL,
  `comment` text NOT NULL,
  `payment` varchar(35) NOT NULL,
  `order_type` varchar(32) NOT NULL,
  `date_added` datetime NOT NULL,
  `date_modified` date NOT NULL,
  `order_time` time NOT NULL,
  `order_date` date NOT NULL,
  `order_total` decimal(15,4) DEFAULT NULL,
  `status_id` int(11) NOT NULL,
  `ip_address` varchar(40) NOT NULL,
  `user_agent` varchar(255) NOT NULL,
  `notify` tinyint(1) NOT NULL,
  `assignee_id` int(11) NOT NULL,
  `invoice_no` int(11) NOT NULL,
  `invoice_prefix` varchar(32) NOT NULL,
  `invoice_date` datetime NOT NULL,
  PRIMARY KEY (`order_id`)
) ENGINE=InnoDB DEFAULT CHARSET=utf8;

#
# TABLE STRUCTURE FOR: 5vvgh_pages
#

DROP TABLE IF EXISTS `5vvgh_pages`;

CREATE TABLE `5vvgh_pages` (
  `page_id` int(11) NOT NULL AUTO_INCREMENT,
  `language_id` int(11) NOT NULL,
  `name` varchar(32) NOT NULL,
  `title` varchar(255) NOT NULL,
  `heading` varchar(255) NOT NULL,
  `content` text NOT NULL,
  `meta_description` varchar(255) NOT NULL,
  `meta_keywords` varchar(255) NOT NULL,
  `layout_id` int(11) NOT NULL,
  `navigation` text NOT NULL,
  `date_added` datetime NOT NULL,
  `date_updated` datetime NOT NULL,
  `status` tinyint(1) NOT NULL,
  PRIMARY KEY (`page_id`)
) ENGINE=InnoDB AUTO_INCREMENT=13 DEFAULT CHARSET=utf8;

INSERT INTO `5vvgh_pages` (`page_id`, `language_id`, `name`, `title`, `heading`, `content`, `meta_description`, `meta_keywords`, `layout_id`, `navigation`, `date_added`, `date_updated`, `status`) VALUES ('11', '11', 'About Us', 'About Us', 'About Us', '<h3 style=\"text-align: center;\"><span style=\"color: #993300;\">Aim</span></h3>\r\n<p>Lorem ipsum dolor sit amet, consectetur adipiscing elit. In venenatis massa ac magna sagittis, sit amet gravida metus gravida. Aenean dictum pellentesque erat, vitae adipiscing libero semper sit amet. Vestibulum nec nunc lorem. Duis vitae libero a libero hendrerit tincidunt in eu tellus. Aliquam consequat ultrices felis ut dictum. Nulla euismod felis a sem mattis ornare. Aliquam ut diam sit amet dolor iaculis molestie ac id nisl. Maecenas hendrerit convallis mi feugiat gravida. Quisque tincidunt, leo a posuere imperdiet, metus leo vestibulum orci, vel volutpat justo ligula id quam. Cras placerat tincidunt lorem eu interdum.</p>\r\n<h3 style=\"text-align: center;\"><span style=\"color: #993300;\">Mission</span></h3>\r\n<p>Ut eu pretium urna. In sed consectetur neque. In ornare odio erat, id ornare arcu euismod a. Ut dapibus sit amet erat commodo vestibulum. Praesent vitae lacus faucibus, rhoncus tortor et, bibendum justo. Etiam pharetra congue orci, eget aliquam orci. Lorem ipsum dolor sit amet, consectetur adipiscing elit. Sed eleifend justo eros, sit amet fermentum tellus ullamcorper quis. Cras cursus mi at imperdiet faucibus. Proin iaculis, felis vitae luctus venenatis, ante tortor porta nisi, et ornare magna metus sit amet enim. Phasellus et turpis nec metus aliquet adipiscing. Etiam at augue nec odio lacinia tincidunt. Suspendisse commodo commodo ipsum ac sollicitudin. Nunc nec consequat lacus. Donec gravida rhoncus justo sed elementum.</p>\r\n<h3 style=\"text-align: center;\"><span style=\"color: #a52a2a;\">Vision</span></h3>\r\n<p>Praesent erat massa, consequat a nulla et, eleifend facilisis risus. Nullam libero mi, bibendum id eleifend vitae, imperdiet a nulla. Fusce congue porta ultricies. Vivamus felis lectus, egestas at pretium vitae, posuere a nibh. Mauris lobortis urna nec rhoncus consectetur. Fusce sed placerat sem. Nulla venenatis elit risus, non auctor arcu lobortis eleifend. Ut aliquet vitae velit a faucibus. Suspendisse quis risus sit amet arcu varius malesuada. Vestibulum vitae massa consequat, euismod lorem a, euismod lacus. Duis sagittis dolor risus, ac vehicula mauris lacinia quis. Nulla facilisi. Duis tristique ipsum nec egestas auctor. Nullam in felis vel ligula dictum tincidunt nec a neque. Praesent in egestas elit.</p>', '', '', '17', 'a:2:{i:0;s:8:\"side_bar\";i:1;s:6:\"footer\";}', '2014-04-19 16:57:21', '2015-05-07 12:39:52', '1');
INSERT INTO `5vvgh_pages` (`page_id`, `language_id`, `name`, `title`, `heading`, `content`, `meta_description`, `meta_keywords`, `layout_id`, `navigation`, `date_added`, `date_updated`, `status`) VALUES ('12', '11', 'Policy', 'Policy', 'Policy', '<div id=\"lipsum\">\r\n<p>Lorem ipsum dolor sit amet, consectetur adipiscing elit. Etiam ligula eros, semper a lorem et, venenatis volutpat dolor. Pellentesque hendrerit lectus feugiat nulla cursus, quis dapibus dolor porttitor. Donec velit enim, adipiscing ac orci id, congue tincidunt arcu. Proin egestas nulla eget leo scelerisque, et semper diam ornare. Suspendisse potenti. Suspendisse vitae bibendum enim. Duis eu ligula hendrerit, lacinia felis in, mollis nisi. Sed gravida arcu in laoreet dictum. Nulla faucibus lectus a mollis dapibus. Fusce vehicula convallis urna, et congue nulla ultricies in. Nulla magna velit, bibendum eu odio et, euismod rhoncus sem. Nullam quis magna fermentum, ultricies neque nec, blandit neque. Etiam nec congue arcu. Curabitur sed tellus quam. Cras adipiscing odio odio, et porttitor dui suscipit eget. Aliquam non est commodo, elementum turpis at, pellentesque lorem.</p>\r\n<p>Duis nec diam diam. Lorem ipsum dolor sit amet, consectetur adipiscing elit. Duis vulputate est et lorem sagittis, et mollis libero ultricies. Nunc ultrices tortor vel convallis varius. In dolor dolor, scelerisque ac faucibus ut, aliquet ac sem. Praesent consectetur lacus quis tristique posuere. Nulla sed ultricies odio. Cras tristique vulputate facilisis.</p>\r\n<p>Mauris at metus in magna condimentum gravida eu tincidunt urna. Praesent sodales vel mi eu condimentum. Suspendisse in luctus purus. Vestibulum dignissim, metus non luctus accumsan, odio ligula pharetra massa, in eleifend turpis risus in diam. Sed non lorem nibh. Nam at feugiat urna. Curabitur interdum, diam sit amet pulvinar blandit, mauris ante scelerisque nisi, sit amet placerat mi nunc eget orci. Nulla eget quam sit amet risus rhoncus lacinia a ut eros. Praesent non libero nisi. Mauris tincidunt at purus sit amet adipiscing. Donec interdum, velit nec dignissim vehicula, libero ipsum imperdiet ligula, lacinia mattis augue dui ac lacus. Aenean molestie sed nunc at pulvinar. Fusce ornare lacus non venenatis rhoncus.</p>\r\n<p>Aenean at enim luctus ante commodo consequat nec ut mi. Sed porta adipiscing tempus. Aliquam sit amet ullamcorper ipsum, id adipiscing quam. Fusce iaculis odio ut nisi convallis hendrerit. Morbi auctor adipiscing ligula, sit amet aliquet ante consectetur at. Donec vulputate neque eleifend libero pellentesque, vitae lacinia enim ornare. Vestibulum fermentum erat blandit, ultricies felis ac, facilisis augue. Nulla facilisis mi porttitor, interdum diam in, lobortis ipsum. In molestie quam nisl, lacinia convallis tellus fermentum ac. Nulla quis velit augue. Fusce accumsan, lacus et lobortis blandit, neque magna gravida enim, dignissim ultricies tortor dui in dolor. Vestibulum vel convallis justo, quis venenatis elit. Aliquam erat volutpat. Nunc quis iaculis ligula. Suspendisse dictum sodales neque vitae faucibus. Fusce id tellus pretium, varius nunc et, placerat metus.</p>\r\n<p>Pellentesque quis facilisis mauris. Phasellus porta, metus a dignissim viverra, est elit luctus erat, nec ultricies ligula lorem eget sapien. Pellentesque ac justo velit. Maecenas semper accumsan nulla eget rhoncus. Aliquam vel urna sed nibh dignissim auctor. Integer volutpat lacus ac purus convallis, at lobortis nisi tincidunt. Vestibulum condimentum elit ac sapien placerat, at ornare libero hendrerit. Cras tincidunt nunc sit amet ante bibendum tempor. Fusce quam orci, suscipit sed eros quis, vulputate molestie metus. Nam hendrerit vitae felis et porttitor. Proin et commodo velit, id porta erat. Donec eu consectetur odio. Fusce porta odio risus. Aliquam vel erat feugiat, vestibulum elit eget, ornare sapien. Sed sed nulla justo. Sed a dolor eu justo lacinia blandit</p>\r\n</div>', '', '', '17', 'a:2:{i:0;s:8:\"side_bar\";i:1;s:6:\"footer\";}', '2014-04-19 17:21:23', '2015-05-16 09:18:39', '1');


#
# TABLE STRUCTURE FOR: 5vvgh_permalinks
#

DROP TABLE IF EXISTS `5vvgh_permalinks`;

CREATE TABLE `5vvgh_permalinks` (
  `permalink_id` int(11) NOT NULL AUTO_INCREMENT,
  `slug` varchar(255) NOT NULL,
  `controller` varchar(255) NOT NULL,
  `query` varchar(255) NOT NULL,
  PRIMARY KEY (`permalink_id`),
  UNIQUE KEY `uniqueSlug` (`slug`,`controller`)
) ENGINE=InnoDB AUTO_INCREMENT=43 DEFAULT CHARSET=utf8;

INSERT INTO `5vvgh_permalinks` (`permalink_id`, `slug`, `controller`, `query`) VALUES ('11', 'about-us', 'pages', 'page_id=11');
INSERT INTO `5vvgh_permalinks` (`permalink_id`, `slug`, `controller`, `query`) VALUES ('12', 'vegetarian', 'menus', 'category_id=20');
INSERT INTO `5vvgh_permalinks` (`permalink_id`, `slug`, `controller`, `query`) VALUES ('13', 'soups', 'menus', 'category_id=21');
INSERT INTO `5vvgh_permalinks` (`permalink_id`, `slug`, `controller`, `query`) VALUES ('14', 'specials', 'menus', 'category_id=24');
INSERT INTO `5vvgh_permalinks` (`permalink_id`, `slug`, `controller`, `query`) VALUES ('16', 'salads', 'menus', 'category_id=17');
INSERT INTO `5vvgh_permalinks` (`permalink_id`, `slug`, `controller`, `query`) VALUES ('18', 'appetizer', 'menus', 'category_id=15');
INSERT INTO `5vvgh_permalinks` (`permalink_id`, `slug`, `controller`, `query`) VALUES ('19', 'main-course', 'menus', 'category_id=16');
INSERT INTO `5vvgh_permalinks` (`permalink_id`, `slug`, `controller`, `query`) VALUES ('20', 'seafoods', 'menus', 'category_id=18');
INSERT INTO `5vvgh_permalinks` (`permalink_id`, `slug`, `controller`, `query`) VALUES ('21', 'traditional', 'menus', 'category_id=19');
INSERT INTO `5vvgh_permalinks` (`permalink_id`, `slug`, `controller`, `query`) VALUES ('22', 'lewisham', 'local', 'location_id=11');
INSERT INTO `5vvgh_permalinks` (`permalink_id`, `slug`, `controller`, `query`) VALUES ('41', 'rice-dishes', 'menus', 'category_id=26');
INSERT INTO `5vvgh_permalinks` (`permalink_id`, `slug`, `controller`, `query`) VALUES ('42', 'belmont', 'menus', 'category_id=');


#
# TABLE STRUCTURE FOR: 5vvgh_permissions
#

DROP TABLE IF EXISTS `5vvgh_permissions`;

CREATE TABLE `5vvgh_permissions` (
  `permission_id` int(11) NOT NULL AUTO_INCREMENT,
  `name` varchar(128) NOT NULL,
  `description` varchar(255) NOT NULL,
  `action` text NOT NULL,
  `status` tinyint(1) NOT NULL,
  PRIMARY KEY (`permission_id`)
) ENGINE=InnoDB AUTO_INCREMENT=57 DEFAULT CHARSET=utf8;

INSERT INTO `5vvgh_permissions` (`permission_id`, `name`, `description`, `action`, `status`) VALUES ('11', 'Admin.Banners', 'Ability to access, manage, add and delete banners', 'a:4:{i:0;s:6:\"access\";i:1;s:6:\"manage\";i:2;s:3:\"add\";i:3;s:6:\"delete\";}', '1');
INSERT INTO `5vvgh_permissions` (`permission_id`, `name`, `description`, `action`, `status`) VALUES ('12', 'Admin.Categories', 'Ability to access, manage, add and delete categories', 'a:4:{i:0;s:6:\"access\";i:1;s:6:\"manage\";i:2;s:3:\"add\";i:3;s:6:\"delete\";}', '1');
INSERT INTO `5vvgh_permissions` (`permission_id`, `name`, `description`, `action`, `status`) VALUES ('13', 'Site.Countries', 'Ability to manage, add and delete site countries', 'a:3:{i:0;s:6:\"manage\";i:1;s:3:\"add\";i:2;s:6:\"delete\";}', '1');
INSERT INTO `5vvgh_permissions` (`permission_id`, `name`, `description`, `action`, `status`) VALUES ('14', 'Admin.Coupons', 'Ability to access, manage, add and delete coupons', 'a:4:{i:0;s:6:\"access\";i:1;s:6:\"manage\";i:2;s:3:\"add\";i:3;s:6:\"delete\";}', '1');
INSERT INTO `5vvgh_permissions` (`permission_id`, `name`, `description`, `action`, `status`) VALUES ('15', 'Site.Currencies', 'Ability to access, manage, add and delete site currencies', 'a:3:{i:0;s:6:\"manage\";i:1;s:3:\"add\";i:2;s:6:\"delete\";}', '1');
INSERT INTO `5vvgh_permissions` (`permission_id`, `name`, `description`, `action`, `status`) VALUES ('16', 'Admin.CustomerGroups', 'Ability to access, manage, add and delete customer groups', 'a:4:{i:0;s:6:\"access\";i:1;s:6:\"manage\";i:2;s:3:\"add\";i:3;s:6:\"delete\";}', '1');
INSERT INTO `5vvgh_permissions` (`permission_id`, `name`, `description`, `action`, `status`) VALUES ('17', 'Admin.Customers', 'Ability to access, manage, add and delete customers', 'a:4:{i:0;s:6:\"access\";i:1;s:6:\"manage\";i:2;s:3:\"add\";i:3;s:6:\"delete\";}', '1');
INSERT INTO `5vvgh_permissions` (`permission_id`, `name`, `description`, `action`, `status`) VALUES ('18', 'Admin.CustomersOnline', 'Ability to access online customers', 'a:1:{i:0;s:6:\"access\";}', '1');
INSERT INTO `5vvgh_permissions` (`permission_id`, `name`, `description`, `action`, `status`) VALUES ('19', 'Admin.Maintenance', 'Ability to access, backup, restore and migrate database', 'a:4:{i:0;s:6:\"access\";i:1;s:6:\"manage\";i:2;s:3:\"add\";i:3;s:6:\"delete\";}', '1');
INSERT INTO `5vvgh_permissions` (`permission_id`, `name`, `description`, `action`, `status`) VALUES ('20', 'Admin.ErrorLogs', 'Ability to access and delete error logs file', 'a:2:{i:0;s:6:\"access\";i:1;s:6:\"delete\";}', '1');
INSERT INTO `5vvgh_permissions` (`permission_id`, `name`, `description`, `action`, `status`) VALUES ('21', 'Admin.Extensions', 'Ability to access, manage, add and delete extension', 'a:4:{i:0;s:6:\"access\";i:1;s:6:\"manage\";i:2;s:3:\"add\";i:3;s:6:\"delete\";}', '1');
INSERT INTO `5vvgh_permissions` (`permission_id`, `name`, `description`, `action`, `status`) VALUES ('22', 'Admin.MediaManager', 'Ability to access, manage, add and delete media items', 'a:4:{i:0;s:6:\"access\";i:1;s:6:\"manage\";i:2;s:3:\"add\";i:3;s:6:\"delete\";}', '1');
INSERT INTO `5vvgh_permissions` (`permission_id`, `name`, `description`, `action`, `status`) VALUES ('23', 'Site.Languages', 'Ability to manage, add and delete site languages', 'a:3:{i:0;s:6:\"manage\";i:1;s:3:\"add\";i:2;s:6:\"delete\";}', '1');
INSERT INTO `5vvgh_permissions` (`permission_id`, `name`, `description`, `action`, `status`) VALUES ('24', 'Site.Layouts', 'Ability to manage, add and delete site layouts', 'a:3:{i:0;s:6:\"manage\";i:1;s:3:\"add\";i:2;s:6:\"delete\";}', '1');
INSERT INTO `5vvgh_permissions` (`permission_id`, `name`, `description`, `action`, `status`) VALUES ('25', 'Admin.Locations', 'Ability to access, manage, add and delete locations', 'a:4:{i:0;s:6:\"access\";i:1;s:6:\"manage\";i:2;s:3:\"add\";i:3;s:6:\"delete\";}', '1');
INSERT INTO `5vvgh_permissions` (`permission_id`, `name`, `description`, `action`, `status`) VALUES ('26', 'Admin.MailTemplates', 'Ability to access, manage, add and delete mail templates', 'a:4:{i:0;s:6:\"access\";i:1;s:6:\"manage\";i:2;s:3:\"add\";i:3;s:6:\"delete\";}', '1');
INSERT INTO `5vvgh_permissions` (`permission_id`, `name`, `description`, `action`, `status`) VALUES ('27', 'Admin.MenuOptions', 'Ability to access, manage, add and delete menu option items', 'a:4:{i:0;s:6:\"access\";i:1;s:6:\"manage\";i:2;s:3:\"add\";i:3;s:6:\"delete\";}', '1');
INSERT INTO `5vvgh_permissions` (`permission_id`, `name`, `description`, `action`, `status`) VALUES ('28', 'Admin.Menus', 'Ability to access, manage, add and delete menu items', 'a:4:{i:0;s:6:\"access\";i:1;s:6:\"manage\";i:2;s:3:\"add\";i:3;s:6:\"delete\";}', '1');
INSERT INTO `5vvgh_permissions` (`permission_id`, `name`, `description`, `action`, `status`) VALUES ('29', 'Admin.Messages', 'Ability to add and delete messages', 'a:2:{i:0;s:3:\"add\";i:1;s:6:\"delete\";}', '1');
INSERT INTO `5vvgh_permissions` (`permission_id`, `name`, `description`, `action`, `status`) VALUES ('30', 'Admin.Orders', 'Ability to access, manage, add and delete orders', 'a:4:{i:0;s:6:\"access\";i:1;s:6:\"manage\";i:2;s:3:\"add\";i:3;s:6:\"delete\";}', '1');
INSERT INTO `5vvgh_permissions` (`permission_id`, `name`, `description`, `action`, `status`) VALUES ('31', 'Site.Pages', 'Ability to manage, add and delete site pages', 'a:3:{i:0;s:6:\"manage\";i:1;s:3:\"add\";i:2;s:6:\"delete\";}', '1');
INSERT INTO `5vvgh_permissions` (`permission_id`, `name`, `description`, `action`, `status`) VALUES ('32', 'Admin.Payments', 'Ability to access, add and delete extension payments', 'a:3:{i:0;s:6:\"access\";i:1;s:3:\"add\";i:2;s:6:\"delete\";}', '1');
INSERT INTO `5vvgh_permissions` (`permission_id`, `name`, `description`, `action`, `status`) VALUES ('33', 'Admin.Permissions', 'Ability to manage, add and delete staffs permissions', 'a:3:{i:0;s:6:\"manage\";i:1;s:3:\"add\";i:2;s:6:\"delete\";}', '1');
INSERT INTO `5vvgh_permissions` (`permission_id`, `name`, `description`, `action`, `status`) VALUES ('34', 'Admin.Ratings', 'Ability to add and delete review ratings', 'a:2:{i:0;s:3:\"add\";i:1;s:6:\"delete\";}', '1');
INSERT INTO `5vvgh_permissions` (`permission_id`, `name`, `description`, `action`, `status`) VALUES ('35', 'Admin.Reservations', 'Ability to access, manage, add and delete reservations', 'a:4:{i:0;s:6:\"access\";i:1;s:6:\"manage\";i:2;s:3:\"add\";i:3;s:6:\"delete\";}', '1');
INSERT INTO `5vvgh_permissions` (`permission_id`, `name`, `description`, `action`, `status`) VALUES ('36', 'Admin.Reviews', 'Ability to access, manage, add and delete user reviews', 'a:4:{i:0;s:6:\"access\";i:1;s:6:\"manage\";i:2;s:3:\"add\";i:3;s:6:\"delete\";}', '1');
INSERT INTO `5vvgh_permissions` (`permission_id`, `name`, `description`, `action`, `status`) VALUES ('37', 'Admin.SecurityQuestions', 'Ability to add and delete customer registration security questions', 'a:2:{i:0;s:3:\"add\";i:1;s:6:\"delete\";}', '1');
INSERT INTO `5vvgh_permissions` (`permission_id`, `name`, `description`, `action`, `status`) VALUES ('38', 'Site.Settings', 'Ability to manage system settings', 'a:1:{i:0;s:6:\"manage\";}', '1');
INSERT INTO `5vvgh_permissions` (`permission_id`, `name`, `description`, `action`, `status`) VALUES ('39', 'Admin.StaffGroups', 'Ability to access, manage, add and delete staff groups', 'a:4:{i:0;s:6:\"access\";i:1;s:6:\"manage\";i:2;s:3:\"add\";i:3;s:6:\"delete\";}', '1');
INSERT INTO `5vvgh_permissions` (`permission_id`, `name`, `description`, `action`, `status`) VALUES ('40', 'Admin.Staffs', 'Ability to access, manage, add and delete staffs', 'a:4:{i:0;s:6:\"access\";i:1;s:6:\"manage\";i:2;s:3:\"add\";i:3;s:6:\"delete\";}', '1');
INSERT INTO `5vvgh_permissions` (`permission_id`, `name`, `description`, `action`, `status`) VALUES ('42', 'Admin.Statuses', 'Ability to access, manage, add and delete orders and reservations statuses', 'a:4:{i:0;s:6:\"access\";i:1;s:6:\"manage\";i:2;s:3:\"add\";i:3;s:6:\"delete\";}', '1');
INSERT INTO `5vvgh_permissions` (`permission_id`, `name`, `description`, `action`, `status`) VALUES ('43', 'Admin.Tables', 'Ability to access, manage, add and delete reservations tables', 'a:4:{i:0;s:6:\"access\";i:1;s:6:\"manage\";i:2;s:3:\"add\";i:3;s:6:\"delete\";}', '1');
INSERT INTO `5vvgh_permissions` (`permission_id`, `name`, `description`, `action`, `status`) VALUES ('44', 'Site.Themes', 'Ability to access, manage site themes', 'a:4:{i:0;s:6:\"access\";i:1;s:6:\"manage\";i:2;s:3:\"add\";i:3;s:6:\"delete\";}', '1');
INSERT INTO `5vvgh_permissions` (`permission_id`, `name`, `description`, `action`, `status`) VALUES ('45', 'Module.AccountModule', 'Ability to manage account module', 'a:1:{i:0;s:6:\"manage\";}', '1');
INSERT INTO `5vvgh_permissions` (`permission_id`, `name`, `description`, `action`, `status`) VALUES ('46', 'Module.BannersModule', 'Ability to manage banners module', 'a:1:{i:0;s:6:\"manage\";}', '1');
INSERT INTO `5vvgh_permissions` (`permission_id`, `name`, `description`, `action`, `status`) VALUES ('47', 'Module.CartModule', 'Ability to manage cart module', 'a:1:{i:0;s:6:\"manage\";}', '1');
INSERT INTO `5vvgh_permissions` (`permission_id`, `name`, `description`, `action`, `status`) VALUES ('48', 'Module.CategoriesModule', 'Ability to manage categories module', 'a:1:{i:0;s:6:\"manage\";}', '1');
INSERT INTO `5vvgh_permissions` (`permission_id`, `name`, `description`, `action`, `status`) VALUES ('49', 'Module.LocalModule', 'Ability to manage local module', 'a:1:{i:0;s:6:\"manage\";}', '1');
INSERT INTO `5vvgh_permissions` (`permission_id`, `name`, `description`, `action`, `status`) VALUES ('50', 'Module.PagesModule', 'Ability to manage pages module', 'a:1:{i:0;s:6:\"manage\";}', '1');
INSERT INTO `5vvgh_permissions` (`permission_id`, `name`, `description`, `action`, `status`) VALUES ('51', 'Module.ReservationModule', 'Ability to manage reservation module', 'a:1:{i:0;s:6:\"manage\";}', '1');
INSERT INTO `5vvgh_permissions` (`permission_id`, `name`, `description`, `action`, `status`) VALUES ('52', 'Module.Slideshow', 'Ability to manage slideshow module', 'a:1:{i:0;s:6:\"manage\";}', '1');
INSERT INTO `5vvgh_permissions` (`permission_id`, `name`, `description`, `action`, `status`) VALUES ('53', 'Payment.Cod', 'Ability to manage cash on delivery payment', 'a:1:{i:0;s:6:\"manage\";}', '1');
INSERT INTO `5vvgh_permissions` (`permission_id`, `name`, `description`, `action`, `status`) VALUES ('54', 'Payment.PaypalExpress', 'Ability to manage paypal express payment', 'a:1:{i:0;s:6:\"manage\";}', '1');
INSERT INTO `5vvgh_permissions` (`permission_id`, `name`, `description`, `action`, `status`) VALUES ('55', 'Site.Updates', 'Ability to apply updates when a new version of TastyIgniter is available', 'a:1:{i:0;s:3:\"add\";}', '1');
INSERT INTO `5vvgh_permissions` (`permission_id`, `name`, `description`, `action`, `status`) VALUES ('56', 'Admin.Mealtimes', 'Ability to access, manage, add and delete mealtimes', 'a:4:{i:0;s:6:\"access\";i:1;s:6:\"manage\";i:2;s:3:\"add\";i:3;s:6:\"delete\";}', '1');


#
# TABLE STRUCTURE FOR: 5vvgh_pp_payments
#

DROP TABLE IF EXISTS `5vvgh_pp_payments`;

CREATE TABLE `5vvgh_pp_payments` (
  `transaction_id` varchar(19) NOT NULL,
  `order_id` int(11) NOT NULL,
  `customer_id` int(11) NOT NULL,
  `serialized` text NOT NULL,
  PRIMARY KEY (`transaction_id`)
) ENGINE=InnoDB DEFAULT CHARSET=utf8;

#
# TABLE STRUCTURE FOR: 5vvgh_reservations
#

DROP TABLE IF EXISTS `5vvgh_reservations`;

CREATE TABLE `5vvgh_reservations` (
  `reservation_id` int(32) NOT NULL AUTO_INCREMENT,
  `location_id` int(11) NOT NULL,
  `table_id` int(11) NOT NULL,
  `guest_num` int(11) NOT NULL,
  `occasion_id` int(11) NOT NULL,
  `customer_id` int(11) NOT NULL,
  `first_name` varchar(45) NOT NULL,
  `last_name` varchar(45) NOT NULL,
  `email` varchar(96) NOT NULL,
  `telephone` varchar(45) NOT NULL,
  `comment` text NOT NULL,
  `reserve_time` time NOT NULL,
  `reserve_date` date NOT NULL,
  `date_added` date NOT NULL,
  `date_modified` date NOT NULL,
  `assignee_id` int(11) NOT NULL,
  `notify` tinyint(1) NOT NULL,
  `ip_address` varchar(40) NOT NULL,
  `user_agent` varchar(255) NOT NULL,
  `status` tinyint(1) NOT NULL,
  PRIMARY KEY (`reservation_id`,`location_id`,`table_id`)
) ENGINE=InnoDB DEFAULT CHARSET=utf8;

#
# TABLE STRUCTURE FOR: 5vvgh_reviews
#

DROP TABLE IF EXISTS `5vvgh_reviews`;

CREATE TABLE `5vvgh_reviews` (
  `review_id` int(11) NOT NULL AUTO_INCREMENT,
  `customer_id` int(11) NOT NULL,
  `sale_id` int(11) NOT NULL,
  `sale_type` varchar(32) NOT NULL DEFAULT '',
  `author` varchar(32) NOT NULL,
  `location_id` int(11) NOT NULL,
  `quality` int(11) NOT NULL,
  `delivery` int(11) NOT NULL,
  `service` int(11) NOT NULL,
  `review_text` text NOT NULL,
  `date_added` datetime NOT NULL,
  `review_status` tinyint(1) NOT NULL,
  PRIMARY KEY (`review_id`,`sale_type`,`sale_id`)
) ENGINE=InnoDB DEFAULT CHARSET=utf8;

#
# TABLE STRUCTURE FOR: 5vvgh_security_questions
#

DROP TABLE IF EXISTS `5vvgh_security_questions`;

CREATE TABLE `5vvgh_security_questions` (
  `question_id` int(11) NOT NULL AUTO_INCREMENT,
  `text` text NOT NULL,
  `priority` tinyint(1) NOT NULL,
  PRIMARY KEY (`question_id`)
) ENGINE=InnoDB AUTO_INCREMENT=17 DEFAULT CHARSET=utf8;

INSERT INTO `5vvgh_security_questions` (`question_id`, `text`, `priority`) VALUES ('11', 'Whats your pets name?', '1');
INSERT INTO `5vvgh_security_questions` (`question_id`, `text`, `priority`) VALUES ('12', 'What high school did you attend?', '2');
INSERT INTO `5vvgh_security_questions` (`question_id`, `text`, `priority`) VALUES ('13', 'What is your father\'s middle name?', '7');
INSERT INTO `5vvgh_security_questions` (`question_id`, `text`, `priority`) VALUES ('14', 'What is your mother\'s name?', '3');
INSERT INTO `5vvgh_security_questions` (`question_id`, `text`, `priority`) VALUES ('15', 'What is your place of birth?', '4');
INSERT INTO `5vvgh_security_questions` (`question_id`, `text`, `priority`) VALUES ('16', 'Whats your favourite teacher\'s name?', '5');


#
# TABLE STRUCTURE FOR: 5vvgh_settings
#

DROP TABLE IF EXISTS `5vvgh_settings`;

CREATE TABLE `5vvgh_settings` (
  `setting_id` int(11) NOT NULL AUTO_INCREMENT,
  `sort` varchar(45) NOT NULL,
  `item` varchar(255) NOT NULL,
  `value` text NOT NULL,
  `serialized` tinyint(1) NOT NULL,
  PRIMARY KEY (`setting_id`),
  UNIQUE KEY `item` (`item`)
) ENGINE=InnoDB AUTO_INCREMENT=10987 DEFAULT CHARSET=utf8;

INSERT INTO `5vvgh_settings` (`setting_id`, `sort`, `item`, `value`, `serialized`) VALUES ('7870', 'prefs', 'mail_template_id', '11', '0');
INSERT INTO `5vvgh_settings` (`setting_id`, `sort`, `item`, `value`, `serialized`) VALUES ('8500', 'ratings', 'ratings', 'a:1:{s:7:\"ratings\";a:5:{i:1;s:3:\"Bad\";i:2;s:5:\"Worse\";i:3;s:4:\"Good\";i:4;s:7:\"Average\";i:5;s:9:\"Excellent\";}}', '1');
INSERT INTO `5vvgh_settings` (`setting_id`, `sort`, `item`, `value`, `serialized`) VALUES ('9225', 'config', 'site_desc', '', '0');
INSERT INTO `5vvgh_settings` (`setting_id`, `sort`, `item`, `value`, `serialized`) VALUES ('9241', 'config', 'search_radius', '20', '0');
INSERT INTO `5vvgh_settings` (`setting_id`, `sort`, `item`, `value`, `serialized`) VALUES ('9249', 'config', 'ready_time', '45', '0');
INSERT INTO `5vvgh_settings` (`setting_id`, `sort`, `item`, `value`, `serialized`) VALUES ('10836', 'prefs', 'default_location_id', '11', '0');
INSERT INTO `5vvgh_settings` (`setting_id`, `sort`, `item`, `value`, `serialized`) VALUES ('10839', 'config', 'site_logo', 'data/no_photo.png', '0');
INSERT INTO `5vvgh_settings` (`setting_id`, `sort`, `item`, `value`, `serialized`) VALUES ('10840', 'config', 'country_id', '222', '0');
INSERT INTO `5vvgh_settings` (`setting_id`, `sort`, `item`, `value`, `serialized`) VALUES ('10841', 'config', 'timezone', 'Europe/London', '0');
INSERT INTO `5vvgh_settings` (`setting_id`, `sort`, `item`, `value`, `serialized`) VALUES ('10842', 'config', 'currency_id', '226', '0');
INSERT INTO `5vvgh_settings` (`setting_id`, `sort`, `item`, `value`, `serialized`) VALUES ('10843', 'config', 'language_id', '11', '0');
INSERT INTO `5vvgh_settings` (`setting_id`, `sort`, `item`, `value`, `serialized`) VALUES ('10844', 'config', 'customer_group_id', '11', '0');
INSERT INTO `5vvgh_settings` (`setting_id`, `sort`, `item`, `value`, `serialized`) VALUES ('10845', 'config', 'page_limit', '20', '0');
INSERT INTO `5vvgh_settings` (`setting_id`, `sort`, `item`, `value`, `serialized`) VALUES ('10846', 'config', 'meta_description', '', '0');
INSERT INTO `5vvgh_settings` (`setting_id`, `sort`, `item`, `value`, `serialized`) VALUES ('10847', 'config', 'meta_keywords', '', '0');
INSERT INTO `5vvgh_settings` (`setting_id`, `sort`, `item`, `value`, `serialized`) VALUES ('10848', 'config', 'menus_page_limit', '20', '0');
INSERT INTO `5vvgh_settings` (`setting_id`, `sort`, `item`, `value`, `serialized`) VALUES ('10849', 'config', 'show_menu_images', '1', '0');
INSERT INTO `5vvgh_settings` (`setting_id`, `sort`, `item`, `value`, `serialized`) VALUES ('10850', 'config', 'menu_images_h', '80', '0');
INSERT INTO `5vvgh_settings` (`setting_id`, `sort`, `item`, `value`, `serialized`) VALUES ('10851', 'config', 'menu_images_w', '95', '0');
INSERT INTO `5vvgh_settings` (`setting_id`, `sort`, `item`, `value`, `serialized`) VALUES ('10852', 'config', 'special_category_id', '0', '0');
INSERT INTO `5vvgh_settings` (`setting_id`, `sort`, `item`, `value`, `serialized`) VALUES ('10853', 'config', 'registration_terms', '1', '0');
INSERT INTO `5vvgh_settings` (`setting_id`, `sort`, `item`, `value`, `serialized`) VALUES ('10854', 'config', 'checkout_terms', '0', '0');
INSERT INTO `5vvgh_settings` (`setting_id`, `sort`, `item`, `value`, `serialized`) VALUES ('10855', 'config', 'stock_warning', '0', '0');
INSERT INTO `5vvgh_settings` (`setting_id`, `sort`, `item`, `value`, `serialized`) VALUES ('10856', 'config', 'stock_qty_warning', '0', '0');
INSERT INTO `5vvgh_settings` (`setting_id`, `sort`, `item`, `value`, `serialized`) VALUES ('10857', 'config', 'registration_email', 'a:1:{i:0;s:8:\"customer\";}', '1');
INSERT INTO `5vvgh_settings` (`setting_id`, `sort`, `item`, `value`, `serialized`) VALUES ('10858', 'config', 'order_email', 'a:2:{i:0;s:8:\"customer\";i:1;s:5:\"admin\";}', '1');
INSERT INTO `5vvgh_settings` (`setting_id`, `sort`, `item`, `value`, `serialized`) VALUES ('10859', 'config', 'reservation_email', 'a:2:{i:0;s:8:\"customer\";i:1;s:5:\"admin\";}', '1');
INSERT INTO `5vvgh_settings` (`setting_id`, `sort`, `item`, `value`, `serialized`) VALUES ('10861', 'config', 'maps_api_key', 'AIzaSyCRSvpj-mlZd3ckqiYyrxREyD2G_8AGf9M', '0');
INSERT INTO `5vvgh_settings` (`setting_id`, `sort`, `item`, `value`, `serialized`) VALUES ('10863', 'config', 'distance_unit', 'mi', '0');
INSERT INTO `5vvgh_settings` (`setting_id`, `sort`, `item`, `value`, `serialized`) VALUES ('10864', 'config', 'future_orders', '0', '0');
INSERT INTO `5vvgh_settings` (`setting_id`, `sort`, `item`, `value`, `serialized`) VALUES ('10865', 'config', 'location_order', '1', '0');
INSERT INTO `5vvgh_settings` (`setting_id`, `sort`, `item`, `value`, `serialized`) VALUES ('10868', 'config', 'approve_reviews', '1', '0');
INSERT INTO `5vvgh_settings` (`setting_id`, `sort`, `item`, `value`, `serialized`) VALUES ('10869', 'config', 'new_order_status', '11', '0');
INSERT INTO `5vvgh_settings` (`setting_id`, `sort`, `item`, `value`, `serialized`) VALUES ('10870', 'config', 'completed_order_status', '15', '0');
INSERT INTO `5vvgh_settings` (`setting_id`, `sort`, `item`, `value`, `serialized`) VALUES ('10871', 'config', 'guest_order', '1', '0');
INSERT INTO `5vvgh_settings` (`setting_id`, `sort`, `item`, `value`, `serialized`) VALUES ('10872', 'config', 'delivery_time', '45', '0');
INSERT INTO `5vvgh_settings` (`setting_id`, `sort`, `item`, `value`, `serialized`) VALUES ('10873', 'config', 'collection_time', '15', '0');
INSERT INTO `5vvgh_settings` (`setting_id`, `sort`, `item`, `value`, `serialized`) VALUES ('10874', 'config', 'reservation_mode', '1', '0');
INSERT INTO `5vvgh_settings` (`setting_id`, `sort`, `item`, `value`, `serialized`) VALUES ('10875', 'config', 'new_reservation_status', '18', '0');
INSERT INTO `5vvgh_settings` (`setting_id`, `sort`, `item`, `value`, `serialized`) VALUES ('10876', 'config', 'confirmed_reservation_status', '16', '0');
INSERT INTO `5vvgh_settings` (`setting_id`, `sort`, `item`, `value`, `serialized`) VALUES ('10878', 'config', 'canceled_order_status', '19', '0');
INSERT INTO `5vvgh_settings` (`setting_id`, `sort`, `item`, `value`, `serialized`) VALUES ('10879', 'config', 'canceled_reservation_status', '17', '0');
INSERT INTO `5vvgh_settings` (`setting_id`, `sort`, `item`, `value`, `serialized`) VALUES ('10880', 'config', 'reservation_time_interval', '45', '0');
INSERT INTO `5vvgh_settings` (`setting_id`, `sort`, `item`, `value`, `serialized`) VALUES ('10881', 'config', 'reservation_stay_time', '60', '0');
INSERT INTO `5vvgh_settings` (`setting_id`, `sort`, `item`, `value`, `serialized`) VALUES ('10882', 'config', 'image_manager', 'a:11:{s:8:\"max_size\";s:3:\"300\";s:11:\"thumb_width\";s:3:\"320\";s:12:\"thumb_height\";s:3:\"220\";s:7:\"uploads\";s:1:\"1\";s:10:\"new_folder\";s:1:\"1\";s:4:\"copy\";s:1:\"1\";s:4:\"move\";s:1:\"1\";s:6:\"rename\";s:1:\"1\";s:6:\"delete\";s:1:\"1\";s:15:\"transliteration\";s:1:\"0\";s:13:\"remember_days\";s:1:\"7\";}', '1');
INSERT INTO `5vvgh_settings` (`setting_id`, `sort`, `item`, `value`, `serialized`) VALUES ('10883', 'config', 'protocol', 'mail', '0');
INSERT INTO `5vvgh_settings` (`setting_id`, `sort`, `item`, `value`, `serialized`) VALUES ('10884', 'config', 'mailtype', 'html', '0');
INSERT INTO `5vvgh_settings` (`setting_id`, `sort`, `item`, `value`, `serialized`) VALUES ('10885', 'config', 'smtp_host', '', '0');
INSERT INTO `5vvgh_settings` (`setting_id`, `sort`, `item`, `value`, `serialized`) VALUES ('10886', 'config', 'smtp_port', '', '0');
INSERT INTO `5vvgh_settings` (`setting_id`, `sort`, `item`, `value`, `serialized`) VALUES ('10887', 'config', 'smtp_user', '', '0');
INSERT INTO `5vvgh_settings` (`setting_id`, `sort`, `item`, `value`, `serialized`) VALUES ('10888', 'config', 'smtp_pass', '', '0');
INSERT INTO `5vvgh_settings` (`setting_id`, `sort`, `item`, `value`, `serialized`) VALUES ('10889', 'config', 'log_threshold', '1', '0');
INSERT INTO `5vvgh_settings` (`setting_id`, `sort`, `item`, `value`, `serialized`) VALUES ('10891', 'config', 'customer_online_time_out', '120', '0');
INSERT INTO `5vvgh_settings` (`setting_id`, `sort`, `item`, `value`, `serialized`) VALUES ('10892', 'config', 'customer_online_archive_time_out', '0', '0');
INSERT INTO `5vvgh_settings` (`setting_id`, `sort`, `item`, `value`, `serialized`) VALUES ('10894', 'config', 'index_file_url', '0', '0');
INSERT INTO `5vvgh_settings` (`setting_id`, `sort`, `item`, `value`, `serialized`) VALUES ('10895', 'config', 'permalink', '1', '0');
INSERT INTO `5vvgh_settings` (`setting_id`, `sort`, `item`, `value`, `serialized`) VALUES ('10896', 'config', 'maintenance_mode', '0', '0');
INSERT INTO `5vvgh_settings` (`setting_id`, `sort`, `item`, `value`, `serialized`) VALUES ('10897', 'config', 'maintenance_message', 'Site is under maintenance. Please check back later.', '0');
INSERT INTO `5vvgh_settings` (`setting_id`, `sort`, `item`, `value`, `serialized`) VALUES ('10898', 'config', 'cache_mode', '0', '0');
INSERT INTO `5vvgh_settings` (`setting_id`, `sort`, `item`, `value`, `serialized`) VALUES ('10899', 'config', 'cache_time', '0', '0');
INSERT INTO `5vvgh_settings` (`setting_id`, `sort`, `item`, `value`, `serialized`) VALUES ('10971', 'prefs', 'default_themes', 'a:2:{s:5:\"admin\";s:18:\"tastyigniter-blue/\";s:4:\"main\";s:20:\"tastyigniter-orange/\";}', '1');
INSERT INTO `5vvgh_settings` (`setting_id`, `sort`, `item`, `value`, `serialized`) VALUES ('10972', 'prefs', 'ti_setup', 'installed', '0');
INSERT INTO `5vvgh_settings` (`setting_id`, `sort`, `item`, `value`, `serialized`) VALUES ('10973', 'config', 'site_location_mode', 'multiple', '0');
INSERT INTO `5vvgh_settings` (`setting_id`, `sort`, `item`, `value`, `serialized`) VALUES ('10974', 'config', 'site_url', 'http://tastyigniter.dev/', '0');
INSERT INTO `5vvgh_settings` (`setting_id`, `sort`, `item`, `value`, `serialized`) VALUES ('10975', 'config', 'site_name', 'Lewisham Munch', '0');
INSERT INTO `5vvgh_settings` (`setting_id`, `sort`, `item`, `value`, `serialized`) VALUES ('10976', 'config', 'site_email', 'info@tastyigniter.com', '0');
INSERT INTO `5vvgh_settings` (`setting_id`, `sort`, `item`, `value`, `serialized`) VALUES ('10978', 'prefs', 'main_address', 'a:14:{s:11:\"location_id\";s:2:\"11\";s:13:\"location_name\";s:14:\"Lewisham Munch\";s:9:\"address_1\";s:0:\"\";s:9:\"address_2\";s:0:\"\";s:4:\"city\";s:0:\"\";s:5:\"state\";s:0:\"\";s:8:\"postcode\";s:0:\"\";s:10:\"country_id\";s:1:\"0\";s:7:\"country\";N;s:10:\"iso_code_2\";N;s:10:\"iso_code_3\";N;s:12:\"location_lat\";s:8:\"0.000000\";s:12:\"location_lng\";s:8:\"0.000000\";s:6:\"format\";N;}', '1');
INSERT INTO `5vvgh_settings` (`setting_id`, `sort`, `item`, `value`, `serialized`) VALUES ('10981', 'prefs', 'ti_version', '2.2.0-dev', '0');
INSERT INTO `5vvgh_settings` (`setting_id`, `sort`, `item`, `value`, `serialized`) VALUES ('10986', 'prefs', 'installed_extensions', 'a:11:{s:14:\"account_module\";b:1;s:12:\"local_module\";b:1;s:17:\"categories_module\";b:1;s:11:\"cart_module\";b:1;s:18:\"reservation_module\";b:1;s:9:\"slideshow\";b:1;s:3:\"cod\";b:1;s:12:\"pages_module\";b:1;s:14:\"banners_module\";b:1;s:10:\"newsletter\";b:1;s:17:\"authorize_net_aim\";b:1;}', '1');


#
# TABLE STRUCTURE FOR: 5vvgh_staff_groups
#

DROP TABLE IF EXISTS `5vvgh_staff_groups`;

CREATE TABLE `5vvgh_staff_groups` (
  `staff_group_id` int(11) NOT NULL AUTO_INCREMENT,
  `staff_group_name` varchar(32) NOT NULL,
  `customer_account_access` tinyint(4) NOT NULL,
  `location_access` tinyint(1) NOT NULL,
  `permissions` text NOT NULL,
  PRIMARY KEY (`staff_group_id`)
) ENGINE=InnoDB AUTO_INCREMENT=12 DEFAULT CHARSET=utf8;

INSERT INTO `5vvgh_staff_groups` (`staff_group_id`, `staff_group_name`, `customer_account_access`, `location_access`, `permissions`) VALUES ('11', 'Administrator', '1', '0', 'a:48:{s:13:\"Admin.Banners\";a:4:{i:0;s:6:\"access\";i:1;s:6:\"manage\";i:2;s:3:\"add\";i:3;s:6:\"delete\";}s:16:\"Admin.Categories\";a:4:{i:0;s:6:\"access\";i:1;s:6:\"manage\";i:2;s:3:\"add\";i:3;s:6:\"delete\";}s:13:\"Admin.Coupons\";a:4:{i:0;s:6:\"access\";i:1;s:6:\"manage\";i:2;s:3:\"add\";i:3;s:6:\"delete\";}s:20:\"Admin.CustomerGroups\";a:4:{i:0;s:6:\"access\";i:1;s:6:\"manage\";i:2;s:3:\"add\";i:3;s:6:\"delete\";}s:15:\"Admin.Customers\";a:4:{i:0;s:6:\"access\";i:1;s:6:\"manage\";i:2;s:3:\"add\";i:3;s:6:\"delete\";}s:21:\"Admin.CustomersOnline\";a:1:{i:0;s:6:\"access\";}s:17:\"Admin.Maintenance\";a:4:{i:0;s:6:\"access\";i:1;s:6:\"manage\";i:2;s:3:\"add\";i:3;s:6:\"delete\";}s:15:\"Admin.ErrorLogs\";a:2:{i:0;s:6:\"access\";i:1;s:6:\"delete\";}s:16:\"Admin.Extensions\";a:4:{i:0;s:6:\"access\";i:1;s:6:\"manage\";i:2;s:3:\"add\";i:3;s:6:\"delete\";}s:18:\"Admin.MediaManager\";a:4:{i:0;s:6:\"access\";i:1;s:6:\"manage\";i:2;s:3:\"add\";i:3;s:6:\"delete\";}s:15:\"Admin.Locations\";a:4:{i:0;s:6:\"access\";i:1;s:6:\"manage\";i:2;s:3:\"add\";i:3;s:6:\"delete\";}s:19:\"Admin.MailTemplates\";a:4:{i:0;s:6:\"access\";i:1;s:6:\"manage\";i:2;s:3:\"add\";i:3;s:6:\"delete\";}s:17:\"Admin.MenuOptions\";a:4:{i:0;s:6:\"access\";i:1;s:6:\"manage\";i:2;s:3:\"add\";i:3;s:6:\"delete\";}s:11:\"Admin.Menus\";a:4:{i:0;s:6:\"access\";i:1;s:6:\"manage\";i:2;s:3:\"add\";i:3;s:6:\"delete\";}s:14:\"Admin.Messages\";a:2:{i:0;s:3:\"add\";i:1;s:6:\"delete\";}s:12:\"Admin.Orders\";a:4:{i:0;s:6:\"access\";i:1;s:6:\"manage\";i:2;s:3:\"add\";i:3;s:6:\"delete\";}s:14:\"Admin.Payments\";a:3:{i:0;s:6:\"access\";i:1;s:3:\"add\";i:2;s:6:\"delete\";}s:17:\"Admin.Permissions\";a:3:{i:0;s:6:\"manage\";i:1;s:3:\"add\";i:2;s:6:\"delete\";}s:13:\"Admin.Ratings\";a:2:{i:0;s:3:\"add\";i:1;s:6:\"delete\";}s:18:\"Admin.Reservations\";a:4:{i:0;s:6:\"access\";i:1;s:6:\"manage\";i:2;s:3:\"add\";i:3;s:6:\"delete\";}s:13:\"Admin.Reviews\";a:4:{i:0;s:6:\"access\";i:1;s:6:\"manage\";i:2;s:3:\"add\";i:3;s:6:\"delete\";}s:23:\"Admin.SecurityQuestions\";a:2:{i:0;s:3:\"add\";i:1;s:6:\"delete\";}s:17:\"Admin.StaffGroups\";a:4:{i:0;s:6:\"access\";i:1;s:6:\"manage\";i:2;s:3:\"add\";i:3;s:6:\"delete\";}s:12:\"Admin.Staffs\";a:4:{i:0;s:6:\"access\";i:1;s:6:\"manage\";i:2;s:3:\"add\";i:3;s:6:\"delete\";}s:14:\"Admin.Statuses\";a:4:{i:0;s:6:\"access\";i:1;s:6:\"manage\";i:2;s:3:\"add\";i:3;s:6:\"delete\";}s:12:\"Admin.Tables\";a:4:{i:0;s:6:\"access\";i:1;s:6:\"manage\";i:2;s:3:\"add\";i:3;s:6:\"delete\";}s:15:\"Admin.Mealtimes\";a:4:{i:0;s:6:\"access\";i:1;s:6:\"manage\";i:2;s:3:\"add\";i:3;s:6:\"delete\";}s:14:\"Site.Countries\";a:3:{i:0;s:6:\"manage\";i:1;s:3:\"add\";i:2;s:6:\"delete\";}s:15:\"Site.Currencies\";a:3:{i:0;s:6:\"manage\";i:1;s:3:\"add\";i:2;s:6:\"delete\";}s:14:\"Site.Languages\";a:3:{i:0;s:6:\"manage\";i:1;s:3:\"add\";i:2;s:6:\"delete\";}s:12:\"Site.Layouts\";a:3:{i:0;s:6:\"manage\";i:1;s:3:\"add\";i:2;s:6:\"delete\";}s:10:\"Site.Pages\";a:3:{i:0;s:6:\"manage\";i:1;s:3:\"add\";i:2;s:6:\"delete\";}s:13:\"Site.Settings\";a:1:{i:0;s:6:\"manage\";}s:11:\"Site.Themes\";a:4:{i:0;s:6:\"access\";i:1;s:6:\"manage\";i:2;s:3:\"add\";i:3;s:6:\"delete\";}s:12:\"Site.Updates\";a:1:{i:0;s:3:\"add\";}s:20:\"Module.AccountModule\";a:1:{i:0;s:6:\"manage\";}s:20:\"Module.BannersModule\";a:1:{i:0;s:6:\"manage\";}s:17:\"Module.CartModule\";a:1:{i:0;s:6:\"manage\";}s:23:\"Module.CategoriesModule\";a:1:{i:0;s:6:\"manage\";}s:18:\"Module.LocalModule\";a:1:{i:0;s:6:\"manage\";}s:18:\"Module.PagesModule\";a:1:{i:0;s:6:\"manage\";}s:24:\"Module.ReservationModule\";a:1:{i:0;s:6:\"manage\";}s:16:\"Module.Slideshow\";a:1:{i:0;s:6:\"manage\";}s:11:\"Payment.Cod\";a:1:{i:0;s:6:\"manage\";}s:21:\"Payment.PaypalExpress\";a:1:{i:0;s:6:\"manage\";}i:44;a:4:{i:0;s:6:\"access\";i:1;s:6:\"manage\";i:2;s:3:\"add\";i:3;s:6:\"delete\";}i:55;a:1:{i:0;s:3:\"add\";}i:56;a:4:{i:0;s:6:\"access\";i:1;s:6:\"manage\";i:2;s:3:\"add\";i:3;s:6:\"delete\";}}');


#
# TABLE STRUCTURE FOR: 5vvgh_staffs
#

DROP TABLE IF EXISTS `5vvgh_staffs`;

CREATE TABLE `5vvgh_staffs` (
  `staff_id` int(11) NOT NULL AUTO_INCREMENT,
  `staff_name` varchar(32) NOT NULL,
  `staff_email` varchar(96) NOT NULL,
  `staff_group_id` int(11) NOT NULL,
  `staff_location_id` int(11) NOT NULL,
  `timezone` varchar(32) NOT NULL,
  `language_id` int(11) NOT NULL,
  `date_added` date NOT NULL,
  `staff_status` tinyint(1) NOT NULL,
  PRIMARY KEY (`staff_id`),
  UNIQUE KEY `staff_email` (`staff_email`)
) ENGINE=InnoDB AUTO_INCREMENT=12 DEFAULT CHARSET=utf8;

INSERT INTO `5vvgh_staffs` (`staff_id`, `staff_name`, `staff_email`, `staff_group_id`, `staff_location_id`, `timezone`, `language_id`, `date_added`, `staff_status`) VALUES ('11', 'Admin Person', 'info@tastyigniter.com', '11', '11', '0', '11', '2016-11-17', '1');


#
# TABLE STRUCTURE FOR: 5vvgh_status_history
#

DROP TABLE IF EXISTS `5vvgh_status_history`;

CREATE TABLE `5vvgh_status_history` (
  `status_history_id` int(11) NOT NULL AUTO_INCREMENT,
  `object_id` int(11) NOT NULL,
  `staff_id` int(11) NOT NULL,
  `assignee_id` int(11) NOT NULL,
  `status_id` int(11) NOT NULL,
  `notify` tinyint(1) NOT NULL,
  `status_for` varchar(32) NOT NULL,
  `comment` text NOT NULL,
  `date_added` datetime NOT NULL,
  PRIMARY KEY (`status_history_id`)
) ENGINE=InnoDB DEFAULT CHARSET=utf8;

#
# TABLE STRUCTURE FOR: 5vvgh_statuses
#

DROP TABLE IF EXISTS `5vvgh_statuses`;

CREATE TABLE `5vvgh_statuses` (
  `status_id` int(15) NOT NULL AUTO_INCREMENT,
  `status_name` varchar(45) NOT NULL,
  `status_comment` text NOT NULL,
  `notify_customer` tinyint(1) NOT NULL,
  `status_for` varchar(10) NOT NULL,
  `status_color` varchar(32) NOT NULL,
  PRIMARY KEY (`status_id`)
) ENGINE=InnoDB AUTO_INCREMENT=20 DEFAULT CHARSET=utf8;

INSERT INTO `5vvgh_statuses` (`status_id`, `status_name`, `status_comment`, `notify_customer`, `status_for`, `status_color`) VALUES ('11', 'Received', 'Your order has been received.', '1', 'order', '#686663');
INSERT INTO `5vvgh_statuses` (`status_id`, `status_name`, `status_comment`, `notify_customer`, `status_for`, `status_color`) VALUES ('12', 'Pending', 'Your order is pending', '1', 'order', '#f0ad4e');
INSERT INTO `5vvgh_statuses` (`status_id`, `status_name`, `status_comment`, `notify_customer`, `status_for`, `status_color`) VALUES ('13', 'Preparation', 'Your order is in the kitchen', '1', 'order', '#00c0ef');
INSERT INTO `5vvgh_statuses` (`status_id`, `status_name`, `status_comment`, `notify_customer`, `status_for`, `status_color`) VALUES ('14', 'Delivery', 'Your order will be with you shortly.', '0', 'order', '#00a65a');
INSERT INTO `5vvgh_statuses` (`status_id`, `status_name`, `status_comment`, `notify_customer`, `status_for`, `status_color`) VALUES ('15', 'Completed', '', '0', 'order', '#00a65a');
INSERT INTO `5vvgh_statuses` (`status_id`, `status_name`, `status_comment`, `notify_customer`, `status_for`, `status_color`) VALUES ('16', 'Confirmed', 'Your table reservation has been confirmed.', '0', 'reserve', '#00a65a');
INSERT INTO `5vvgh_statuses` (`status_id`, `status_name`, `status_comment`, `notify_customer`, `status_for`, `status_color`) VALUES ('17', 'Canceled', 'Your table reservation has been canceled.', '0', 'reserve', '#dd4b39');
INSERT INTO `5vvgh_statuses` (`status_id`, `status_name`, `status_comment`, `notify_customer`, `status_for`, `status_color`) VALUES ('18', 'Pending', 'Your table reservation is pending.', '0', 'reserve', '');
INSERT INTO `5vvgh_statuses` (`status_id`, `status_name`, `status_comment`, `notify_customer`, `status_for`, `status_color`) VALUES ('19', 'Canceled', '', '0', 'order', '#ea0b29');


#
# TABLE STRUCTURE FOR: 5vvgh_tables
#

DROP TABLE IF EXISTS `5vvgh_tables`;

CREATE TABLE `5vvgh_tables` (
  `table_id` int(11) NOT NULL AUTO_INCREMENT,
  `table_name` varchar(32) NOT NULL,
  `min_capacity` int(11) NOT NULL,
  `max_capacity` int(11) NOT NULL,
  `table_status` tinyint(1) NOT NULL,
  PRIMARY KEY (`table_id`)
) ENGINE=InnoDB AUTO_INCREMENT=17 DEFAULT CHARSET=utf8;

INSERT INTO `5vvgh_tables` (`table_id`, `table_name`, `min_capacity`, `max_capacity`, `table_status`) VALUES ('1', 'EE10', '2', '10', '1');
INSERT INTO `5vvgh_tables` (`table_id`, `table_name`, `min_capacity`, `max_capacity`, `table_status`) VALUES ('2', 'NN02', '2', '4', '1');
INSERT INTO `5vvgh_tables` (`table_id`, `table_name`, `min_capacity`, `max_capacity`, `table_status`) VALUES ('6', 'SW77', '10', '40', '1');
INSERT INTO `5vvgh_tables` (`table_id`, `table_name`, `min_capacity`, `max_capacity`, `table_status`) VALUES ('7', 'EW77', '2', '8', '1');
INSERT INTO `5vvgh_tables` (`table_id`, `table_name`, `min_capacity`, `max_capacity`, `table_status`) VALUES ('8', 'SE78', '4', '6', '1');
INSERT INTO `5vvgh_tables` (`table_id`, `table_name`, `min_capacity`, `max_capacity`, `table_status`) VALUES ('9', 'NE8', '8', '10', '1');
INSERT INTO `5vvgh_tables` (`table_id`, `table_name`, `min_capacity`, `max_capacity`, `table_status`) VALUES ('10', 'SW55', '9', '10', '1');
INSERT INTO `5vvgh_tables` (`table_id`, `table_name`, `min_capacity`, `max_capacity`, `table_status`) VALUES ('11', 'EW88', '2', '10', '0');
INSERT INTO `5vvgh_tables` (`table_id`, `table_name`, `min_capacity`, `max_capacity`, `table_status`) VALUES ('12', 'EE732', '3', '6', '1');
INSERT INTO `5vvgh_tables` (`table_id`, `table_name`, `min_capacity`, `max_capacity`, `table_status`) VALUES ('14', 'FW79', '4', '10', '0');
INSERT INTO `5vvgh_tables` (`table_id`, `table_name`, `min_capacity`, `max_capacity`, `table_status`) VALUES ('16', 'SSW77', '10', '40', '1');


#
# TABLE STRUCTURE FOR: 5vvgh_uri_routes
#

DROP TABLE IF EXISTS `5vvgh_uri_routes`;

CREATE TABLE `5vvgh_uri_routes` (
  `uri_route_id` int(11) NOT NULL AUTO_INCREMENT,
  `uri_route` varchar(255) NOT NULL,
  `controller` varchar(128) NOT NULL,
  `priority` tinyint(11) NOT NULL,
  PRIMARY KEY (`uri_route_id`,`uri_route`)
) ENGINE=InnoDB AUTO_INCREMENT=4 DEFAULT CHARSET=utf8;

INSERT INTO `5vvgh_uri_routes` (`uri_route_id`, `uri_route`, `controller`, `priority`) VALUES ('1', 'locations', 'local/locations', '1');
INSERT INTO `5vvgh_uri_routes` (`uri_route_id`, `uri_route`, `controller`, `priority`) VALUES ('2', 'account', 'account/account', '2');
INSERT INTO `5vvgh_uri_routes` (`uri_route_id`, `uri_route`, `controller`, `priority`) VALUES ('3', '(:any)', 'pages', '3');


#
# TABLE STRUCTURE FOR: 5vvgh_users
#

DROP TABLE IF EXISTS `5vvgh_users`;

CREATE TABLE `5vvgh_users` (
  `user_id` int(11) NOT NULL AUTO_INCREMENT,
  `staff_id` int(11) NOT NULL,
  `username` varchar(32) NOT NULL,
  `password` varchar(40) NOT NULL,
  `salt` varchar(9) NOT NULL,
  PRIMARY KEY (`user_id`,`staff_id`,`username`)
) ENGINE=InnoDB AUTO_INCREMENT=12 DEFAULT CHARSET=utf8;

INSERT INTO `5vvgh_users` (`user_id`, `staff_id`, `username`, `password`, `salt`) VALUES ('11', '11', 'admin', '15dc4d5f2c08ca254a0e2b687369431c91af1458', '656c33be4');


#
# TABLE STRUCTURE FOR: 5vvgh_working_hours
#

DROP TABLE IF EXISTS `5vvgh_working_hours`;

CREATE TABLE `5vvgh_working_hours` (
  `location_id` int(11) NOT NULL,
  `weekday` int(11) NOT NULL,
  `opening_time` time NOT NULL DEFAULT '00:00:00',
  `closing_time` time NOT NULL DEFAULT '00:00:00',
  `status` tinyint(1) NOT NULL,
  `type` varchar(32) NOT NULL,
  PRIMARY KEY (`location_id`,`weekday`,`type`)
) ENGINE=InnoDB DEFAULT CHARSET=utf8;

INSERT INTO `5vvgh_working_hours` (`location_id`, `weekday`, `opening_time`, `closing_time`, `status`, `type`) VALUES ('11', '0', '00:00:00', '23:59:00', '1', 'collection');
INSERT INTO `5vvgh_working_hours` (`location_id`, `weekday`, `opening_time`, `closing_time`, `status`, `type`) VALUES ('11', '0', '00:00:00', '23:59:00', '1', 'delivery');
INSERT INTO `5vvgh_working_hours` (`location_id`, `weekday`, `opening_time`, `closing_time`, `status`, `type`) VALUES ('11', '0', '00:00:00', '23:59:00', '1', 'opening');
INSERT INTO `5vvgh_working_hours` (`location_id`, `weekday`, `opening_time`, `closing_time`, `status`, `type`) VALUES ('11', '1', '00:00:00', '23:59:00', '1', 'collection');
INSERT INTO `5vvgh_working_hours` (`location_id`, `weekday`, `opening_time`, `closing_time`, `status`, `type`) VALUES ('11', '1', '00:00:00', '23:59:00', '1', 'delivery');
INSERT INTO `5vvgh_working_hours` (`location_id`, `weekday`, `opening_time`, `closing_time`, `status`, `type`) VALUES ('11', '1', '00:00:00', '23:59:00', '1', 'opening');
INSERT INTO `5vvgh_working_hours` (`location_id`, `weekday`, `opening_time`, `closing_time`, `status`, `type`) VALUES ('11', '2', '00:00:00', '23:59:00', '1', 'collection');
INSERT INTO `5vvgh_working_hours` (`location_id`, `weekday`, `opening_time`, `closing_time`, `status`, `type`) VALUES ('11', '2', '00:00:00', '23:59:00', '1', 'delivery');
INSERT INTO `5vvgh_working_hours` (`location_id`, `weekday`, `opening_time`, `closing_time`, `status`, `type`) VALUES ('11', '2', '00:00:00', '23:59:00', '1', 'opening');
INSERT INTO `5vvgh_working_hours` (`location_id`, `weekday`, `opening_time`, `closing_time`, `status`, `type`) VALUES ('11', '3', '00:00:00', '23:59:00', '1', 'collection');
INSERT INTO `5vvgh_working_hours` (`location_id`, `weekday`, `opening_time`, `closing_time`, `status`, `type`) VALUES ('11', '3', '00:00:00', '23:59:00', '1', 'delivery');
INSERT INTO `5vvgh_working_hours` (`location_id`, `weekday`, `opening_time`, `closing_time`, `status`, `type`) VALUES ('11', '3', '00:00:00', '23:59:00', '1', 'opening');
INSERT INTO `5vvgh_working_hours` (`location_id`, `weekday`, `opening_time`, `closing_time`, `status`, `type`) VALUES ('11', '4', '00:00:00', '23:59:00', '1', 'collection');
INSERT INTO `5vvgh_working_hours` (`location_id`, `weekday`, `opening_time`, `closing_time`, `status`, `type`) VALUES ('11', '4', '00:00:00', '23:59:00', '1', 'delivery');
INSERT INTO `5vvgh_working_hours` (`location_id`, `weekday`, `opening_time`, `closing_time`, `status`, `type`) VALUES ('11', '4', '00:00:00', '23:59:00', '1', 'opening');
INSERT INTO `5vvgh_working_hours` (`location_id`, `weekday`, `opening_time`, `closing_time`, `status`, `type`) VALUES ('11', '5', '00:00:00', '23:59:00', '1', 'collection');
INSERT INTO `5vvgh_working_hours` (`location_id`, `weekday`, `opening_time`, `closing_time`, `status`, `type`) VALUES ('11', '5', '00:00:00', '23:59:00', '1', 'delivery');
INSERT INTO `5vvgh_working_hours` (`location_id`, `weekday`, `opening_time`, `closing_time`, `status`, `type`) VALUES ('11', '5', '00:00:00', '23:59:00', '1', 'opening');
INSERT INTO `5vvgh_working_hours` (`location_id`, `weekday`, `opening_time`, `closing_time`, `status`, `type`) VALUES ('11', '6', '00:00:00', '23:59:00', '1', 'collection');
INSERT INTO `5vvgh_working_hours` (`location_id`, `weekday`, `opening_time`, `closing_time`, `status`, `type`) VALUES ('11', '6', '00:00:00', '23:59:00', '1', 'delivery');
INSERT INTO `5vvgh_working_hours` (`location_id`, `weekday`, `opening_time`, `closing_time`, `status`, `type`) VALUES ('11', '6', '00:00:00', '23:59:00', '1', 'opening');
INSERT INTO `5vvgh_working_hours` (`location_id`, `weekday`, `opening_time`, `closing_time`, `status`, `type`) VALUES ('12', '0', '00:00:00', '23:59:00', '1', 'collection');
INSERT INTO `5vvgh_working_hours` (`location_id`, `weekday`, `opening_time`, `closing_time`, `status`, `type`) VALUES ('12', '0', '00:00:00', '23:59:00', '1', 'delivery');
INSERT INTO `5vvgh_working_hours` (`location_id`, `weekday`, `opening_time`, `closing_time`, `status`, `type`) VALUES ('12', '0', '00:00:00', '23:59:00', '1', 'opening');
INSERT INTO `5vvgh_working_hours` (`location_id`, `weekday`, `opening_time`, `closing_time`, `status`, `type`) VALUES ('12', '1', '00:00:00', '23:59:00', '1', 'collection');
INSERT INTO `5vvgh_working_hours` (`location_id`, `weekday`, `opening_time`, `closing_time`, `status`, `type`) VALUES ('12', '1', '00:00:00', '23:59:00', '1', 'delivery');
INSERT INTO `5vvgh_working_hours` (`location_id`, `weekday`, `opening_time`, `closing_time`, `status`, `type`) VALUES ('12', '1', '00:00:00', '23:59:00', '1', 'opening');
INSERT INTO `5vvgh_working_hours` (`location_id`, `weekday`, `opening_time`, `closing_time`, `status`, `type`) VALUES ('12', '2', '00:00:00', '23:59:00', '1', 'collection');
INSERT INTO `5vvgh_working_hours` (`location_id`, `weekday`, `opening_time`, `closing_time`, `status`, `type`) VALUES ('12', '2', '00:00:00', '23:59:00', '1', 'delivery');
INSERT INTO `5vvgh_working_hours` (`location_id`, `weekday`, `opening_time`, `closing_time`, `status`, `type`) VALUES ('12', '2', '00:00:00', '23:59:00', '1', 'opening');
INSERT INTO `5vvgh_working_hours` (`location_id`, `weekday`, `opening_time`, `closing_time`, `status`, `type`) VALUES ('12', '3', '00:00:00', '23:59:00', '1', 'collection');
INSERT INTO `5vvgh_working_hours` (`location_id`, `weekday`, `opening_time`, `closing_time`, `status`, `type`) VALUES ('12', '3', '00:00:00', '23:59:00', '1', 'delivery');
INSERT INTO `5vvgh_working_hours` (`location_id`, `weekday`, `opening_time`, `closing_time`, `status`, `type`) VALUES ('12', '3', '00:00:00', '23:59:00', '1', 'opening');
INSERT INTO `5vvgh_working_hours` (`location_id`, `weekday`, `opening_time`, `closing_time`, `status`, `type`) VALUES ('12', '4', '00:00:00', '23:59:00', '1', 'collection');
INSERT INTO `5vvgh_working_hours` (`location_id`, `weekday`, `opening_time`, `closing_time`, `status`, `type`) VALUES ('12', '4', '00:00:00', '23:59:00', '1', 'delivery');
INSERT INTO `5vvgh_working_hours` (`location_id`, `weekday`, `opening_time`, `closing_time`, `status`, `type`) VALUES ('12', '4', '00:00:00', '23:59:00', '1', 'opening');
INSERT INTO `5vvgh_working_hours` (`location_id`, `weekday`, `opening_time`, `closing_time`, `status`, `type`) VALUES ('12', '5', '00:00:00', '23:59:00', '1', 'collection');
INSERT INTO `5vvgh_working_hours` (`location_id`, `weekday`, `opening_time`, `closing_time`, `status`, `type`) VALUES ('12', '5', '00:00:00', '23:59:00', '1', 'delivery');
INSERT INTO `5vvgh_working_hours` (`location_id`, `weekday`, `opening_time`, `closing_time`, `status`, `type`) VALUES ('12', '5', '00:00:00', '23:59:00', '1', 'opening');
INSERT INTO `5vvgh_working_hours` (`location_id`, `weekday`, `opening_time`, `closing_time`, `status`, `type`) VALUES ('12', '6', '00:00:00', '23:59:00', '1', 'collection');
INSERT INTO `5vvgh_working_hours` (`location_id`, `weekday`, `opening_time`, `closing_time`, `status`, `type`) VALUES ('12', '6', '00:00:00', '23:59:00', '1', 'delivery');
INSERT INTO `5vvgh_working_hours` (`location_id`, `weekday`, `opening_time`, `closing_time`, `status`, `type`) VALUES ('12', '6', '00:00:00', '23:59:00', '1', 'opening');


