#
# TABLE STRUCTURE FOR: address
#

DROP TABLE IF EXISTS address;

CREATE TABLE `address` (
  `address_id` int(10) NOT NULL AUTO_INCREMENT,
  `customer_id` int(15) NOT NULL,
  `address_1` varchar(128) NOT NULL,
  `address_2` varchar(128) NOT NULL,
  `city` varchar(128) NOT NULL,
  `postcode` varchar(10) NOT NULL,
  `country_id` int(11) NOT NULL,
  PRIMARY KEY (`address_id`),
  KEY `customer_id` (`customer_id`)
) ENGINE=MyISAM AUTO_INCREMENT=27 DEFAULT CHARSET=utf8;

INSERT INTO address (`address_id`, `customer_id`, `address_1`, `address_2`, `city`, `postcode`, `country_id`) VALUES (9, 15, 'Flat 9 155 Burnt Ash Hill', '', 'London', 'SE120AP', 222);
INSERT INTO address (`address_id`, `customer_id`, `address_1`, `address_2`, `city`, `postcode`, `country_id`) VALUES (16, 21, 'Demo Address', 'Demo Address 2', 'Demo', 'SE120AP', 222);
INSERT INTO address (`address_id`, `customer_id`, `address_1`, `address_2`, `city`, `postcode`, `country_id`) VALUES (18, 22, '2 Caxton Street', 'HHH', 'Greater London', 'CR0 9XY', 222);
INSERT INTO address (`address_id`, `customer_id`, `address_1`, `address_2`, `city`, `postcode`, `country_id`) VALUES (19, 22, '100 Samiana Street', '', 'Greater London', 'CR0 9XY', 222);
INSERT INTO address (`address_id`, `customer_id`, `address_1`, `address_2`, `city`, `postcode`, `country_id`) VALUES (20, 15, '14 Lime Close', '', 'Greater London', 'CR0 9XY', 222);
INSERT INTO address (`address_id`, `customer_id`, `address_1`, `address_2`, `city`, `postcode`, `country_id`) VALUES (21, 29, '14 Lime Close', '', 'ddd', 'E9 6QH', 222);
INSERT INTO address (`address_id`, `customer_id`, `address_1`, `address_2`, `city`, `postcode`, `country_id`) VALUES (22, 29, 'Burnt Ash Hill', 'Burnt Ash Road', 'London', 'SE12 0AP', 222);
INSERT INTO address (`address_id`, `customer_id`, `address_1`, `address_2`, `city`, `postcode`, `country_id`) VALUES (23, 29, '8 Firmount Avenue', '', 'Greater London', 'CR0 9XY', 222);
INSERT INTO address (`address_id`, `customer_id`, `address_1`, `address_2`, `city`, `postcode`, `country_id`) VALUES (24, 29, '2 Crescent Street', '', 'Greater London', 'W5 1LA', 222);
INSERT INTO address (`address_id`, `customer_id`, `address_1`, `address_2`, `city`, `postcode`, `country_id`) VALUES (25, 31, '30 Crescent Road', 'Testing Test', 'London', 'SE18 7BN', 222);
INSERT INTO address (`address_id`, `customer_id`, `address_1`, `address_2`, `city`, `postcode`, `country_id`) VALUES (26, 23, 'COD Church Rd', 'COD Church Rd', 'London', 'BR1 7HN', 222);


#
# TABLE STRUCTURE FOR: categories
#

DROP TABLE IF EXISTS categories;

CREATE TABLE `categories` (
  `category_id` int(15) NOT NULL AUTO_INCREMENT,
  `category_name` varchar(32) CHARACTER SET utf8 NOT NULL,
  `category_description` text CHARACTER SET utf8 NOT NULL,
  PRIMARY KEY (`category_id`)
) ENGINE=InnoDB AUTO_INCREMENT=24 DEFAULT CHARSET=latin1;

INSERT INTO categories (`category_id`, `category_name`, `category_description`) VALUES (15, 'Appetizer', '');
INSERT INTO categories (`category_id`, `category_name`, `category_description`) VALUES (16, 'Main Course', '');
INSERT INTO categories (`category_id`, `category_name`, `category_description`) VALUES (17, 'Salads', '');
INSERT INTO categories (`category_id`, `category_name`, `category_description`) VALUES (18, 'Seafoods', '');
INSERT INTO categories (`category_id`, `category_name`, `category_description`) VALUES (19, 'Traditional', '');
INSERT INTO categories (`category_id`, `category_name`, `category_description`) VALUES (20, 'Vegetarian', '');
INSERT INTO categories (`category_id`, `category_name`, `category_description`) VALUES (21, 'Soups', '');
INSERT INTO categories (`category_id`, `category_name`, `category_description`) VALUES (22, 'Desserts', '');
INSERT INTO categories (`category_id`, `category_name`, `category_description`) VALUES (23, 'Drinks', '');


#
# TABLE STRUCTURE FOR: ci_sessions
#

DROP TABLE IF EXISTS ci_sessions;

CREATE TABLE `ci_sessions` (
  `session_id` varchar(40) NOT NULL DEFAULT '0',
  `ip_address` varchar(45) NOT NULL DEFAULT '0',
  `user_agent` varchar(120) NOT NULL,
  `last_activity` int(10) unsigned NOT NULL DEFAULT '0',
  `user_data` text NOT NULL,
  `nearest_location` varchar(45) NOT NULL,
  PRIMARY KEY (`session_id`),
  KEY `last_activity_idx` (`last_activity`)
) ENGINE=InnoDB DEFAULT CHARSET=latin1;

INSERT INTO ci_sessions (`session_id`, `ip_address`, `user_agent`, `last_activity`, `user_data`, `nearest_location`) VALUES ('007cb4d4c7caf547c51480051319de5b', '::1', 'Mozilla/5.0 (Macintosh; Intel Mac OS X 10.8; rv:23.0) Gecko/20100101 Firefox/23.0', 1379016778, 'a:3:{s:14:\"local_location\";a:3:{s:6:\"status\";s:2:\"OK\";s:4:\"data\";a:13:{s:11:\"location_id\";s:3:\"136\";s:13:\"location_name\";s:10:\"Manchester\";s:18:\"location_address_1\";s:18:\"Sir Matt Busby Way\";s:18:\"location_address_2\";s:12:\"Old Trafford\";s:13:\"location_city\";s:10:\"Manchester\";s:17:\"location_postcode\";s:7:\"M16 0RA\";s:19:\"location_country_id\";s:3:\"222\";s:18:\"location_telephone\";s:11:\"02088279114\";s:12:\"location_lat\";s:9:\"53.462559\";s:12:\"location_lng\";s:9:\"-2.291032\";s:15:\"location_radius\";s:2:\"25\";s:6:\"status\";s:1:\"0\";s:8:\"distance\";s:1:\"0\";}s:13:\"opening_hours\";a:0:{}}s:7:\"user_id\";s:2:\"15\";s:8:\"username\";s:10:\"tastyadmin\";}', '');
INSERT INTO ci_sessions (`session_id`, `ip_address`, `user_agent`, `last_activity`, `user_data`, `nearest_location`) VALUES ('00ba52f2da56b826609e7e365b646c7a', '172.16.251.216', 'Mozilla/5.0 (X11; Ubuntu; Linux x86_64; rv:26.0) Gecko/20100101 Firefox/26.0 FirePHP/0.7.4', 1387336767, 'a:1:{s:9:\"user_data\";s:0:\"\";}', '');
INSERT INTO ci_sessions (`session_id`, `ip_address`, `user_agent`, `last_activity`, `user_data`, `nearest_location`) VALUES ('00ec5b61dcf34a13db824f0b92ac0c1d', '172.16.251.220', 'Mozilla/5.0 (X11; Ubuntu; Linux x86_64; rv:26.0) Gecko/20100101 Firefox/26.0 FirePHP/0.7.4', 1387754622, 'a:1:{s:9:\"user_data\";s:0:\"\";}', '');
INSERT INTO ci_sessions (`session_id`, `ip_address`, `user_agent`, `last_activity`, `user_data`, `nearest_location`) VALUES ('01b4fb5ad437926b6a333364d107a48e', '172.16.251.216', 'Mozilla/5.0 (X11; Ubuntu; Linux x86_64; rv:26.0) Gecko/20100101 Firefox/26.0 FirePHP/0.7.4', 1387329135, 'a:1:{s:9:\"user_data\";s:0:\"\";}', '');
INSERT INTO ci_sessions (`session_id`, `ip_address`, `user_agent`, `last_activity`, `user_data`, `nearest_location`) VALUES ('029411379621dbc6bc4e95306e0af0f0', '172.16.251.219', 'Mozilla/5.0 (X11; Ubuntu; Linux x86_64; rv:26.0) Gecko/20100101 Firefox/26.0 FirePHP/0.7.4', 1387500273, 'a:4:{s:9:\"user_data\";s:0:\"\";s:13:\"table_details\";a:7:{s:8:\"postcode\";s:19:\"Harrow - 1.53 miles\";s:11:\"location_id\";s:3:\"115\";s:9:\"guest_num\";s:1:\"2\";s:12:\"reserve_date\";s:10:\"20-12-2013\";s:12:\"reserve_time\";s:8:\"10:00:00\";s:8:\"occasion\";s:1:\"0\";s:6:\"tables\";a:3:{i:0;s:1:\"1\";i:1;s:1:\"6\";i:2;s:1:\"9\";}}s:7:\"user_id\";s:2:\"15\";s:8:\"username\";s:10:\"tastyadmin\";}', '');
INSERT INTO ci_sessions (`session_id`, `ip_address`, `user_agent`, `last_activity`, `user_data`, `nearest_location`) VALUES ('02aa951672d21ea3b96ff6bc86309384', '172.16.251.213', 'Mozilla/5.0 (X11; Ubuntu; Linux x86_64; rv:25.0) Gecko/20100101 Firefox/25.0', 1386530091, 'a:1:{s:9:\"user_data\";s:0:\"\";}', '');
INSERT INTO ci_sessions (`session_id`, `ip_address`, `user_agent`, `last_activity`, `user_data`, `nearest_location`) VALUES ('04430050e228144bd498c603aefb4a52', '::1', 'Mozilla/5.0 (Macintosh; Intel Mac OS X 10.8; rv:23.0) Gecko/20100101 Firefox/23.0 FirePHP/0.7.4', 1379504182, 'a:4:{s:9:\"user_data\";s:0:\"\";s:13:\"cart_contents\";a:5:{s:32:\"19bb6070c743e6c06d34a5cefaefd70a\";a:7:{s:5:\"rowid\";s:32:\"19bb6070c743e6c06d34a5cefaefd70a\";s:2:\"id\";s:4:\"FD31\";s:4:\"name\";s:9:\"CHIN-CHIN\";s:3:\"qty\";s:1:\"1\";s:5:\"price\";s:6:\"200.00\";s:7:\"options\";a:0:{}s:8:\"subtotal\";d:200;}s:32:\"bede4ee7f6f282bf529525b2ed6b2d4d\";a:7:{s:5:\"rowid\";s:32:\"bede4ee7f6f282bf529525b2ed6b2d4d\";s:2:\"id\";s:4:\"FD26\";s:4:\"name\";s:12:\"STEAMED RICE\";s:3:\"qty\";s:1:\"1\";s:5:\"price\";s:5:\"90.00\";s:7:\"options\";a:1:{s:4:\"With\";s:11:\"Fish: 20.00\";}s:8:\"subtotal\";d:90;}s:32:\"c7d53b1d2722e3e8f75b06a21a29e4f6\";a:7:{s:5:\"rowid\";s:32:\"c7d53b1d2722e3e8f75b06a21a29e4f6\";s:2:\"id\";s:4:\"FD33\";s:4:\"name\";s:11:\"JOLLOF RICE\";s:3:\"qty\";s:1:\"1\";s:5:\"price\";s:6:\"130.00\";s:7:\"options\";a:1:{s:4:\"With\";s:20:\"Assorted Beef: 60.00\";}s:8:\"subtotal\";d:130;}s:11:\"total_items\";i:3;s:10:\"cart_total\";d:420;}s:7:\"user_id\";s:2:\"15\";s:8:\"username\";s:10:\"tastyadmin\";}', '');
INSERT INTO ci_sessions (`session_id`, `ip_address`, `user_agent`, `last_activity`, `user_data`, `nearest_location`) VALUES ('04f1842558d69ba367a5f2cbfe6d7797', '172.16.251.220', 'Mozilla/5.0 (X11; Ubuntu; Linux x86_64; rv:26.0) Gecko/20100101 Firefox/26.0 FirePHP/0.7.4', 1387754633, 'a:5:{s:9:\"user_data\";s:0:\"\";s:7:\"user_id\";s:2:\"15\";s:8:\"username\";s:10:\"tastyadmin\";s:11:\"customer_id\";s:2:\"31\";s:14:\"customer_email\";s:13:\"demo@demo.com\";}', '');
INSERT INTO ci_sessions (`session_id`, `ip_address`, `user_agent`, `last_activity`, `user_data`, `nearest_location`) VALUES ('067f505e755534d94877694a9b0c317b', '::1', 'Mozilla/5.0 (Macintosh; Intel Mac OS X 10.9; rv:24.0) Gecko/20100101 Firefox/24.0', 1383232713, 'a:3:{s:9:\"user_data\";s:0:\"\";s:7:\"user_id\";s:2:\"15\";s:8:\"username\";s:10:\"tastyadmin\";}', '');
INSERT INTO ci_sessions (`session_id`, `ip_address`, `user_agent`, `last_activity`, `user_data`, `nearest_location`) VALUES ('06e3467a6174550b41b345074c251dc3', '172.16.251.219', 'Mozilla/5.0 (X11; Ubuntu; Linux x86_64; rv:26.0) Gecko/20100101 Firefox/26.0 FirePHP/0.7.4', 1387580659, 'a:1:{s:9:\"user_data\";s:0:\"\";}', '');
INSERT INTO ci_sessions (`session_id`, `ip_address`, `user_agent`, `last_activity`, `user_data`, `nearest_location`) VALUES ('08d32976c005c4a2ce78e185900c3cd0', '192.168.1.68', 'Mozilla/5.0 (X11; Ubuntu; Linux x86_64; rv:25.0) Gecko/20100101 Firefox/25.0', 1383595282, 'a:5:{s:9:\"user_data\";s:0:\"\";s:14:\"local_location\";a:3:{s:6:\"status\";s:2:\"OK\";s:4:\"data\";a:13:{s:11:\"location_id\";s:3:\"122\";s:13:\"location_name\";s:8:\"Lewisham\";s:18:\"location_address_1\";s:23:\"35 Lewisham High Street\";s:18:\"location_address_2\";s:0:\"\";s:13:\"location_city\";s:14:\"Greater London\";s:17:\"location_postcode\";s:8:\"SE13 7HS\";s:19:\"location_country_id\";s:3:\"222\";s:18:\"location_telephone\";s:11:\"02088279108\";s:12:\"location_lat\";s:9:\"51.461731\";s:12:\"location_lng\";s:9:\"-0.011749\";s:15:\"location_radius\";s:2:\"25\";s:15:\"location_status\";s:1:\"1\";s:8:\"distance\";s:16:\"1.96197567670463\";}s:13:\"opening_hours\";a:7:{i:0;a:3:{s:3:\"day\";s:6:\"Monday\";s:4:\"open\";s:5:\"11:00\";s:5:\"close\";s:5:\"23:00\";}i:1;a:3:{s:3:\"day\";s:7:\"Tuesday\";s:4:\"open\";s:5:\"11:00\";s:5:\"close\";s:5:\"23:00\";}i:2;a:3:{s:3:\"day\";s:9:\"Wednesday\";s:4:\"open\";s:5:\"11:00\";s:5:\"close\";s:5:\"23:00\";}i:3;a:3:{s:3:\"day\";s:8:\"Thursday\";s:4:\"open\";s:5:\"11:00\";s:5:\"close\";s:5:\"23:00\";}i:4;a:3:{s:3:\"day\";s:6:\"Friday\";s:4:\"open\";s:5:\"11:00\";s:5:\"close\";s:5:\"23:00\";}i:5;a:3:{s:3:\"day\";s:8:\"Saturday\";s:4:\"open\";s:5:\"11:00\";s:5:\"close\";s:5:\"23:00\";}i:6;a:3:{s:3:\"day\";s:6:\"Sunday\";s:4:\"open\";s:5:\"11:00\";s:5:\"close\";s:5:\"23:00\";}}}s:13:\"cart_contents\";a:5:{s:32:\"d77a7f842f12469f1b4f5ba877a8bccd\";a:7:{s:5:\"rowid\";s:32:\"d77a7f842f12469f1b4f5ba877a8bccd\";s:2:\"id\";s:2:\"26\";s:4:\"name\";s:12:\"STEAMED RICE\";s:3:\"qty\";s:1:\"7\";s:5:\"price\";s:5:\"80.00\";s:7:\"options\";a:1:{s:4:\"With\";s:25:\"Assorted Chicken: £10.00\";}s:8:\"subtotal\";d:560;}s:32:\"6364d3f0f495b6ab9dcf8d3b5c6e0b01\";a:7:{s:5:\"rowid\";s:32:\"6364d3f0f495b6ab9dcf8d3b5c6e0b01\";s:2:\"id\";s:2:\"32\";s:4:\"name\";s:10:\"SCOTCH EGG\";s:3:\"qty\";s:2:\"10\";s:5:\"price\";s:6:\"200.00\";s:7:\"options\";a:0:{}s:8:\"subtotal\";d:2000;}s:32:\"d593678a74ec93ac02bcf62841ff2832\";a:7:{s:5:\"rowid\";s:32:\"d593678a74ec93ac02bcf62841ff2832\";s:2:\"id\";s:2:\"33\";s:4:\"name\";s:11:\"JOLLOF RICE\";s:3:\"qty\";s:1:\"3\";s:5:\"price\";s:5:\"73.00\";s:7:\"options\";a:1:{s:4:\"With\";s:12:\"Meat: £3.00\";}s:8:\"subtotal\";d:219;}s:11:\"total_items\";i:20;s:10:\"cart_total\";d:2779;}s:11:\"customer_id\";s:2:\"31\";s:14:\"customer_email\";s:13:\"demo@demo.com\";}', '');
INSERT INTO ci_sessions (`session_id`, `ip_address`, `user_agent`, `last_activity`, `user_data`, `nearest_location`) VALUES ('09026e83b5f1986e6670a71147113963', '172.16.251.213', 'Mozilla/5.0 (X11; Ubuntu; Linux x86_64; rv:25.0) Gecko/20100101 Firefox/25.0 FirePHP/0.7.4', 1386530679, 'a:8:{s:9:\"user_data\";s:0:\"\";s:7:\"user_id\";s:2:\"15\";s:8:\"username\";s:10:\"tastyadmin\";s:14:\"local_location\";a:3:{s:6:\"status\";s:2:\"OK\";s:4:\"data\";a:13:{s:11:\"location_id\";s:3:\"117\";s:13:\"location_name\";s:7:\"Hackney\";s:18:\"location_address_1\";s:15:\"44 Darnley Road\";s:18:\"location_address_2\";s:0:\"\";s:13:\"location_city\";s:14:\"Greater London\";s:17:\"location_postcode\";s:6:\"E9 6QH\";s:19:\"location_country_id\";s:3:\"222\";s:18:\"location_telephone\";s:11:\"02088279103\";s:12:\"location_lat\";s:9:\"51.544060\";s:12:\"location_lng\";s:9:\"-0.053999\";s:15:\"location_radius\";s:2:\"25\";s:15:\"location_status\";s:1:\"1\";s:8:\"distance\";s:19:\"0.09871279804879186\";}s:13:\"opening_hours\";a:7:{i:0;a:3:{s:3:\"day\";s:6:\"Monday\";s:4:\"open\";s:5:\"06:00\";s:5:\"close\";s:5:\"23:00\";}i:1;a:3:{s:3:\"day\";s:7:\"Tuesday\";s:4:\"open\";s:5:\"06:00\";s:5:\"close\";s:5:\"23:00\";}i:2;a:3:{s:3:\"day\";s:9:\"Wednesday\";s:4:\"open\";s:5:\"06:00\";s:5:\"close\";s:5:\"23:00\";}i:3;a:3:{s:3:\"day\";s:8:\"Thursday\";s:4:\"open\";s:5:\"06:00\";s:5:\"close\";s:5:\"23:00\";}i:4;a:3:{s:3:\"day\";s:6:\"Friday\";s:4:\"open\";s:5:\"06:00\";s:5:\"close\";s:5:\"23:00\";}i:5;a:3:{s:3:\"day\";s:8:\"Saturday\";s:4:\"open\";s:5:\"06:00\";s:5:\"close\";s:5:\"23:00\";}i:6;a:3:{s:3:\"day\";s:6:\"Sunday\";s:4:\"open\";s:5:\"06:00\";s:5:\"close\";s:5:\"23:00\";}}}s:13:\"cart_contents\";a:6:{s:32:\"8e296a067a37563370ded05f5a3bf3ec\";a:7:{s:5:\"rowid\";s:32:\"8e296a067a37563370ded05f5a3bf3ec\";s:2:\"id\";s:2:\"25\";s:4:\"name\";s:4:\"BUNS\";s:3:\"qty\";s:1:\"1\";s:5:\"price\";s:6:\"100.00\";s:7:\"options\";a:0:{}s:8:\"subtotal\";d:100;}s:32:\"4e732ced3463d06de0ca9a15b6153677\";a:7:{s:5:\"rowid\";s:32:\"4e732ced3463d06de0ca9a15b6153677\";s:2:\"id\";s:2:\"26\";s:4:\"name\";s:12:\"STEAMED RICE\";s:3:\"qty\";s:1:\"1\";s:5:\"price\";s:5:\"70.00\";s:7:\"options\";a:0:{}s:8:\"subtotal\";d:70;}s:32:\"c16a5320fa475530d9583c34fd356ef5\";a:7:{s:5:\"rowid\";s:32:\"c16a5320fa475530d9583c34fd356ef5\";s:2:\"id\";s:2:\"31\";s:4:\"name\";s:9:\"CHIN-CHIN\";s:3:\"qty\";s:1:\"1\";s:5:\"price\";s:6:\"200.00\";s:7:\"options\";a:0:{}s:8:\"subtotal\";d:200;}s:32:\"4f01682a65927cf6e7cad108b33f285e\";a:7:{s:5:\"rowid\";s:32:\"4f01682a65927cf6e7cad108b33f285e\";s:2:\"id\";s:2:\"26\";s:4:\"name\";s:12:\"STEAMED RICE\";s:3:\"qty\";s:1:\"1\";s:5:\"price\";s:5:\"84.00\";s:7:\"options\";a:1:{s:4:\"With\";s:17:\"Chicken: €14.00\";}s:8:\"subtotal\";d:84;}s:11:\"total_items\";i:4;s:10:\"cart_total\";d:454;}s:11:\"customer_id\";s:2:\"23\";s:14:\"customer_email\";s:17:\"eesyboi@gmail.com\";s:13:\"order_details\";a:15:{s:17:\"order_location_id\";s:3:\"117\";s:17:\"order_customer_id\";s:2:\"23\";s:5:\"email\";s:17:\"eesyboi@gmail.com\";s:10:\"first_name\";s:3:\"Sam\";s:9:\"last_name\";s:3:\"Sam\";s:9:\"telephone\";s:7:\"1234567\";s:10:\"order_type\";i:1;s:10:\"order_time\";s:8:\"20:09:00\";s:10:\"date_added\";s:10:\"2013/12/08\";s:13:\"date_modified\";s:10:\"2013/12/08\";s:16:\"order_address_id\";i:26;s:11:\"order_total\";d:454;s:11:\"total_items\";i:4;s:10:\"ip_address\";s:14:\"172.16.251.213\";s:10:\"user_agent\";s:90:\"Mozilla/5.0 (X11; Ubuntu; Linux x86_64; rv:25.0) Gecko/20100101 Firefox/25.0 FirePHP/0.7.4\";}}', '');
INSERT INTO ci_sessions (`session_id`, `ip_address`, `user_agent`, `last_activity`, `user_data`, `nearest_location`) VALUES ('090f24c6998d86284b46a17641bfbab4', '192.168.1.81', 'Mozilla/5.0 (Macintosh; Intel Mac OS X 10.8; rv:23.0) Gecko/20100101 Firefox/23.0 FirePHP/0.7.2', 1378336255, 'a:2:{s:13:\"user_postcode\";s:7:\"se120ap\";s:14:\"local_location\";a:3:{s:6:\"status\";s:2:\"OK\";s:4:\"data\";a:13:{s:11:\"location_id\";s:3:\"122\";s:13:\"location_name\";s:8:\"Lewisham\";s:18:\"location_address_1\";s:23:\"35 Lewisham High Street\";s:18:\"location_address_2\";s:0:\"\";s:13:\"location_city\";s:14:\"Greater London\";s:17:\"location_postcode\";s:8:\"SE13 7HS\";s:19:\"location_country_id\";s:1:\"0\";s:18:\"location_telephone\";s:11:\"02088279108\";s:12:\"location_lat\";s:9:\"51.461731\";s:12:\"location_lng\";s:9:\"-0.011749\";s:15:\"location_radius\";s:2:\"25\";s:6:\"status\";s:1:\"0\";s:8:\"distance\";s:16:\"1.96197567670463\";}s:13:\"opening_hours\";a:7:{i:0;a:2:{s:3:\"day\";s:6:\"Monday\";s:4:\"time\";s:13:\"11:00 - 23:00\";}i:1;a:2:{s:3:\"day\";s:6:\"Tueday\";s:4:\"time\";s:13:\"11:00 - 23:00\";}i:2;a:2:{s:3:\"day\";s:9:\"Wednesday\";s:4:\"time\";s:13:\"11:00 - 23:00\";}i:3;a:2:{s:3:\"day\";s:8:\"Thursday\";s:4:\"time\";s:13:\"11:00 - 23:00\";}i:4;a:2:{s:3:\"day\";s:6:\"Friday\";s:4:\"time\";s:13:\"11:00 - 23:00\";}i:5;a:2:{s:3:\"day\";s:8:\"Saturday\";s:4:\"time\";s:13:\"11:00 - 23:00\";}i:6;a:2:{s:3:\"day\";s:6:\"Sunday\";s:4:\"time\";s:13:\"11:00 - 23:00\";}}}}', '');
INSERT INTO ci_sessions (`session_id`, `ip_address`, `user_agent`, `last_activity`, `user_data`, `nearest_location`) VALUES ('0b17e33ac293d052d97ae9057ea56cb0', '172.16.251.222', 'Mozilla/5.0 (X11; Ubuntu; Linux x86_64; rv:26.0) Gecko/20100101 Firefox/26.0 FirePHP/0.7.4', 1388001333, 'a:7:{s:9:\"user_data\";s:0:\"\";s:7:\"user_id\";s:2:\"15\";s:8:\"username\";s:10:\"tastyadmin\";s:14:\"local_location\";a:3:{s:6:\"status\";s:2:\"OK\";s:4:\"data\";a:18:{s:11:\"location_id\";s:3:\"122\";s:13:\"location_name\";s:8:\"Lewisham\";s:14:\"location_email\";s:0:\"\";s:18:\"location_address_1\";s:23:\"35 Lewisham High Street\";s:18:\"location_address_2\";s:0:\"\";s:13:\"location_city\";s:14:\"Greater London\";s:17:\"location_postcode\";s:8:\"SE13 7HS\";s:19:\"location_country_id\";s:3:\"222\";s:18:\"location_telephone\";s:11:\"02088279108\";s:12:\"location_lat\";s:9:\"51.461731\";s:12:\"location_lng\";s:9:\"-0.011749\";s:15:\"location_radius\";s:2:\"25\";s:14:\"offer_delivery\";s:1:\"0\";s:10:\"ready_time\";s:1:\"0\";s:15:\"delivery_charge\";s:4:\"0.00\";s:19:\"min_delivery_charge\";s:4:\"0.00\";s:15:\"location_status\";s:1:\"1\";s:8:\"distance\";s:18:\"1.9619756767046261\";}s:13:\"opening_hours\";a:7:{i:0;a:3:{s:3:\"day\";s:6:\"Monday\";s:4:\"open\";s:5:\"11:00\";s:5:\"close\";s:5:\"23:00\";}i:1;a:3:{s:3:\"day\";s:7:\"Tuesday\";s:4:\"open\";s:5:\"11:00\";s:5:\"close\";s:5:\"23:00\";}i:2;a:3:{s:3:\"day\";s:9:\"Wednesday\";s:4:\"open\";s:5:\"11:00\";s:5:\"close\";s:5:\"23:00\";}i:3;a:3:{s:3:\"day\";s:8:\"Thursday\";s:4:\"open\";s:5:\"11:00\";s:5:\"close\";s:5:\"23:00\";}i:4;a:3:{s:3:\"day\";s:6:\"Friday\";s:4:\"open\";s:5:\"11:00\";s:5:\"close\";s:5:\"23:00\";}i:5;a:3:{s:3:\"day\";s:8:\"Saturday\";s:4:\"open\";s:5:\"11:00\";s:5:\"close\";s:5:\"23:00\";}i:6;a:3:{s:3:\"day\";s:6:\"Sunday\";s:4:\"open\";s:5:\"11:00\";s:5:\"close\";s:5:\"23:00\";}}}s:13:\"cart_contents\";a:5:{s:32:\"6364d3f0f495b6ab9dcf8d3b5c6e0b01\";a:7:{s:5:\"rowid\";s:32:\"6364d3f0f495b6ab9dcf8d3b5c6e0b01\";s:2:\"id\";s:2:\"32\";s:4:\"name\";s:10:\"SCOTCH EGG\";s:3:\"qty\";s:1:\"1\";s:5:\"price\";s:6:\"200.00\";s:7:\"options\";a:0:{}s:8:\"subtotal\";d:200;}s:32:\"c16a5320fa475530d9583c34fd356ef5\";a:7:{s:5:\"rowid\";s:32:\"c16a5320fa475530d9583c34fd356ef5\";s:2:\"id\";s:2:\"31\";s:4:\"name\";s:9:\"CHIN-CHIN\";s:3:\"qty\";s:1:\"1\";s:5:\"price\";s:6:\"200.00\";s:7:\"options\";a:0:{}s:8:\"subtotal\";d:200;}s:32:\"8e296a067a37563370ded05f5a3bf3ec\";a:7:{s:5:\"rowid\";s:32:\"8e296a067a37563370ded05f5a3bf3ec\";s:2:\"id\";s:2:\"25\";s:4:\"name\";s:4:\"BUNS\";s:3:\"qty\";s:1:\"1\";s:5:\"price\";s:6:\"100.00\";s:7:\"options\";a:0:{}s:8:\"subtotal\";d:100;}s:11:\"total_items\";i:3;s:10:\"cart_total\";d:500;}s:11:\"customer_id\";s:2:\"31\";s:14:\"customer_email\";s:13:\"demo@demo.com\";}', '');
INSERT INTO ci_sessions (`session_id`, `ip_address`, `user_agent`, `last_activity`, `user_data`, `nearest_location`) VALUES ('0c5e6bfb9f3b4da2736f042673ff6b39', '172.16.251.219', 'Mozilla/5.0 (X11; Ubuntu; Linux x86_64; rv:26.0) Gecko/20100101 Firefox/26.0 FirePHP/0.7.4', 1387590654, 'a:6:{s:9:\"user_data\";s:0:\"\";s:13:\"table_details\";a:6:{s:8:\"postcode\";s:20:\"Earling - 1.73 miles\";s:11:\"location_id\";s:3:\"116\";s:9:\"guest_num\";s:1:\"2\";s:12:\"reserve_date\";s:10:\"2013-12-31\";s:12:\"reserve_time\";s:8:\"15:00:00\";s:8:\"occasion\";s:1:\"3\";}s:11:\"customer_id\";s:2:\"31\";s:14:\"customer_email\";s:13:\"demo@demo.com\";s:14:\"local_location\";a:3:{s:6:\"status\";s:2:\"OK\";s:4:\"data\";a:13:{s:11:\"location_id\";s:3:\"135\";s:13:\"location_name\";s:22:\"Excel Local Restaurant\";s:18:\"location_address_1\";s:17:\"1 Western Gateway\";s:18:\"location_address_2\";s:19:\"Royal Victoria Dock\";s:13:\"location_city\";s:14:\"Greater London\";s:17:\"location_postcode\";s:7:\"E16 1XL\";s:19:\"location_country_id\";s:3:\"222\";s:18:\"location_telephone\";s:11:\"02088279114\";s:12:\"location_lat\";s:9:\"51.508492\";s:12:\"location_lng\";s:8:\"0.025040\";s:15:\"location_radius\";s:2:\"25\";s:15:\"location_status\";s:1:\"1\";s:8:\"distance\";s:19:\"0.09233552063599738\";}s:13:\"opening_hours\";a:7:{i:0;a:3:{s:3:\"day\";s:6:\"Monday\";s:4:\"open\";s:5:\"00:00\";s:5:\"close\";s:5:\"23:59\";}i:1;a:3:{s:3:\"day\";s:7:\"Tuesday\";s:4:\"open\";s:5:\"00:00\";s:5:\"close\";s:5:\"23:59\";}i:2;a:3:{s:3:\"day\";s:9:\"Wednesday\";s:4:\"open\";s:5:\"00:00\";s:5:\"close\";s:5:\"23:59\";}i:3;a:3:{s:3:\"day\";s:8:\"Thursday\";s:4:\"open\";s:5:\"00:00\";s:5:\"close\";s:5:\"23:59\";}i:4;a:3:{s:3:\"day\";s:6:\"Friday\";s:4:\"open\";s:5:\"00:00\";s:5:\"close\";s:5:\"23:59\";}i:5;a:3:{s:3:\"day\";s:8:\"Saturday\";s:4:\"open\";s:5:\"00:00\";s:5:\"close\";s:5:\"23:59\";}i:6;a:3:{s:3:\"day\";s:6:\"Sunday\";s:4:\"open\";s:5:\"00:00\";s:5:\"close\";s:5:\"23:59\";}}}s:13:\"cart_contents\";a:5:{s:32:\"c16a5320fa475530d9583c34fd356ef5\";a:7:{s:5:\"rowid\";s:32:\"c16a5320fa475530d9583c34fd356ef5\";s:2:\"id\";s:2:\"31\";s:4:\"name\";s:9:\"CHIN-CHIN\";s:3:\"qty\";s:1:\"3\";s:5:\"price\";s:6:\"200.00\";s:7:\"options\";a:0:{}s:8:\"subtotal\";d:600;}s:32:\"9a1158154dfa42caddbd0694a4e9bdc8\";a:7:{s:5:\"rowid\";s:32:\"9a1158154dfa42caddbd0694a4e9bdc8\";s:2:\"id\";s:2:\"52\";s:4:\"name\";s:13:\"Spinach Salad\";s:3:\"qty\";s:1:\"5\";s:5:\"price\";s:4:\"3.00\";s:7:\"options\";a:0:{}s:8:\"subtotal\";d:15;}s:32:\"d82c8d1619ad8176d665453cfb2e55f0\";a:7:{s:5:\"rowid\";s:32:\"d82c8d1619ad8176d665453cfb2e55f0\";s:2:\"id\";s:2:\"53\";s:4:\"name\";s:13:\"Seafood Salad\";s:3:\"qty\";s:1:\"5\";s:5:\"price\";s:4:\"3.00\";s:7:\"options\";a:0:{}s:8:\"subtotal\";d:15;}s:11:\"total_items\";i:13;s:10:\"cart_total\";d:630;}}', '');
INSERT INTO ci_sessions (`session_id`, `ip_address`, `user_agent`, `last_activity`, `user_data`, `nearest_location`) VALUES ('0e0ae1928281333cd325214563f14407', '192.168.1.81', 'Mozilla/5.0 (Macintosh; Intel Mac OS X 10.9; rv:24.0) Gecko/20100101 Firefox/24.0', 1383232856, 'a:1:{s:9:\"user_data\";s:0:\"\";}', '');
INSERT INTO ci_sessions (`session_id`, `ip_address`, `user_agent`, `last_activity`, `user_data`, `nearest_location`) VALUES ('0ed903d63f19b4e6ca93008949fe6c10', '::1', 'Mozilla/5.0 (Macintosh; Intel Mac OS X 10.8; rv:23.0) Gecko/20100101 Firefox/23.0 FirePHP/0.7.4', 1379554408, 'a:7:{s:7:\"user_id\";s:2:\"15\";s:8:\"username\";s:10:\"tastyadmin\";s:14:\"local_location\";a:3:{s:6:\"status\";s:2:\"OK\";s:4:\"data\";a:13:{s:11:\"location_id\";s:3:\"135\";s:13:\"location_name\";s:5:\"Excel\";s:18:\"location_address_1\";s:17:\"1 Western Gateway\";s:18:\"location_address_2\";s:19:\"Royal Victoria Dock\";s:13:\"location_city\";s:14:\"Greater London\";s:17:\"location_postcode\";s:7:\"E16 1XL\";s:19:\"location_country_id\";s:3:\"222\";s:18:\"location_telephone\";s:11:\"02088279114\";s:12:\"location_lat\";s:9:\"51.508492\";s:12:\"location_lng\";s:8:\"0.025040\";s:15:\"location_radius\";s:2:\"25\";s:6:\"status\";s:1:\"0\";s:8:\"distance\";s:18:\"0.0923355206359974\";}s:13:\"opening_hours\";a:7:{i:0;a:3:{s:3:\"day\";s:6:\"Monday\";s:4:\"open\";s:5:\"01:00\";s:5:\"close\";s:5:\"23:59\";}i:1;a:3:{s:3:\"day\";s:7:\"Tuesday\";s:4:\"open\";s:5:\"01:00\";s:5:\"close\";s:5:\"23:59\";}i:2;a:3:{s:3:\"day\";s:9:\"Wednesday\";s:4:\"open\";s:5:\"01:00\";s:5:\"close\";s:5:\"23:59\";}i:3;a:3:{s:3:\"day\";s:8:\"Thursday\";s:4:\"open\";s:5:\"01:00\";s:5:\"close\";s:5:\"23:59\";}i:4;a:3:{s:3:\"day\";s:6:\"Friday\";s:4:\"open\";s:5:\"01:00\";s:5:\"close\";s:5:\"23:59\";}i:5;a:3:{s:3:\"day\";s:8:\"Saturday\";s:4:\"open\";s:5:\"01:00\";s:5:\"close\";s:5:\"23:59\";}i:6;a:3:{s:3:\"day\";s:6:\"Sunday\";s:4:\"open\";s:5:\"01:00\";s:5:\"close\";s:5:\"23:59\";}}}s:11:\"customer_id\";s:2:\"29\";s:14:\"customer_email\";s:17:\"eesyboii@live.com\";s:13:\"cart_contents\";a:3:{s:32:\"bff0904a91cde6b0e2615f5543a27052\";a:7:{s:5:\"rowid\";s:32:\"bff0904a91cde6b0e2615f5543a27052\";s:2:\"id\";s:4:\"SP31\";s:4:\"name\";s:24:\"Grilled Halibut On Fruit\";s:3:\"qty\";s:1:\"1\";s:5:\"price\";s:5:\"20.00\";s:7:\"options\";a:0:{}s:8:\"subtotal\";d:20;}s:11:\"total_items\";i:1;s:10:\"cart_total\";d:20;}s:15:\"flash:old:alert\";s:26:\"Order Updated Sucessfully!\";}', '');
INSERT INTO ci_sessions (`session_id`, `ip_address`, `user_agent`, `last_activity`, `user_data`, `nearest_location`) VALUES ('0ef138f9108d867aeb6f0bc79e0b38ad', '192.168.1.81', 'Mozilla/5.0 (X11; Ubuntu; Linux x86_64; rv:24.0) Gecko/20100101 Firefox/24.0', 1382446918, 'a:4:{s:9:\"user_data\";s:0:\"\";s:13:\"cart_contents\";a:3:{s:32:\"43cd439280035f6af42c4f2b96fda0f4\";a:7:{s:5:\"rowid\";s:32:\"43cd439280035f6af42c4f2b96fda0f4\";s:2:\"id\";s:6:\"mnu_33\";s:4:\"name\";s:11:\"JOLLOF RICE\";s:3:\"qty\";s:1:\"1\";s:5:\"price\";s:5:\"70.00\";s:7:\"options\";a:0:{}s:8:\"subtotal\";d:70;}s:11:\"total_items\";i:1;s:10:\"cart_total\";d:70;}s:7:\"user_id\";s:2:\"15\";s:8:\"username\";s:10:\"tastyadmin\";}', '');
INSERT INTO ci_sessions (`session_id`, `ip_address`, `user_agent`, `last_activity`, `user_data`, `nearest_location`) VALUES ('0f05f9ca6eb94448d2077e6907ab4fe3', '::1', 'Mozilla/5.0 (Macintosh; Intel Mac OS X 10.8; rv:23.0) Gecko/20100101 Firefox/23.0', 1377450274, 'a:6:{s:11:\"location_id\";s:3:\"122\";s:11:\"user_latlag\";s:19:\"51.446708/0.0175553\";s:7:\"user_id\";s:2:\"15\";s:8:\"username\";s:10:\"tastyadmin\";s:13:\"user_postcode\";s:8:\"lewisham\";s:14:\"local_location\";a:3:{s:6:\"status\";s:2:\"OK\";s:4:\"data\";a:13:{s:11:\"location_id\";s:3:\"122\";s:13:\"location_name\";s:8:\"Lewisham\";s:18:\"location_address_1\";s:23:\"35 Lewisham High Street\";s:18:\"location_address_2\";s:0:\"\";s:13:\"location_city\";s:14:\"Greater London\";s:17:\"location_postcode\";s:8:\"SE13 7HS\";s:19:\"location_country_id\";s:1:\"0\";s:18:\"location_telephone\";s:11:\"02088279108\";s:12:\"location_lat\";s:9:\"51.461731\";s:12:\"location_lng\";s:9:\"-0.011749\";s:15:\"location_radius\";s:2:\"25\";s:6:\"status\";s:1:\"0\";s:8:\"distance\";s:18:\"0.0271482559074328\";}s:13:\"opening_hours\";a:7:{i:0;a:2:{s:3:\"day\";s:6:\"Monday\";s:4:\"time\";s:13:\"11:00 - 23:00\";}i:1;a:2:{s:3:\"day\";s:6:\"Tueday\";s:4:\"time\";s:13:\"11:00 - 23:00\";}i:2;a:2:{s:3:\"day\";s:9:\"Wednesday\";s:4:\"time\";s:13:\"11:00 - 23:00\";}i:3;a:2:{s:3:\"day\";s:8:\"Thursday\";s:4:\"time\";s:13:\"11:00 - 23:00\";}i:4;a:2:{s:3:\"day\";s:6:\"Friday\";s:4:\"time\";s:13:\"11:00 - 23:00\";}i:5;a:2:{s:3:\"day\";s:8:\"Saturday\";s:4:\"time\";s:13:\"11:00 - 23:00\";}i:6;a:2:{s:3:\"day\";s:6:\"Sunday\";s:4:\"time\";s:13:\"11:00 - 23:00\";}}}}', '');
INSERT INTO ci_sessions (`session_id`, `ip_address`, `user_agent`, `last_activity`, `user_data`, `nearest_location`) VALUES ('102f9b90a68c40487dddc0ed14a9b08e', '172.16.251.218', 'Mozilla/5.0 (X11; Ubuntu; Linux x86_64; rv:26.0) Gecko/20100101 Firefox/26.0 FirePHP/0.7.4', 1387419661, 'a:1:{s:9:\"user_data\";s:0:\"\";}', '');
INSERT INTO ci_sessions (`session_id`, `ip_address`, `user_agent`, `last_activity`, `user_data`, `nearest_location`) VALUES ('11e263bd53843b57e5cbcf73ca2fc512', '172.16.251.200', 'Mozilla/5.0 (X11; Ubuntu; Linux x86_64; rv:25.0) Gecko/20100101 Firefox/25.0', 1385659219, 'a:1:{s:9:\"user_data\";s:0:\"\";}', '');
INSERT INTO ci_sessions (`session_id`, `ip_address`, `user_agent`, `last_activity`, `user_data`, `nearest_location`) VALUES ('1211c495b933289280f8581830b037be', '172.16.251.219', 'Mozilla/5.0 (X11; Ubuntu; Linux x86_64; rv:26.0) Gecko/20100101 Firefox/26.0 FirePHP/0.7.4', 1387578384, 'a:1:{s:9:\"user_data\";s:0:\"\";}', '');
INSERT INTO ci_sessions (`session_id`, `ip_address`, `user_agent`, `last_activity`, `user_data`, `nearest_location`) VALUES ('1237a7921af7214941d58ab0d0bddecd', '172.16.251.214', 'Mozilla/5.0 (X11; Ubuntu; Linux x86_64; rv:26.0) Gecko/20100101 Firefox/26.0 FirePHP/0.7.4', 1387066666, 'a:7:{s:9:\"user_data\";s:0:\"\";s:7:\"user_id\";s:2:\"15\";s:8:\"username\";s:10:\"tastyadmin\";s:13:\"cart_contents\";a:6:{s:32:\"072b030ba126b2f4b2374f342be9ed44\";a:7:{s:5:\"rowid\";s:32:\"072b030ba126b2f4b2374f342be9ed44\";s:2:\"id\";s:2:\"60\";s:4:\"name\";s:47:\"SAUTEED CATFISH FILLET WITH RICE AND VEGETABLES\";s:3:\"qty\";s:1:\"1\";s:5:\"price\";s:5:\"30.00\";s:7:\"options\";a:0:{}s:8:\"subtotal\";d:30;}s:32:\"4e732ced3463d06de0ca9a15b6153677\";a:7:{s:5:\"rowid\";s:32:\"4e732ced3463d06de0ca9a15b6153677\";s:2:\"id\";s:2:\"26\";s:4:\"name\";s:12:\"STEAMED RICE\";s:3:\"qty\";s:1:\"1\";s:5:\"price\";s:5:\"14.00\";s:7:\"options\";a:0:{}s:8:\"subtotal\";d:14;}s:32:\"c16a5320fa475530d9583c34fd356ef5\";a:7:{s:5:\"rowid\";s:32:\"c16a5320fa475530d9583c34fd356ef5\";s:2:\"id\";s:2:\"31\";s:4:\"name\";s:9:\"CHIN-CHIN\";s:3:\"qty\";s:1:\"1\";s:5:\"price\";s:6:\"200.00\";s:7:\"options\";a:0:{}s:8:\"subtotal\";d:200;}s:32:\"8e296a067a37563370ded05f5a3bf3ec\";a:7:{s:5:\"rowid\";s:32:\"8e296a067a37563370ded05f5a3bf3ec\";s:2:\"id\";s:2:\"25\";s:4:\"name\";s:4:\"BUNS\";s:3:\"qty\";s:1:\"1\";s:5:\"price\";s:6:\"100.00\";s:7:\"options\";a:0:{}s:8:\"subtotal\";d:100;}s:11:\"total_items\";i:4;s:10:\"cart_total\";d:344;}s:11:\"customer_id\";s:2:\"31\";s:14:\"customer_email\";s:13:\"demo@demo.com\";s:14:\"local_location\";a:3:{s:6:\"status\";s:2:\"OK\";s:4:\"data\";a:13:{s:11:\"location_id\";s:3:\"115\";s:13:\"location_name\";s:6:\"Harrow\";s:18:\"location_address_1\";s:13:\"14 Lime Close\";s:18:\"location_address_2\";s:0:\"\";s:13:\"location_city\";s:14:\"Greater London\";s:17:\"location_postcode\";s:7:\"HA3 7JD\";s:19:\"location_country_id\";s:3:\"222\";s:18:\"location_telephone\";s:11:\"02088279101\";s:12:\"location_lat\";s:9:\"51.600262\";s:12:\"location_lng\";s:9:\"-0.325915\";s:15:\"location_radius\";s:2:\"25\";s:15:\"location_status\";s:1:\"1\";s:8:\"distance\";s:18:\"0.5223584785177914\";}s:13:\"opening_hours\";a:7:{i:0;a:3:{s:3:\"day\";s:6:\"Monday\";s:4:\"open\";s:5:\"11:00\";s:5:\"close\";s:5:\"23:00\";}i:1;a:3:{s:3:\"day\";s:7:\"Tuesday\";s:4:\"open\";s:5:\"11:00\";s:5:\"close\";s:5:\"23:00\";}i:2;a:3:{s:3:\"day\";s:9:\"Wednesday\";s:4:\"open\";s:5:\"11:00\";s:5:\"close\";s:5:\"23:00\";}i:3;a:3:{s:3:\"day\";s:8:\"Thursday\";s:4:\"open\";s:5:\"11:00\";s:5:\"close\";s:5:\"23:00\";}i:4;a:3:{s:3:\"day\";s:6:\"Friday\";s:4:\"open\";s:5:\"11:00\";s:5:\"close\";s:5:\"23:00\";}i:5;a:3:{s:3:\"day\";s:8:\"Saturday\";s:4:\"open\";s:5:\"11:00\";s:5:\"close\";s:5:\"23:00\";}i:6;a:3:{s:3:\"day\";s:6:\"Sunday\";s:4:\"open\";s:5:\"11:00\";s:5:\"close\";s:5:\"23:00\";}}}}', '');
INSERT INTO ci_sessions (`session_id`, `ip_address`, `user_agent`, `last_activity`, `user_data`, `nearest_location`) VALUES ('125304144966b8bcb6ebadc9335edc92', '172.16.251.215', 'Mozilla/5.0 (X11; Ubuntu; Linux x86_64; rv:26.0) Gecko/20100101 Firefox/26.0 FirePHP/0.7.4', 1387316001, 'a:1:{s:9:\"user_data\";s:0:\"\";}', '');
INSERT INTO ci_sessions (`session_id`, `ip_address`, `user_agent`, `last_activity`, `user_data`, `nearest_location`) VALUES ('13ad9a29a702f31f1a950eb684c86894', '172.16.251.213', 'Mozilla/5.0 (X11; Ubuntu; Linux x86_64; rv:25.0) Gecko/20100101 Firefox/25.0 FirePHP/0.7.4', 1386517707, 'a:1:{s:9:\"user_data\";s:0:\"\";}', '');
INSERT INTO ci_sessions (`session_id`, `ip_address`, `user_agent`, `last_activity`, `user_data`, `nearest_location`) VALUES ('14052f3ec3d654299a7971e44d40d87b', '172.16.251.215', 'Mozilla/5.0 (X11; Ubuntu; Linux x86_64; rv:26.0) Gecko/20100101 Firefox/26.0 FirePHP/0.7.4', 1387315246, 'a:1:{s:9:\"user_data\";s:0:\"\";}', '');
INSERT INTO ci_sessions (`session_id`, `ip_address`, `user_agent`, `last_activity`, `user_data`, `nearest_location`) VALUES ('1452e945ca96141f86b06e67c03b7302', '172.16.251.215', 'Mozilla/5.0 (X11; Ubuntu; Linux x86_64; rv:26.0) Gecko/20100101 Firefox/26.0 FirePHP/0.7.4', 1387317190, 'a:1:{s:9:\"user_data\";s:0:\"\";}', '');
INSERT INTO ci_sessions (`session_id`, `ip_address`, `user_agent`, `last_activity`, `user_data`, `nearest_location`) VALUES ('16b197d2f75b135be1225fd697d55a3c', '221.120.202.246', 'Mozilla/5.0 (Windows NT 5.1) AppleWebKit/537.31 (KHTML, like Gecko) Chrome/26.0.1410.64 Safari/537.31', 1378504633, '', '');
INSERT INTO ci_sessions (`session_id`, `ip_address`, `user_agent`, `last_activity`, `user_data`, `nearest_location`) VALUES ('16e93f1917f780639bc567333b5e0f92', '172.16.251.215', 'Mozilla/5.0 (X11; Ubuntu; Linux x86_64; rv:26.0) Gecko/20100101 Firefox/26.0 FirePHP/0.7.4', 1387317162, 'a:1:{s:9:\"user_data\";s:0:\"\";}', '');
INSERT INTO ci_sessions (`session_id`, `ip_address`, `user_agent`, `last_activity`, `user_data`, `nearest_location`) VALUES ('16eaf69742d1322ac5fa4b062bc7e593', '::1', 'Mozilla/5.0 (Macintosh; Intel Mac OS X 10.8; rv:24.0) Gecko/20100101 Firefox/24.0 FirePHP/0.7.4', 1382100924, 'a:7:{s:9:\"user_data\";s:0:\"\";s:13:\"cart_contents\";a:6:{s:32:\"e4170c1f0db1c468ee6bc524f46bb653\";a:7:{s:5:\"rowid\";s:32:\"e4170c1f0db1c468ee6bc524f46bb653\";s:2:\"id\";s:5:\"spl_7\";s:4:\"name\";s:16:\"Amala With Ewedu\";s:3:\"qty\";s:2:\"90\";s:5:\"price\";s:5:\"20.00\";s:7:\"options\";a:0:{}s:8:\"subtotal\";d:1800;}s:32:\"0ee59dc81985547fd2827a6f02476ea9\";a:7:{s:5:\"rowid\";s:32:\"0ee59dc81985547fd2827a6f02476ea9\";s:2:\"id\";s:6:\"mnu_31\";s:4:\"name\";s:9:\"CHIN-CHIN\";s:3:\"qty\";s:1:\"1\";s:5:\"price\";s:6:\"200.00\";s:7:\"options\";a:0:{}s:8:\"subtotal\";d:200;}s:32:\"77fd097557ef342274ad50bf72903a50\";a:7:{s:5:\"rowid\";s:32:\"77fd097557ef342274ad50bf72903a50\";s:2:\"id\";s:6:\"mnu_25\";s:4:\"name\";s:4:\"BUNS\";s:3:\"qty\";s:1:\"1\";s:5:\"price\";s:6:\"100.00\";s:7:\"options\";a:0:{}s:8:\"subtotal\";d:100;}s:32:\"9d2955646b606c74c02c8af3a1020b85\";a:7:{s:5:\"rowid\";s:32:\"9d2955646b606c74c02c8af3a1020b85\";s:2:\"id\";s:6:\"mnu_26\";s:4:\"name\";s:12:\"STEAMED RICE\";s:3:\"qty\";s:1:\"1\";s:5:\"price\";s:5:\"73.00\";s:7:\"options\";a:1:{s:4:\"With\";s:12:\"Meat: £3.00\";}s:8:\"subtotal\";d:73;}s:11:\"total_items\";i:93;s:10:\"cart_total\";d:2173;}s:7:\"user_id\";s:2:\"15\";s:8:\"username\";s:10:\"tastyadmin\";s:11:\"customer_id\";s:2:\"29\";s:14:\"customer_email\";s:17:\"eesyboii@live.com\";s:14:\"local_location\";a:3:{s:6:\"status\";s:2:\"OK\";s:4:\"data\";a:13:{s:11:\"location_id\";s:3:\"135\";s:13:\"location_name\";s:22:\"Excel Local Restaurant\";s:18:\"location_address_1\";s:17:\"1 Western Gateway\";s:18:\"location_address_2\";s:19:\"Royal Victoria Dock\";s:13:\"location_city\";s:14:\"Greater London\";s:17:\"location_postcode\";s:7:\"E16 1XL\";s:19:\"location_country_id\";s:3:\"222\";s:18:\"location_telephone\";s:11:\"02088279114\";s:12:\"location_lat\";s:9:\"51.508492\";s:12:\"location_lng\";s:8:\"0.025040\";s:15:\"location_radius\";s:2:\"25\";s:6:\"status\";s:1:\"0\";s:8:\"distance\";s:18:\"0.0923355206359974\";}s:13:\"opening_hours\";a:7:{i:0;a:3:{s:3:\"day\";s:6:\"Monday\";s:4:\"open\";s:5:\"00:00\";s:5:\"close\";s:5:\"23:59\";}i:1;a:3:{s:3:\"day\";s:7:\"Tuesday\";s:4:\"open\";s:5:\"00:00\";s:5:\"close\";s:5:\"23:59\";}i:2;a:3:{s:3:\"day\";s:9:\"Wednesday\";s:4:\"open\";s:5:\"00:00\";s:5:\"close\";s:5:\"23:59\";}i:3;a:3:{s:3:\"day\";s:8:\"Thursday\";s:4:\"open\";s:5:\"00:00\";s:5:\"close\";s:5:\"23:59\";}i:4;a:3:{s:3:\"day\";s:6:\"Friday\";s:4:\"open\";s:5:\"00:00\";s:5:\"close\";s:5:\"23:59\";}i:5;a:3:{s:3:\"day\";s:8:\"Saturday\";s:4:\"open\";s:5:\"00:00\";s:5:\"close\";s:5:\"23:59\";}i:6;a:3:{s:3:\"day\";s:6:\"Sunday\";s:4:\"open\";s:5:\"00:00\";s:5:\"close\";s:5:\"23:59\";}}}}', '');
INSERT INTO ci_sessions (`session_id`, `ip_address`, `user_agent`, `last_activity`, `user_data`, `nearest_location`) VALUES ('173c9f31f849d11ca432fb37deed4685', '172.16.251.219', 'Mozilla/5.0 (X11; Ubuntu; Linux x86_64; rv:26.0) Gecko/20100101 Firefox/26.0 FirePHP/0.7.4', 1387586105, 'a:1:{s:9:\"user_data\";s:0:\"\";}', '');
INSERT INTO ci_sessions (`session_id`, `ip_address`, `user_agent`, `last_activity`, `user_data`, `nearest_location`) VALUES ('1741ba2d708a5734facf37662dcd4166', '192.168.1.81', 'Mozilla/5.0 (X11; Ubuntu; Linux x86_64; rv:24.0) Gecko/20100101 Firefox/24.0', 1382737337, 'a:5:{s:9:\"user_data\";s:0:\"\";s:7:\"user_id\";s:2:\"15\";s:8:\"username\";s:10:\"tastyadmin\";s:13:\"cart_contents\";a:5:{s:32:\"0ee59dc81985547fd2827a6f02476ea9\";a:7:{s:5:\"rowid\";s:32:\"0ee59dc81985547fd2827a6f02476ea9\";s:2:\"id\";s:6:\"mnu_31\";s:4:\"name\";s:9:\"CHIN-CHIN\";s:3:\"qty\";s:1:\"1\";s:5:\"price\";s:6:\"200.00\";s:7:\"options\";a:0:{}s:8:\"subtotal\";d:200;}s:32:\"3d9d87c3a4d83f48c3bc2cd70f75095a\";a:7:{s:5:\"rowid\";s:32:\"3d9d87c3a4d83f48c3bc2cd70f75095a\";s:2:\"id\";s:6:\"mnu_26\";s:4:\"name\";s:12:\"STEAMED RICE\";s:3:\"qty\";s:1:\"1\";s:5:\"price\";s:5:\"70.00\";s:7:\"options\";a:0:{}s:8:\"subtotal\";d:70;}s:32:\"77fd097557ef342274ad50bf72903a50\";a:7:{s:5:\"rowid\";s:32:\"77fd097557ef342274ad50bf72903a50\";s:2:\"id\";s:6:\"mnu_25\";s:4:\"name\";s:4:\"BUNS\";s:3:\"qty\";s:1:\"1\";s:5:\"price\";s:6:\"100.00\";s:7:\"options\";a:0:{}s:8:\"subtotal\";d:100;}s:11:\"total_items\";i:3;s:10:\"cart_total\";d:370;}s:14:\"local_location\";a:3:{s:6:\"status\";s:2:\"OK\";s:4:\"data\";a:13:{s:11:\"location_id\";s:3:\"122\";s:13:\"location_name\";s:8:\"Lewisham\";s:18:\"location_address_1\";s:23:\"35 Lewisham High Street\";s:18:\"location_address_2\";s:0:\"\";s:13:\"location_city\";s:14:\"Greater London\";s:17:\"location_postcode\";s:8:\"SE13 7HS\";s:19:\"location_country_id\";s:3:\"222\";s:18:\"location_telephone\";s:11:\"02088279108\";s:12:\"location_lat\";s:9:\"51.461731\";s:12:\"location_lng\";s:9:\"-0.011749\";s:15:\"location_radius\";s:2:\"25\";s:15:\"location_status\";s:1:\"1\";s:8:\"distance\";s:16:\"1.96197567670463\";}s:13:\"opening_hours\";a:7:{i:0;a:3:{s:3:\"day\";s:6:\"Monday\";s:4:\"open\";s:5:\"11:00\";s:5:\"close\";s:5:\"23:00\";}i:1;a:3:{s:3:\"day\";s:7:\"Tuesday\";s:4:\"open\";s:5:\"11:00\";s:5:\"close\";s:5:\"23:00\";}i:2;a:3:{s:3:\"day\";s:9:\"Wednesday\";s:4:\"open\";s:5:\"11:00\";s:5:\"close\";s:5:\"23:00\";}i:3;a:3:{s:3:\"day\";s:8:\"Thursday\";s:4:\"open\";s:5:\"11:00\";s:5:\"close\";s:5:\"23:00\";}i:4;a:3:{s:3:\"day\";s:6:\"Friday\";s:4:\"open\";s:5:\"11:00\";s:5:\"close\";s:5:\"23:00\";}i:5;a:3:{s:3:\"day\";s:8:\"Saturday\";s:4:\"open\";s:5:\"11:00\";s:5:\"close\";s:5:\"23:00\";}i:6;a:3:{s:3:\"day\";s:6:\"Sunday\";s:4:\"open\";s:5:\"11:00\";s:5:\"close\";s:5:\"23:00\";}}}}', '');
INSERT INTO ci_sessions (`session_id`, `ip_address`, `user_agent`, `last_activity`, `user_data`, `nearest_location`) VALUES ('1827649d2f2f5345869c7e9616a06c69', '192.168.1.81', 'Mozilla/5.0 (X11; Ubuntu; Linux x86_64; rv:25.0) Gecko/20100101 Firefox/25.0', 1383611284, 'a:6:{s:9:\"user_data\";s:0:\"\";s:7:\"user_id\";s:2:\"15\";s:8:\"username\";s:10:\"tastyadmin\";s:11:\"customer_id\";s:2:\"31\";s:14:\"customer_email\";s:13:\"demo@demo.com\";s:13:\"cart_contents\";a:6:{s:32:\"182be0c5cdcd5072bb1864cdee4d3d6e\";a:7:{s:5:\"rowid\";s:32:\"182be0c5cdcd5072bb1864cdee4d3d6e\";s:2:\"id\";s:2:\"33\";s:4:\"name\";s:11:\"JOLLOF RICE\";s:3:\"qty\";s:2:\"20\";s:5:\"price\";s:5:\"70.00\";s:7:\"options\";a:0:{}s:8:\"subtotal\";d:1400;}s:32:\"072b030ba126b2f4b2374f342be9ed44\";a:7:{s:5:\"rowid\";s:32:\"072b030ba126b2f4b2374f342be9ed44\";s:2:\"id\";s:2:\"60\";s:4:\"name\";s:47:\"SAUTEED CATFISH FILLET WITH RICE AND VEGETABLES\";s:3:\"qty\";s:2:\"10\";s:5:\"price\";s:5:\"20.00\";s:7:\"options\";a:0:{}s:8:\"subtotal\";d:200;}s:32:\"6364d3f0f495b6ab9dcf8d3b5c6e0b01\";a:7:{s:5:\"rowid\";s:32:\"6364d3f0f495b6ab9dcf8d3b5c6e0b01\";s:2:\"id\";s:2:\"32\";s:4:\"name\";s:10:\"SCOTCH EGG\";s:3:\"qty\";s:1:\"6\";s:5:\"price\";s:6:\"200.00\";s:7:\"options\";a:0:{}s:8:\"subtotal\";d:1200;}s:32:\"4e732ced3463d06de0ca9a15b6153677\";a:7:{s:5:\"rowid\";s:32:\"4e732ced3463d06de0ca9a15b6153677\";s:2:\"id\";s:2:\"26\";s:4:\"name\";s:12:\"STEAMED RICE\";s:3:\"qty\";s:1:\"9\";s:5:\"price\";s:5:\"70.00\";s:7:\"options\";a:0:{}s:8:\"subtotal\";d:630;}s:11:\"total_items\";i:45;s:10:\"cart_total\";d:3430;}}', '');
INSERT INTO ci_sessions (`session_id`, `ip_address`, `user_agent`, `last_activity`, `user_data`, `nearest_location`) VALUES ('184dc30f91b29548546153d7662bc802', '172.16.251.215', 'Mozilla/5.0 (X11; Ubuntu; Linux x86_64; rv:26.0) Gecko/20100101 Firefox/26.0 FirePHP/0.7.4', 1387313810, 'a:1:{s:9:\"user_data\";s:0:\"\";}', '');
INSERT INTO ci_sessions (`session_id`, `ip_address`, `user_agent`, `last_activity`, `user_data`, `nearest_location`) VALUES ('184efcc4f73c2f95626450c822e3a207', '172.16.251.186', 'Mozilla/5.0 (X11; Ubuntu; Linux x86_64; rv:25.0) Gecko/20100101 Firefox/25.0 FirePHP/0.7.4', 1384292658, 'a:6:{s:9:\"user_data\";s:0:\"\";s:14:\"local_location\";a:3:{s:6:\"status\";s:2:\"OK\";s:4:\"data\";a:13:{s:11:\"location_id\";s:3:\"117\";s:13:\"location_name\";s:7:\"Hackney\";s:18:\"location_address_1\";s:15:\"44 Darnley Road\";s:18:\"location_address_2\";s:0:\"\";s:13:\"location_city\";s:14:\"Greater London\";s:17:\"location_postcode\";s:6:\"E9 6QH\";s:19:\"location_country_id\";s:3:\"222\";s:18:\"location_telephone\";s:11:\"02088279103\";s:12:\"location_lat\";s:9:\"51.544060\";s:12:\"location_lng\";s:9:\"-0.053999\";s:15:\"location_radius\";s:2:\"25\";s:15:\"location_status\";s:1:\"1\";s:8:\"distance\";s:19:\"0.09871279804879186\";}s:13:\"opening_hours\";a:7:{i:0;a:3:{s:3:\"day\";s:6:\"Monday\";s:4:\"open\";s:5:\"06:00\";s:5:\"close\";s:5:\"23:00\";}i:1;a:3:{s:3:\"day\";s:7:\"Tuesday\";s:4:\"open\";s:5:\"06:00\";s:5:\"close\";s:5:\"23:00\";}i:2;a:3:{s:3:\"day\";s:9:\"Wednesday\";s:4:\"open\";s:5:\"06:00\";s:5:\"close\";s:5:\"23:00\";}i:3;a:3:{s:3:\"day\";s:8:\"Thursday\";s:4:\"open\";s:5:\"06:00\";s:5:\"close\";s:5:\"23:00\";}i:4;a:3:{s:3:\"day\";s:6:\"Friday\";s:4:\"open\";s:5:\"06:00\";s:5:\"close\";s:5:\"23:00\";}i:5;a:3:{s:3:\"day\";s:8:\"Saturday\";s:4:\"open\";s:5:\"06:00\";s:5:\"close\";s:5:\"23:00\";}i:6;a:3:{s:3:\"day\";s:6:\"Sunday\";s:4:\"open\";s:5:\"06:00\";s:5:\"close\";s:5:\"23:00\";}}}s:7:\"user_id\";s:2:\"15\";s:8:\"username\";s:10:\"tastyadmin\";s:13:\"cart_contents\";a:3:{s:32:\"c16a5320fa475530d9583c34fd356ef5\";a:7:{s:5:\"rowid\";s:32:\"c16a5320fa475530d9583c34fd356ef5\";s:2:\"id\";s:2:\"31\";s:4:\"name\";s:9:\"CHIN-CHIN\";s:3:\"qty\";s:1:\"6\";s:5:\"price\";s:6:\"200.00\";s:7:\"options\";a:0:{}s:8:\"subtotal\";d:1200;}s:11:\"total_items\";i:6;s:10:\"cart_total\";d:1200;}s:13:\"order_details\";a:15:{s:17:\"order_location_id\";s:3:\"117\";s:17:\"order_customer_id\";s:2:\"31\";s:5:\"email\";s:13:\"demo@demo.com\";s:10:\"first_name\";s:4:\"Demo\";s:9:\"last_name\";s:4:\"Acct\";s:9:\"telephone\";s:6:\"999999\";s:10:\"order_type\";i:1;s:10:\"time_added\";s:8:\"23:00:00\";s:10:\"date_added\";s:10:\"2013/11/12\";s:16:\"order_address_id\";i:25;s:7:\"payment\";s:6:\"paypal\";s:11:\"order_total\";d:200;s:11:\"total_items\";i:1;s:10:\"ip_address\";s:14:\"172.16.251.186\";s:10:\"user_agent\";s:90:\"Mozilla/5.0 (X11; Ubuntu; Linux x86_64; rv:25.0) Gecko/20100101 Firefox/25.0 FirePHP/0.7.4\";}}', '');
INSERT INTO ci_sessions (`session_id`, `ip_address`, `user_agent`, `last_activity`, `user_data`, `nearest_location`) VALUES ('1920fba30cc712018a243a2554c420fe', '172.16.251.215', 'Mozilla/5.0 (X11; Ubuntu; Linux x86_64; rv:26.0) Gecko/20100101 Firefox/26.0 FirePHP/0.7.4', 1387318510, 'a:2:{s:9:\"user_data\";s:0:\"\";s:13:\"table_details\";a:5:{s:11:\"location_id\";i:115;s:9:\"guest_num\";i:2;s:12:\"reserve_date\";s:10:\"18-12-2013\";s:12:\"reserve_time\";s:8:\"10:00:00\";s:8:\"occasion\";i:4;}}', '');
INSERT INTO ci_sessions (`session_id`, `ip_address`, `user_agent`, `last_activity`, `user_data`, `nearest_location`) VALUES ('1939147873c3f392ac3b8ec048c3b9da', '192.168.1.81', 'Mozilla/5.0 (X11; Ubuntu; Linux x86_64; rv:24.0) Gecko/20100101 Firefox/24.0', 1382146772, 'a:3:{s:9:\"user_data\";s:0:\"\";s:7:\"user_id\";s:2:\"15\";s:8:\"username\";s:10:\"tastyadmin\";}', '');
INSERT INTO ci_sessions (`session_id`, `ip_address`, `user_agent`, `last_activity`, `user_data`, `nearest_location`) VALUES ('198dd8b64ab33a42a20f48dcd13d80df', '::1', 'Mozilla/5.0 (Macintosh; Intel Mac OS X 10.8; rv:24.0) Gecko/20100101 Firefox/24.0 FirePHP/0.7.4', 1380110607, 'a:2:{s:9:\"user_data\";s:0:\"\";s:14:\"local_location\";a:3:{s:6:\"status\";s:2:\"OK\";s:4:\"data\";a:13:{s:11:\"location_id\";s:3:\"131\";s:13:\"location_name\";s:12:\"Canary Wharf\";s:18:\"location_address_1\";s:17:\"8 Firmount Avenue\";s:18:\"location_address_2\";s:0:\"\";s:13:\"location_city\";s:14:\"Greater London\";s:17:\"location_postcode\";s:7:\"E14 9HH\";s:19:\"location_country_id\";s:3:\"222\";s:18:\"location_telephone\";s:11:\"02088279101\";s:12:\"location_lat\";s:9:\"51.506569\";s:12:\"location_lng\";s:9:\"-0.004563\";s:15:\"location_radius\";s:2:\"25\";s:6:\"status\";s:1:\"0\";s:8:\"distance\";s:17:\"0.602027954480978\";}s:13:\"opening_hours\";a:7:{i:0;a:3:{s:3:\"day\";s:6:\"Monday\";s:4:\"open\";s:5:\"10:00\";s:5:\"close\";s:5:\"20:00\";}i:1;a:3:{s:3:\"day\";s:7:\"Tuesday\";s:4:\"open\";s:5:\"00:00\";s:5:\"close\";s:5:\"00:00\";}i:2;a:3:{s:3:\"day\";s:9:\"Wednesday\";s:4:\"open\";s:5:\"11:00\";s:5:\"close\";s:5:\"20:00\";}i:3;a:3:{s:3:\"day\";s:8:\"Thursday\";s:4:\"open\";s:5:\"00:00\";s:5:\"close\";s:5:\"00:00\";}i:4;a:3:{s:3:\"day\";s:6:\"Friday\";s:4:\"open\";s:5:\"00:00\";s:5:\"close\";s:5:\"00:00\";}i:5;a:3:{s:3:\"day\";s:8:\"Saturday\";s:4:\"open\";s:5:\"00:00\";s:5:\"close\";s:5:\"00:00\";}i:6;a:3:{s:3:\"day\";s:6:\"Sunday\";s:4:\"open\";s:5:\"00:00\";s:5:\"close\";s:5:\"00:00\";}}}}', '');
INSERT INTO ci_sessions (`session_id`, `ip_address`, `user_agent`, `last_activity`, `user_data`, `nearest_location`) VALUES ('19c75b6411d87bff3d49d7b81cc7fc43', '192.168.1.81', 'Mozilla/5.0 (X11; Ubuntu; Linux x86_64; rv:25.0) Gecko/20100101 Firefox/25.0 FirePHP/0.7.4', 1383947105, 'a:7:{s:9:\"user_data\";s:0:\"\";s:7:\"user_id\";s:2:\"15\";s:8:\"username\";s:10:\"tastyadmin\";s:13:\"cart_contents\";a:4:{s:32:\"9a1158154dfa42caddbd0694a4e9bdc8\";a:7:{s:5:\"rowid\";s:32:\"9a1158154dfa42caddbd0694a4e9bdc8\";s:2:\"id\";s:2:\"52\";s:4:\"name\";s:13:\"Spinach Salad\";s:3:\"qty\";s:2:\"10\";s:5:\"price\";s:4:\"3.00\";s:7:\"options\";a:0:{}s:8:\"subtotal\";d:30;}s:32:\"d82c8d1619ad8176d665453cfb2e55f0\";a:7:{s:5:\"rowid\";s:32:\"d82c8d1619ad8176d665453cfb2e55f0\";s:2:\"id\";s:2:\"53\";s:4:\"name\";s:13:\"Seafood Salad\";s:3:\"qty\";s:2:\"20\";s:5:\"price\";s:4:\"3.00\";s:7:\"options\";a:0:{}s:8:\"subtotal\";d:60;}s:11:\"total_items\";i:30;s:10:\"cart_total\";d:90;}s:11:\"customer_id\";s:2:\"31\";s:14:\"customer_email\";s:13:\"demo@demo.com\";s:14:\"local_location\";a:3:{s:6:\"status\";s:2:\"OK\";s:4:\"data\";a:13:{s:11:\"location_id\";s:3:\"117\";s:13:\"location_name\";s:7:\"Hackney\";s:18:\"location_address_1\";s:15:\"44 Darnley Road\";s:18:\"location_address_2\";s:0:\"\";s:13:\"location_city\";s:14:\"Greater London\";s:17:\"location_postcode\";s:6:\"E9 6QH\";s:19:\"location_country_id\";s:3:\"222\";s:18:\"location_telephone\";s:11:\"02088279103\";s:12:\"location_lat\";s:9:\"51.544060\";s:12:\"location_lng\";s:9:\"-0.053999\";s:15:\"location_radius\";s:2:\"25\";s:15:\"location_status\";s:1:\"1\";s:8:\"distance\";s:19:\"0.09871279804879186\";}s:13:\"opening_hours\";a:7:{i:0;a:3:{s:3:\"day\";s:6:\"Monday\";s:4:\"open\";s:5:\"06:00\";s:5:\"close\";s:5:\"23:00\";}i:1;a:3:{s:3:\"day\";s:7:\"Tuesday\";s:4:\"open\";s:5:\"06:00\";s:5:\"close\";s:5:\"23:00\";}i:2;a:3:{s:3:\"day\";s:9:\"Wednesday\";s:4:\"open\";s:5:\"06:00\";s:5:\"close\";s:5:\"23:00\";}i:3;a:3:{s:3:\"day\";s:8:\"Thursday\";s:4:\"open\";s:5:\"06:00\";s:5:\"close\";s:5:\"23:00\";}i:4;a:3:{s:3:\"day\";s:6:\"Friday\";s:4:\"open\";s:5:\"06:00\";s:5:\"close\";s:5:\"23:00\";}i:5;a:3:{s:3:\"day\";s:8:\"Saturday\";s:4:\"open\";s:5:\"06:00\";s:5:\"close\";s:5:\"23:00\";}i:6;a:3:{s:3:\"day\";s:6:\"Sunday\";s:4:\"open\";s:5:\"06:00\";s:5:\"close\";s:5:\"23:00\";}}}}', '');
INSERT INTO ci_sessions (`session_id`, `ip_address`, `user_agent`, `last_activity`, `user_data`, `nearest_location`) VALUES ('19c977e350f04e69b088942da6ad28d6', '::1', 'Mozilla/5.0 (Macintosh; Intel Mac OS X 10.8; rv:23.0) Gecko/20100101 Firefox/23.0', 1378400500, 'a:8:{s:9:\"user_data\";s:0:\"\";s:13:\"user_postcode\";s:6:\"w5 3hj\";s:7:\"user_id\";s:2:\"15\";s:8:\"username\";s:10:\"tastyadmin\";s:13:\"cart_contents\";a:5:{s:32:\"f7edd053b9bd7c14a58f064a29af3831\";a:7:{s:5:\"rowid\";s:32:\"f7edd053b9bd7c14a58f064a29af3831\";s:2:\"id\";s:4:\"FD25\";s:4:\"name\";s:4:\"BUNS\";s:3:\"qty\";s:2:\"50\";s:5:\"price\";s:6:\"100.00\";s:7:\"options\";a:0:{}s:8:\"subtotal\";d:5000;}s:32:\"19bb6070c743e6c06d34a5cefaefd70a\";a:7:{s:5:\"rowid\";s:32:\"19bb6070c743e6c06d34a5cefaefd70a\";s:2:\"id\";s:4:\"FD31\";s:4:\"name\";s:9:\"CHIN-CHIN\";s:3:\"qty\";s:2:\"50\";s:5:\"price\";s:6:\"200.00\";s:7:\"options\";a:0:{}s:8:\"subtotal\";d:10000;}s:32:\"0171a1ca16684a37aa1a0e49e52434f7\";a:7:{s:5:\"rowid\";s:32:\"0171a1ca16684a37aa1a0e49e52434f7\";s:2:\"id\";s:4:\"FD53\";s:4:\"name\";s:13:\"Seafood Salad\";s:3:\"qty\";s:2:\"50\";s:5:\"price\";s:4:\"3.00\";s:7:\"options\";a:0:{}s:8:\"subtotal\";d:150;}s:11:\"total_items\";i:150;s:10:\"cart_total\";d:15150;}s:11:\"customer_id\";s:2:\"22\";s:14:\"customer_email\";s:22:\"samadepoyigi@gmail.com\";s:14:\"local_location\";a:3:{s:6:\"status\";s:2:\"OK\";s:4:\"data\";a:13:{s:11:\"location_id\";s:3:\"116\";s:13:\"location_name\";s:7:\"Earling\";s:18:\"location_address_1\";s:19:\"8 Brookfield Avenue\";s:18:\"location_address_2\";s:0:\"\";s:13:\"location_city\";s:14:\"Greater London\";s:17:\"location_postcode\";s:6:\"W5 1LA\";s:19:\"location_country_id\";s:3:\"222\";s:18:\"location_telephone\";s:11:\"02088279102\";s:12:\"location_lat\";s:9:\"51.526852\";s:12:\"location_lng\";s:9:\"-0.301442\";s:15:\"location_radius\";s:2:\"25\";s:6:\"status\";s:1:\"0\";s:8:\"distance\";s:17:\"0.882806049767987\";}s:13:\"opening_hours\";a:7:{i:0;a:2:{s:3:\"day\";s:6:\"Monday\";s:4:\"time\";s:13:\"09:00 - 23:00\";}i:1;a:2:{s:3:\"day\";s:7:\"Tuesday\";s:4:\"time\";s:13:\"09:00 - 23:00\";}i:2;a:2:{s:3:\"day\";s:9:\"Wednesday\";s:4:\"time\";s:13:\"09:00 - 23:00\";}i:3;a:2:{s:3:\"day\";s:8:\"Thursday\";s:4:\"time\";s:13:\"13:00 - 06:40\";}i:4;a:2:{s:3:\"day\";s:6:\"Friday\";s:4:\"time\";s:13:\"09:00 - 23:00\";}i:5;a:2:{s:3:\"day\";s:8:\"Saturday\";s:4:\"time\";s:13:\"09:00 - 23:00\";}i:6;a:2:{s:3:\"day\";s:6:\"Sunday\";s:4:\"time\";s:13:\"09:00 - 23:00\";}}}}', '');
INSERT INTO ci_sessions (`session_id`, `ip_address`, `user_agent`, `last_activity`, `user_data`, `nearest_location`) VALUES ('19dc9b9e5f966ea09323f279a62da09d', '::1', 'Mozilla/5.0 (Macintosh; Intel Mac OS X 10.8; rv:24.0) Gecko/20100101 Firefox/24.0 FirePHP/0.7.4', 1381918017, 'a:2:{s:9:\"user_data\";s:0:\"\";s:15:\"flash:new:alert\";s:38:\"Error: Postcode appears to be invalid.\";}', '');
INSERT INTO ci_sessions (`session_id`, `ip_address`, `user_agent`, `last_activity`, `user_data`, `nearest_location`) VALUES ('1a63108161ab8cc2b8d2f556e302336b', '172.16.251.219', 'Mozilla/5.0 (X11; Ubuntu; Linux x86_64; rv:26.0) Gecko/20100101 Firefox/26.0 FirePHP/0.7.4', 1387578384, 'a:1:{s:9:\"user_data\";s:0:\"\";}', '');
INSERT INTO ci_sessions (`session_id`, `ip_address`, `user_agent`, `last_activity`, `user_data`, `nearest_location`) VALUES ('1b3fe76090b82b78f5188fdf245cad51', '::1', 'Mozilla/5.0 (Macintosh; Intel Mac OS X 10.8; rv:23.0) Gecko/20100101 Firefox/23.0', 1378437160, 'a:7:{s:9:\"user_data\";s:0:\"\";s:7:\"user_id\";s:2:\"15\";s:8:\"username\";s:10:\"tastyadmin\";s:13:\"cart_contents\";a:4:{s:32:\"3f56688764aa35b628bd1b608a437f47\";a:7:{s:5:\"rowid\";s:32:\"3f56688764aa35b628bd1b608a437f47\";s:2:\"id\";s:4:\"FD32\";s:4:\"name\";s:10:\"SCOTCH EGG\";s:3:\"qty\";s:1:\"1\";s:5:\"price\";s:6:\"200.00\";s:7:\"options\";a:0:{}s:8:\"subtotal\";d:200;}s:32:\"f7edd053b9bd7c14a58f064a29af3831\";a:7:{s:5:\"rowid\";s:32:\"f7edd053b9bd7c14a58f064a29af3831\";s:2:\"id\";s:4:\"FD25\";s:4:\"name\";s:4:\"BUNS\";s:3:\"qty\";s:1:\"1\";s:5:\"price\";s:6:\"100.00\";s:7:\"options\";a:0:{}s:8:\"subtotal\";d:100;}s:11:\"total_items\";i:2;s:10:\"cart_total\";d:300;}s:11:\"customer_id\";s:2:\"22\";s:14:\"customer_email\";s:22:\"samadepoyigi@gmail.com\";s:14:\"local_location\";a:3:{s:6:\"status\";s:2:\"OK\";s:4:\"data\";a:13:{s:11:\"location_id\";s:3:\"135\";s:13:\"location_name\";s:5:\"Excel\";s:18:\"location_address_1\";s:17:\"1 Western Gateway\";s:18:\"location_address_2\";s:19:\"Royal Victoria Dock\";s:13:\"location_city\";s:14:\"Greater London\";s:17:\"location_postcode\";s:7:\"E16 1XL\";s:19:\"location_country_id\";s:3:\"222\";s:18:\"location_telephone\";s:11:\"02088279114\";s:12:\"location_lat\";s:9:\"51.508492\";s:12:\"location_lng\";s:8:\"0.025040\";s:15:\"location_radius\";s:2:\"25\";s:6:\"status\";s:1:\"0\";s:8:\"distance\";s:16:\"1.74972695048429\";}s:13:\"opening_hours\";a:7:{i:0;a:3:{s:3:\"day\";s:6:\"Monday\";s:4:\"open\";s:5:\"01:00\";s:5:\"close\";s:5:\"23:59\";}i:1;a:3:{s:3:\"day\";s:7:\"Tuesday\";s:4:\"open\";s:5:\"01:00\";s:5:\"close\";s:5:\"23:59\";}i:2;a:3:{s:3:\"day\";s:9:\"Wednesday\";s:4:\"open\";s:5:\"01:00\";s:5:\"close\";s:5:\"23:59\";}i:3;a:3:{s:3:\"day\";s:8:\"Thursday\";s:4:\"open\";s:5:\"01:00\";s:5:\"close\";s:5:\"23:59\";}i:4;a:3:{s:3:\"day\";s:6:\"Friday\";s:4:\"open\";s:5:\"01:00\";s:5:\"close\";s:5:\"23:59\";}i:5;a:3:{s:3:\"day\";s:8:\"Saturday\";s:4:\"open\";s:5:\"01:00\";s:5:\"close\";s:5:\"23:59\";}i:6;a:3:{s:3:\"day\";s:6:\"Sunday\";s:4:\"open\";s:5:\"01:00\";s:5:\"close\";s:5:\"23:59\";}}}}', '');
INSERT INTO ci_sessions (`session_id`, `ip_address`, `user_agent`, `last_activity`, `user_data`, `nearest_location`) VALUES ('1b6d31baf44007f3e930abc61fa3c377', '172.16.251.215', 'Mozilla/5.0 (X11; Ubuntu; Linux x86_64; rv:26.0) Gecko/20100101 Firefox/26.0 FirePHP/0.7.4', 1387318511, 'a:1:{s:9:\"user_data\";s:0:\"\";}', '');
INSERT INTO ci_sessions (`session_id`, `ip_address`, `user_agent`, `last_activity`, `user_data`, `nearest_location`) VALUES ('1c2a801ef6361f5966c43e5747603615', '172.16.251.215', 'Mozilla/5.0 (X11; Ubuntu; Linux x86_64; rv:26.0) Gecko/20100101 Firefox/26.0 FirePHP/0.7.4', 1387316001, 'a:1:{s:9:\"user_data\";s:0:\"\";}', '');
INSERT INTO ci_sessions (`session_id`, `ip_address`, `user_agent`, `last_activity`, `user_data`, `nearest_location`) VALUES ('1c545e1dc8c434512ada18b2d55cd937', '172.16.251.222', 'Mozilla/5.0 (X11; Ubuntu; Linux x86_64; rv:26.0) Gecko/20100101 Firefox/26.0 FirePHP/0.7.4', 1388000617, 'a:5:{s:9:\"user_data\";s:0:\"\";s:14:\"local_location\";a:3:{s:6:\"status\";s:2:\"OK\";s:4:\"data\";a:18:{s:11:\"location_id\";s:3:\"122\";s:13:\"location_name\";s:8:\"Lewisham\";s:14:\"location_email\";s:0:\"\";s:18:\"location_address_1\";s:23:\"35 Lewisham High Street\";s:18:\"location_address_2\";s:0:\"\";s:13:\"location_city\";s:14:\"Greater London\";s:17:\"location_postcode\";s:8:\"SE13 7HS\";s:19:\"location_country_id\";s:3:\"222\";s:18:\"location_telephone\";s:11:\"02088279108\";s:12:\"location_lat\";s:9:\"51.461731\";s:12:\"location_lng\";s:9:\"-0.011749\";s:15:\"location_radius\";s:2:\"25\";s:14:\"offer_delivery\";s:1:\"0\";s:10:\"ready_time\";s:1:\"0\";s:15:\"delivery_charge\";s:4:\"0.00\";s:19:\"min_delivery_charge\";s:4:\"0.00\";s:15:\"location_status\";s:1:\"1\";s:8:\"distance\";s:18:\"1.9619756767046261\";}s:13:\"opening_hours\";a:7:{i:0;a:3:{s:3:\"day\";s:6:\"Monday\";s:4:\"open\";s:5:\"11:00\";s:5:\"close\";s:5:\"23:00\";}i:1;a:3:{s:3:\"day\";s:7:\"Tuesday\";s:4:\"open\";s:5:\"11:00\";s:5:\"close\";s:5:\"23:00\";}i:2;a:3:{s:3:\"day\";s:9:\"Wednesday\";s:4:\"open\";s:5:\"11:00\";s:5:\"close\";s:5:\"23:00\";}i:3;a:3:{s:3:\"day\";s:8:\"Thursday\";s:4:\"open\";s:5:\"11:00\";s:5:\"close\";s:5:\"23:00\";}i:4;a:3:{s:3:\"day\";s:6:\"Friday\";s:4:\"open\";s:5:\"11:00\";s:5:\"close\";s:5:\"23:00\";}i:5;a:3:{s:3:\"day\";s:8:\"Saturday\";s:4:\"open\";s:5:\"11:00\";s:5:\"close\";s:5:\"23:00\";}i:6;a:3:{s:3:\"day\";s:6:\"Sunday\";s:4:\"open\";s:5:\"11:00\";s:5:\"close\";s:5:\"23:00\";}}}s:13:\"cart_contents\";a:3:{s:32:\"8e296a067a37563370ded05f5a3bf3ec\";a:7:{s:5:\"rowid\";s:32:\"8e296a067a37563370ded05f5a3bf3ec\";s:2:\"id\";s:2:\"25\";s:4:\"name\";s:4:\"BUNS\";s:3:\"qty\";s:1:\"1\";s:5:\"price\";s:6:\"100.00\";s:7:\"options\";a:0:{}s:8:\"subtotal\";d:100;}s:11:\"total_items\";i:1;s:10:\"cart_total\";d:100;}s:11:\"customer_id\";s:2:\"31\";s:14:\"customer_email\";s:13:\"demo@demo.com\";}', '');
INSERT INTO ci_sessions (`session_id`, `ip_address`, `user_agent`, `last_activity`, `user_data`, `nearest_location`) VALUES ('1cb803e44a262333c9498c14fea0b0c3', '172.16.251.214', 'Mozilla/5.0 (X11; Ubuntu; Linux x86_64; rv:25.0) Gecko/20100101 Firefox/25.0 FirePHP/0.7.4', 1386793637, 'a:4:{s:9:\"user_data\";s:0:\"\";s:7:\"user_id\";s:2:\"15\";s:8:\"username\";s:10:\"tastyadmin\";s:14:\"local_location\";a:3:{s:6:\"status\";s:2:\"OK\";s:4:\"data\";a:13:{s:11:\"location_id\";s:3:\"141\";s:13:\"location_name\";s:13:\"Chaucer Place\";s:18:\"location_address_1\";s:18:\"40 Princess Street\";s:18:\"location_address_2\";s:0:\"\";s:13:\"location_city\";s:6:\"London\";s:17:\"location_postcode\";s:6:\"SE16JS\";s:19:\"location_country_id\";s:3:\"222\";s:18:\"location_telephone\";s:10:\"0230302023\";s:12:\"location_lat\";s:9:\"51.495560\";s:12:\"location_lng\";s:9:\"-0.102558\";s:15:\"location_radius\";s:2:\"30\";s:15:\"location_status\";s:1:\"1\";s:8:\"distance\";s:20:\"0.030070586846028355\";}s:13:\"opening_hours\";a:7:{i:0;a:3:{s:3:\"day\";s:6:\"Monday\";s:4:\"open\";s:5:\"09:00\";s:5:\"close\";s:5:\"23:00\";}i:1;a:3:{s:3:\"day\";s:7:\"Tuesday\";s:4:\"open\";s:5:\"09:00\";s:5:\"close\";s:5:\"23:00\";}i:2;a:3:{s:3:\"day\";s:9:\"Wednesday\";s:4:\"open\";s:5:\"09:00\";s:5:\"close\";s:5:\"23:00\";}i:3;a:3:{s:3:\"day\";s:8:\"Thursday\";s:4:\"open\";s:5:\"09:00\";s:5:\"close\";s:5:\"23:00\";}i:4;a:3:{s:3:\"day\";s:6:\"Friday\";s:4:\"open\";s:5:\"09:00\";s:5:\"close\";s:5:\"23:00\";}i:5;a:3:{s:3:\"day\";s:8:\"Saturday\";s:4:\"open\";s:5:\"09:00\";s:5:\"close\";s:5:\"23:00\";}i:6;a:3:{s:3:\"day\";s:6:\"Sunday\";s:4:\"open\";s:5:\"09:00\";s:5:\"close\";s:5:\"23:00\";}}}}', '');
INSERT INTO ci_sessions (`session_id`, `ip_address`, `user_agent`, `last_activity`, `user_data`, `nearest_location`) VALUES ('1d3dc440900cc9d9ac4c4bf005dbceaf', '192.168.1.81', 'Mozilla/5.0 (X11; Ubuntu; Linux x86_64; rv:24.0) Gecko/20100101 Firefox/24.0', 1382707047, 'a:4:{s:9:\"user_data\";s:0:\"\";s:7:\"user_id\";s:2:\"15\";s:8:\"username\";s:10:\"tastyadmin\";s:14:\"local_location\";a:3:{s:6:\"status\";s:2:\"OK\";s:4:\"data\";a:13:{s:11:\"location_id\";s:3:\"135\";s:13:\"location_name\";s:22:\"Excel Local Restaurant\";s:18:\"location_address_1\";s:17:\"1 Western Gateway\";s:18:\"location_address_2\";s:19:\"Royal Victoria Dock\";s:13:\"location_city\";s:14:\"Greater London\";s:17:\"location_postcode\";s:7:\"E16 1XL\";s:19:\"location_country_id\";s:3:\"222\";s:18:\"location_telephone\";s:11:\"02088279114\";s:12:\"location_lat\";s:9:\"51.508492\";s:12:\"location_lng\";s:8:\"0.025040\";s:15:\"location_radius\";s:2:\"25\";s:6:\"status\";s:1:\"0\";s:8:\"distance\";s:18:\"0.0923355206359974\";}s:13:\"opening_hours\";a:7:{i:0;a:3:{s:3:\"day\";s:6:\"Monday\";s:4:\"open\";s:5:\"00:00\";s:5:\"close\";s:5:\"23:59\";}i:1;a:3:{s:3:\"day\";s:7:\"Tuesday\";s:4:\"open\";s:5:\"00:00\";s:5:\"close\";s:5:\"23:59\";}i:2;a:3:{s:3:\"day\";s:9:\"Wednesday\";s:4:\"open\";s:5:\"00:00\";s:5:\"close\";s:5:\"23:59\";}i:3;a:3:{s:3:\"day\";s:8:\"Thursday\";s:4:\"open\";s:5:\"00:00\";s:5:\"close\";s:5:\"23:59\";}i:4;a:3:{s:3:\"day\";s:6:\"Friday\";s:4:\"open\";s:5:\"00:00\";s:5:\"close\";s:5:\"23:59\";}i:5;a:3:{s:3:\"day\";s:8:\"Saturday\";s:4:\"open\";s:5:\"00:00\";s:5:\"close\";s:5:\"23:59\";}i:6;a:3:{s:3:\"day\";s:6:\"Sunday\";s:4:\"open\";s:5:\"00:00\";s:5:\"close\";s:5:\"23:59\";}}}}', '');
INSERT INTO ci_sessions (`session_id`, `ip_address`, `user_agent`, `last_activity`, `user_data`, `nearest_location`) VALUES ('1d62356836133cd99f646ca663d09594', '192.168.1.81', 'Mozilla/5.0 (X11; Ubuntu; Linux x86_64; rv:24.0) Gecko/20100101 Firefox/24.0', 1382146777, 'a:1:{s:9:\"user_data\";s:0:\"\";}', '');
INSERT INTO ci_sessions (`session_id`, `ip_address`, `user_agent`, `last_activity`, `user_data`, `nearest_location`) VALUES ('1e5fff07ab16c4d6e115ba1c682a6058', '::1', 'Mozilla/5.0 (Macintosh; Intel Mac OS X 10.8; rv:24.0) Gecko/20100101 Firefox/24.0 FirePHP/0.7.4', 1380723216, 'a:3:{s:9:\"user_data\";s:0:\"\";s:7:\"user_id\";s:2:\"15\";s:8:\"username\";s:10:\"tastyadmin\";}', '');
INSERT INTO ci_sessions (`session_id`, `ip_address`, `user_agent`, `last_activity`, `user_data`, `nearest_location`) VALUES ('1f095f5826a403615a3aae49f1b2cf4c', '172.16.251.219', 'Mozilla/5.0 (X11; Ubuntu; Linux x86_64; rv:26.0) Gecko/20100101 Firefox/26.0 FirePHP/0.7.4', 1387500273, 'a:1:{s:9:\"user_data\";s:0:\"\";}', '');
INSERT INTO ci_sessions (`session_id`, `ip_address`, `user_agent`, `last_activity`, `user_data`, `nearest_location`) VALUES ('1f18ff668bae6278ebb06dc227dbf207', '::1', 'Mozilla/5.0 (Macintosh; Intel Mac OS X 10.8; rv:23.0) Gecko/20100101 Firefox/23.0', 1377442764, 'a:5:{s:9:\"user_data\";s:0:\"\";s:11:\"location_id\";s:3:\"122\";s:11:\"user_latlag\";s:26:\"51.461345/-0.0118669999999\";s:7:\"user_id\";s:2:\"15\";s:8:\"username\";s:10:\"tastyadmin\";}', '');
INSERT INTO ci_sessions (`session_id`, `ip_address`, `user_agent`, `last_activity`, `user_data`, `nearest_location`) VALUES ('1f8e7c47574961324669f0a00a38cd2a', '::1', 'Mozilla/5.0 (Macintosh; Intel Mac OS X 10.8; rv:24.0) Gecko/20100101 Firefox/24.0', 1382104492, 'a:2:{s:9:\"user_data\";s:0:\"\";s:15:\"flash:old:alert\";s:66:\"<p class=\"warning\">Please, add some menus before you checkout!</p>\";}', '');
INSERT INTO ci_sessions (`session_id`, `ip_address`, `user_agent`, `last_activity`, `user_data`, `nearest_location`) VALUES ('1faa169a961bcc8b38fcf66b63f0dbb8', '::1', 'Mozilla/5.0 (Macintosh; Intel Mac OS X 10.8; rv:23.0) Gecko/20100101 Firefox/23.0', 1378438875, 'a:5:{s:14:\"local_location\";a:3:{s:6:\"status\";s:2:\"OK\";s:4:\"data\";a:13:{s:11:\"location_id\";s:3:\"135\";s:13:\"location_name\";s:5:\"Excel\";s:18:\"location_address_1\";s:17:\"1 Western Gateway\";s:18:\"location_address_2\";s:19:\"Royal Victoria Dock\";s:13:\"location_city\";s:14:\"Greater London\";s:17:\"location_postcode\";s:7:\"E16 1XL\";s:19:\"location_country_id\";s:3:\"222\";s:18:\"location_telephone\";s:11:\"02088279114\";s:12:\"location_lat\";s:9:\"51.508492\";s:12:\"location_lng\";s:8:\"0.025040\";s:15:\"location_radius\";s:2:\"25\";s:6:\"status\";s:1:\"0\";s:8:\"distance\";s:16:\"1.74972695048429\";}s:13:\"opening_hours\";a:7:{i:0;a:3:{s:3:\"day\";s:6:\"Monday\";s:4:\"open\";s:5:\"01:00\";s:5:\"close\";s:5:\"23:59\";}i:1;a:3:{s:3:\"day\";s:7:\"Tuesday\";s:4:\"open\";s:5:\"01:00\";s:5:\"close\";s:5:\"23:59\";}i:2;a:3:{s:3:\"day\";s:9:\"Wednesday\";s:4:\"open\";s:5:\"01:00\";s:5:\"close\";s:5:\"23:59\";}i:3;a:3:{s:3:\"day\";s:8:\"Thursday\";s:4:\"open\";s:5:\"01:00\";s:5:\"close\";s:5:\"23:59\";}i:4;a:3:{s:3:\"day\";s:6:\"Friday\";s:4:\"open\";s:5:\"01:00\";s:5:\"close\";s:5:\"23:59\";}i:5;a:3:{s:3:\"day\";s:8:\"Saturday\";s:4:\"open\";s:5:\"01:00\";s:5:\"close\";s:5:\"23:59\";}i:6;a:3:{s:3:\"day\";s:6:\"Sunday\";s:4:\"open\";s:5:\"01:00\";s:5:\"close\";s:5:\"23:59\";}}}s:11:\"customer_id\";s:2:\"22\";s:14:\"customer_email\";s:22:\"samadepoyigi@gmail.com\";s:7:\"user_id\";s:2:\"15\";s:8:\"username\";s:10:\"tastyadmin\";}', '');
INSERT INTO ci_sessions (`session_id`, `ip_address`, `user_agent`, `last_activity`, `user_data`, `nearest_location`) VALUES ('1fbee9f35b00190716df2adbd89866ea', '172.16.251.218', 'Mozilla/5.0 (X11; Ubuntu; Linux x86_64; rv:26.0) Gecko/20100101 Firefox/26.0 FirePHP/0.7.4', 1387415753, 'a:1:{s:9:\"user_data\";s:0:\"\";}', '');
INSERT INTO ci_sessions (`session_id`, `ip_address`, `user_agent`, `last_activity`, `user_data`, `nearest_location`) VALUES ('20318887a4e58b93d71ca81131051ba7', '::1', 'Mozilla/5.0 (Macintosh; Intel Mac OS X 10.8; rv:24.0) Gecko/20100101 Firefox/24.0 FirePHP/0.7.4', 1381930906, 'a:5:{s:9:\"user_data\";s:0:\"\";s:7:\"user_id\";s:2:\"15\";s:8:\"username\";s:10:\"tastyadmin\";s:11:\"customer_id\";s:2:\"29\";s:14:\"customer_email\";s:17:\"eesyboii@live.com\";}', '');
INSERT INTO ci_sessions (`session_id`, `ip_address`, `user_agent`, `last_activity`, `user_data`, `nearest_location`) VALUES ('21798a483231a5f7d036e212a84f8e55', '192.168.1.81', 'Mozilla/5.0 (X11; Ubuntu; Linux x86_64; rv:24.0) Gecko/20100101 Firefox/24.0', 1382146777, 'a:1:{s:9:\"user_data\";s:0:\"\";}', '');
INSERT INTO ci_sessions (`session_id`, `ip_address`, `user_agent`, `last_activity`, `user_data`, `nearest_location`) VALUES ('21ad497433a18205cb3dfb7a061f923a', '172.16.251.219', 'Mozilla/5.0 (X11; Ubuntu; Linux x86_64; rv:26.0) Gecko/20100101 Firefox/26.0 FirePHP/0.7.4', 1387578382, 'a:1:{s:9:\"user_data\";s:0:\"\";}', '');
INSERT INTO ci_sessions (`session_id`, `ip_address`, `user_agent`, `last_activity`, `user_data`, `nearest_location`) VALUES ('228eb0ebdb67ecd318256d8eab6b50eb', '::1', 'Mozilla/5.0 (Macintosh; Intel Mac OS X 10.8; rv:24.0) Gecko/20100101 Firefox/24.0 FirePHP/0.7.4', 1381918008, 'a:4:{s:9:\"user_data\";s:0:\"\";s:7:\"user_id\";s:2:\"15\";s:8:\"username\";s:10:\"tastyadmin\";s:15:\"flash:new:alert\";s:38:\"Error: Postcode appears to be invalid.\";}', '');
INSERT INTO ci_sessions (`session_id`, `ip_address`, `user_agent`, `last_activity`, `user_data`, `nearest_location`) VALUES ('22950e47a5be5d5ccc3ca8a7c8529afe', '172.16.251.213', 'Mozilla/5.0 (X11; Ubuntu; Linux x86_64; rv:25.0) Gecko/20100101 Firefox/25.0', 1386517743, 'a:2:{s:9:\"user_data\";s:0:\"\";s:15:\"flash:old:alert\";s:66:\"<p class=\"warning\">Please, add some menus before you checkout!</p>\";}', '');
INSERT INTO ci_sessions (`session_id`, `ip_address`, `user_agent`, `last_activity`, `user_data`, `nearest_location`) VALUES ('243c71eab6a360d410d015995fcc258d', '172.20.10.2', 'Mozilla/5.0 (Macintosh; Intel Mac OS X 10.8; rv:24.0) Gecko/20100101 Firefox/24.0 FirePHP/0.7.4', 1381416655, 'a:2:{s:9:\"user_data\";s:0:\"\";s:15:\"flash:old:alert\";s:43:\"Please, add some foods before you checkout!\";}', '');
INSERT INTO ci_sessions (`session_id`, `ip_address`, `user_agent`, `last_activity`, `user_data`, `nearest_location`) VALUES ('24bd6efb8989690d22906b10356c32d6', '172.16.251.219', 'Mozilla/5.0 (X11; Ubuntu; Linux x86_64; rv:26.0) Gecko/20100101 Firefox/26.0 FirePHP/0.7.4', 1387749381, 'a:3:{s:9:\"user_data\";s:0:\"\";s:7:\"user_id\";s:2:\"15\";s:8:\"username\";s:10:\"tastyadmin\";}', '');
INSERT INTO ci_sessions (`session_id`, `ip_address`, `user_agent`, `last_activity`, `user_data`, `nearest_location`) VALUES ('258dcaeeeb2502716494dc2da98a3066', '172.16.251.216', 'Mozilla/5.0 (X11; Ubuntu; Linux x86_64; rv:26.0) Gecko/20100101 Firefox/26.0 FirePHP/0.7.4', 1387341408, 'a:2:{s:9:\"user_data\";s:0:\"\";s:13:\"table_details\";a:6:{s:8:\"postcode\";s:19:\"Harrow - 1.53 miles\";s:11:\"location_id\";s:3:\"115\";s:9:\"guest_num\";s:1:\"2\";s:12:\"reserve_date\";s:10:\"19-12-2013\";s:12:\"reserve_time\";s:8:\"11:00:00\";s:8:\"occasion\";s:1:\"2\";}}', '');
INSERT INTO ci_sessions (`session_id`, `ip_address`, `user_agent`, `last_activity`, `user_data`, `nearest_location`) VALUES ('26fd468a56006a234ef8a261adc6f5c1', '::1', 'Mozilla/5.0 (Macintosh; Intel Mac OS X 10.8; rv:23.0) Gecko/20100101 Firefox/23.0', 1377710019, 'a:6:{s:7:\"user_id\";s:2:\"15\";s:8:\"username\";s:10:\"tastyadmin\";s:11:\"customer_id\";s:2:\"29\";s:13:\"user_postcode\";s:8:\"se12 8jh\";s:14:\"local_location\";a:3:{s:6:\"status\";s:2:\"OK\";s:4:\"data\";a:13:{s:11:\"location_id\";s:3:\"122\";s:13:\"location_name\";s:8:\"Lewisham\";s:18:\"location_address_1\";s:23:\"35 Lewisham High Street\";s:18:\"location_address_2\";s:0:\"\";s:13:\"location_city\";s:14:\"Greater London\";s:17:\"location_postcode\";s:8:\"SE13 7HS\";s:19:\"location_country_id\";s:1:\"0\";s:18:\"location_telephone\";s:11:\"02088279108\";s:12:\"location_lat\";s:9:\"51.461731\";s:12:\"location_lng\";s:9:\"-0.011749\";s:15:\"location_radius\";s:2:\"25\";s:6:\"status\";s:1:\"0\";s:8:\"distance\";s:15:\"1.5365903592244\";}s:13:\"opening_hours\";a:7:{i:0;a:2:{s:3:\"day\";s:6:\"Monday\";s:4:\"time\";s:13:\"11:00 - 23:00\";}i:1;a:2:{s:3:\"day\";s:6:\"Tueday\";s:4:\"time\";s:13:\"11:00 - 23:00\";}i:2;a:2:{s:3:\"day\";s:9:\"Wednesday\";s:4:\"time\";s:13:\"11:00 - 23:00\";}i:3;a:2:{s:3:\"day\";s:8:\"Thursday\";s:4:\"time\";s:13:\"11:00 - 23:00\";}i:4;a:2:{s:3:\"day\";s:6:\"Friday\";s:4:\"time\";s:13:\"11:00 - 23:00\";}i:5;a:2:{s:3:\"day\";s:8:\"Saturday\";s:4:\"time\";s:13:\"11:00 - 23:00\";}i:6;a:2:{s:3:\"day\";s:6:\"Sunday\";s:4:\"time\";s:13:\"11:00 - 23:00\";}}}s:13:\"cart_contents\";a:3:{s:32:\"276351e8ee121887ee2f0d6622467b90\";a:7:{s:5:\"rowid\";s:32:\"276351e8ee121887ee2f0d6622467b90\";s:2:\"id\";s:5:\"fd_34\";s:4:\"name\";s:9:\"PUFF-PUFF\";s:3:\"qty\";s:1:\"1\";s:5:\"price\";s:5:\"22.00\";s:7:\"options\";a:0:{}s:8:\"subtotal\";d:22;}s:11:\"total_items\";i:1;s:10:\"cart_total\";d:22;}}', '');
INSERT INTO ci_sessions (`session_id`, `ip_address`, `user_agent`, `last_activity`, `user_data`, `nearest_location`) VALUES ('271258c42f8e570da1cde469133a5186', '::1', 'Mozilla/5.0 (Macintosh; Intel Mac OS X 10.8; rv:24.0) Gecko/20100101 Firefox/24.0 FirePHP/0.7.4', 1381918487, 'a:4:{s:9:\"user_data\";s:0:\"\";s:7:\"user_id\";s:2:\"15\";s:8:\"username\";s:10:\"tastyadmin\";s:13:\"cart_contents\";a:3:{s:32:\"ee4bc03b0770cef121c783cc3261f8a3\";a:7:{s:5:\"rowid\";s:32:\"ee4bc03b0770cef121c783cc3261f8a3\";s:2:\"id\";s:6:\"mnu_53\";s:4:\"name\";s:13:\"Seafood Salad\";s:3:\"qty\";s:1:\"5\";s:5:\"price\";s:4:\"3.00\";s:7:\"options\";a:0:{}s:8:\"subtotal\";d:15;}s:11:\"total_items\";i:5;s:10:\"cart_total\";d:15;}}', '');
INSERT INTO ci_sessions (`session_id`, `ip_address`, `user_agent`, `last_activity`, `user_data`, `nearest_location`) VALUES ('272c419e46356d6c15d45b546b1e952e', '172.16.251.219', 'Mozilla/5.0 (X11; Ubuntu; Linux x86_64; rv:26.0) Gecko/20100101 Firefox/26.0 FirePHP/0.7.4', 1387578384, 'a:1:{s:9:\"user_data\";s:0:\"\";}', '');
INSERT INTO ci_sessions (`session_id`, `ip_address`, `user_agent`, `last_activity`, `user_data`, `nearest_location`) VALUES ('27fb19aa9f638e5851d686bbef441e86', '172.16.251.220', 'Mozilla/5.0 (X11; Ubuntu; Linux x86_64; rv:26.0) Gecko/20100101 Firefox/26.0 FirePHP/0.7.4', 1387813098, 'a:7:{s:9:\"user_data\";s:0:\"\";s:11:\"customer_id\";s:2:\"31\";s:14:\"customer_email\";s:13:\"demo@demo.com\";s:7:\"user_id\";s:2:\"15\";s:8:\"username\";s:10:\"tastyadmin\";s:14:\"local_location\";a:3:{s:6:\"status\";s:2:\"OK\";s:4:\"data\";a:17:{s:11:\"location_id\";s:3:\"117\";s:13:\"location_name\";s:7:\"Hackney\";s:14:\"location_email\";s:0:\"\";s:18:\"location_address_1\";s:15:\"44 Darnley Road\";s:18:\"location_address_2\";s:0:\"\";s:13:\"location_city\";s:14:\"Greater London\";s:17:\"location_postcode\";s:6:\"E9 6QH\";s:19:\"location_country_id\";s:3:\"222\";s:18:\"location_telephone\";s:11:\"02088279103\";s:12:\"location_lat\";s:9:\"51.544060\";s:12:\"location_lng\";s:9:\"-0.053999\";s:15:\"location_radius\";s:2:\"25\";s:14:\"offer_delivery\";s:1:\"0\";s:15:\"delivery_charge\";s:4:\"0.00\";s:19:\"min_delivery_charge\";s:4:\"0.00\";s:15:\"location_status\";s:1:\"1\";s:8:\"distance\";s:19:\"0.09871279804879186\";}s:13:\"opening_hours\";a:7:{i:0;a:3:{s:3:\"day\";s:6:\"Monday\";s:4:\"open\";s:5:\"06:00\";s:5:\"close\";s:5:\"23:00\";}i:1;a:3:{s:3:\"day\";s:7:\"Tuesday\";s:4:\"open\";s:5:\"06:00\";s:5:\"close\";s:5:\"23:00\";}i:2;a:3:{s:3:\"day\";s:9:\"Wednesday\";s:4:\"open\";s:5:\"06:00\";s:5:\"close\";s:5:\"23:00\";}i:3;a:3:{s:3:\"day\";s:8:\"Thursday\";s:4:\"open\";s:5:\"06:00\";s:5:\"close\";s:5:\"23:00\";}i:4;a:3:{s:3:\"day\";s:6:\"Friday\";s:4:\"open\";s:5:\"06:00\";s:5:\"close\";s:5:\"23:00\";}i:5;a:3:{s:3:\"day\";s:8:\"Saturday\";s:4:\"open\";s:5:\"06:00\";s:5:\"close\";s:5:\"23:00\";}i:6;a:3:{s:3:\"day\";s:6:\"Sunday\";s:4:\"open\";s:5:\"06:00\";s:5:\"close\";s:5:\"23:00\";}}}s:13:\"cart_contents\";a:5:{s:32:\"a5771bce93e200c36f7cd9dfd0e5deaa\";a:7:{s:5:\"rowid\";s:32:\"a5771bce93e200c36f7cd9dfd0e5deaa\";s:2:\"id\";s:2:\"38\";s:4:\"name\";s:20:\"VEGETABLE FRIED RICE\";s:3:\"qty\";s:1:\"1\";s:5:\"price\";s:4:\"9.99\";s:7:\"options\";a:0:{}s:8:\"subtotal\";d:9.9900000000000002131628207280300557613372802734375;}s:32:\"9a1158154dfa42caddbd0694a4e9bdc8\";a:7:{s:5:\"rowid\";s:32:\"9a1158154dfa42caddbd0694a4e9bdc8\";s:2:\"id\";s:2:\"52\";s:4:\"name\";s:13:\"Spinach Salad\";s:3:\"qty\";s:1:\"1\";s:5:\"price\";s:4:\"3.00\";s:7:\"options\";a:0:{}s:8:\"subtotal\";d:3;}s:32:\"d82c8d1619ad8176d665453cfb2e55f0\";a:7:{s:5:\"rowid\";s:32:\"d82c8d1619ad8176d665453cfb2e55f0\";s:2:\"id\";s:2:\"53\";s:4:\"name\";s:13:\"Seafood Salad\";s:3:\"qty\";s:1:\"1\";s:5:\"price\";s:4:\"3.00\";s:7:\"options\";a:0:{}s:8:\"subtotal\";d:3;}s:11:\"total_items\";i:3;s:10:\"cart_total\";d:15.9900000000000002131628207280300557613372802734375;}}', '');
INSERT INTO ci_sessions (`session_id`, `ip_address`, `user_agent`, `last_activity`, `user_data`, `nearest_location`) VALUES ('28009ef31fae257eb0832a5e9d425d67', '172.16.251.222', 'Mozilla/5.0 (X11; Ubuntu; Linux x86_64; rv:26.0) Gecko/20100101 Firefox/26.0 FirePHP/0.7.4', 1388003739, 'a:5:{s:9:\"user_data\";s:0:\"\";s:14:\"local_location\";a:3:{s:6:\"status\";s:2:\"OK\";s:4:\"data\";a:18:{s:11:\"location_id\";s:3:\"122\";s:13:\"location_name\";s:8:\"Lewisham\";s:14:\"location_email\";s:0:\"\";s:18:\"location_address_1\";s:23:\"35 Lewisham High Street\";s:18:\"location_address_2\";s:0:\"\";s:13:\"location_city\";s:14:\"Greater London\";s:17:\"location_postcode\";s:8:\"SE13 7HS\";s:19:\"location_country_id\";s:3:\"222\";s:18:\"location_telephone\";s:11:\"02088279108\";s:12:\"location_lat\";s:9:\"51.461731\";s:12:\"location_lng\";s:9:\"-0.011749\";s:15:\"location_radius\";s:2:\"25\";s:14:\"offer_delivery\";s:1:\"0\";s:10:\"ready_time\";s:1:\"0\";s:15:\"delivery_charge\";s:4:\"0.00\";s:19:\"min_delivery_charge\";s:4:\"0.00\";s:15:\"location_status\";s:1:\"1\";s:8:\"distance\";s:18:\"1.9619756767046261\";}s:13:\"opening_hours\";a:7:{i:0;a:3:{s:3:\"day\";s:6:\"Monday\";s:4:\"open\";s:5:\"11:00\";s:5:\"close\";s:5:\"23:00\";}i:1;a:3:{s:3:\"day\";s:7:\"Tuesday\";s:4:\"open\";s:5:\"11:00\";s:5:\"close\";s:5:\"23:00\";}i:2;a:3:{s:3:\"day\";s:9:\"Wednesday\";s:4:\"open\";s:5:\"11:00\";s:5:\"close\";s:5:\"23:00\";}i:3;a:3:{s:3:\"day\";s:8:\"Thursday\";s:4:\"open\";s:5:\"11:00\";s:5:\"close\";s:5:\"23:00\";}i:4;a:3:{s:3:\"day\";s:6:\"Friday\";s:4:\"open\";s:5:\"11:00\";s:5:\"close\";s:5:\"23:00\";}i:5;a:3:{s:3:\"day\";s:8:\"Saturday\";s:4:\"open\";s:5:\"11:00\";s:5:\"close\";s:5:\"23:00\";}i:6;a:3:{s:3:\"day\";s:6:\"Sunday\";s:4:\"open\";s:5:\"11:00\";s:5:\"close\";s:5:\"23:00\";}}}s:11:\"customer_id\";s:2:\"31\";s:14:\"customer_email\";s:13:\"demo@demo.com\";s:13:\"cart_contents\";a:3:{s:32:\"8e296a067a37563370ded05f5a3bf3ec\";a:7:{s:5:\"rowid\";s:32:\"8e296a067a37563370ded05f5a3bf3ec\";s:2:\"id\";s:2:\"25\";s:4:\"name\";s:4:\"BUNS\";s:3:\"qty\";s:1:\"1\";s:5:\"price\";s:6:\"100.00\";s:7:\"options\";a:0:{}s:8:\"subtotal\";d:100;}s:11:\"total_items\";i:1;s:10:\"cart_total\";d:100;}}', '');
INSERT INTO ci_sessions (`session_id`, `ip_address`, `user_agent`, `last_activity`, `user_data`, `nearest_location`) VALUES ('28524654eede0845c868be8e0a7c1311', '172.16.251.186', 'Mozilla/5.0 (X11; Ubuntu; Linux x86_64; rv:25.0) Gecko/20100101 Firefox/25.0', 1384299296, 'a:2:{s:9:\"user_data\";s:0:\"\";s:15:\"flash:old:alert\";s:104:\"<p class=\"success\">Password Reset Successfully, <br />Please check your email for your new password.</p>\";}', '');
INSERT INTO ci_sessions (`session_id`, `ip_address`, `user_agent`, `last_activity`, `user_data`, `nearest_location`) VALUES ('294464521382f70868b575685ae9401a', '::1', 'Mozilla/5.0 (Macintosh; Intel Mac OS X 10.8; rv:24.0) Gecko/20100101 Firefox/24.0 FirePHP/0.7.4', 1382145345, 'a:6:{s:9:\"user_data\";s:0:\"\";s:13:\"cart_contents\";a:5:{s:32:\"3d9d87c3a4d83f48c3bc2cd70f75095a\";a:7:{s:5:\"rowid\";s:32:\"3d9d87c3a4d83f48c3bc2cd70f75095a\";s:2:\"id\";s:6:\"mnu_26\";s:4:\"name\";s:12:\"STEAMED RICE\";s:3:\"qty\";s:1:\"1\";s:5:\"price\";s:5:\"70.00\";s:7:\"options\";a:0:{}s:8:\"subtotal\";d:70;}s:32:\"9d2955646b606c74c02c8af3a1020b85\";a:7:{s:5:\"rowid\";s:32:\"9d2955646b606c74c02c8af3a1020b85\";s:2:\"id\";s:6:\"mnu_26\";s:4:\"name\";s:12:\"STEAMED RICE\";s:3:\"qty\";s:1:\"1\";s:5:\"price\";s:5:\"73.00\";s:7:\"options\";a:1:{s:4:\"With\";s:12:\"Meat: £3.00\";}s:8:\"subtotal\";d:73;}s:32:\"5e52ce972d603b66aac6e7bb58a49aed\";a:7:{s:5:\"rowid\";s:32:\"5e52ce972d603b66aac6e7bb58a49aed\";s:2:\"id\";s:6:\"mnu_26\";s:4:\"name\";s:12:\"STEAMED RICE\";s:3:\"qty\";s:1:\"1\";s:5:\"price\";s:5:\"80.00\";s:7:\"options\";a:1:{s:4:\"With\";s:25:\"Assorted Chicken: £10.00\";}s:8:\"subtotal\";d:80;}s:11:\"total_items\";i:3;s:10:\"cart_total\";d:223;}s:14:\"local_location\";a:3:{s:6:\"status\";s:2:\"OK\";s:4:\"data\";a:13:{s:11:\"location_id\";s:3:\"135\";s:13:\"location_name\";s:22:\"Excel Local Restaurant\";s:18:\"location_address_1\";s:17:\"1 Western Gateway\";s:18:\"location_address_2\";s:19:\"Royal Victoria Dock\";s:13:\"location_city\";s:14:\"Greater London\";s:17:\"location_postcode\";s:7:\"E16 1XL\";s:19:\"location_country_id\";s:3:\"222\";s:18:\"location_telephone\";s:11:\"02088279114\";s:12:\"location_lat\";s:9:\"51.508492\";s:12:\"location_lng\";s:8:\"0.025040\";s:15:\"location_radius\";s:2:\"25\";s:6:\"status\";s:1:\"0\";s:8:\"distance\";s:18:\"0.0923355206359974\";}s:13:\"opening_hours\";a:7:{i:0;a:3:{s:3:\"day\";s:6:\"Monday\";s:4:\"open\";s:5:\"00:00\";s:5:\"close\";s:5:\"23:59\";}i:1;a:3:{s:3:\"day\";s:7:\"Tuesday\";s:4:\"open\";s:5:\"00:00\";s:5:\"close\";s:5:\"23:59\";}i:2;a:3:{s:3:\"day\";s:9:\"Wednesday\";s:4:\"open\";s:5:\"00:00\";s:5:\"close\";s:5:\"23:59\";}i:3;a:3:{s:3:\"day\";s:8:\"Thursday\";s:4:\"open\";s:5:\"00:00\";s:5:\"close\";s:5:\"23:59\";}i:4;a:3:{s:3:\"day\";s:6:\"Friday\";s:4:\"open\";s:5:\"00:00\";s:5:\"close\";s:5:\"23:59\";}i:5;a:3:{s:3:\"day\";s:8:\"Saturday\";s:4:\"open\";s:5:\"00:00\";s:5:\"close\";s:5:\"23:59\";}i:6;a:3:{s:3:\"day\";s:6:\"Sunday\";s:4:\"open\";s:5:\"00:00\";s:5:\"close\";s:5:\"23:59\";}}}s:11:\"customer_id\";s:2:\"29\";s:14:\"customer_email\";s:17:\"eesyboii@live.com\";s:13:\"order_details\";a:15:{s:17:\"order_location_id\";s:3:\"135\";s:11:\"customer_id\";s:2:\"29\";s:5:\"email\";s:17:\"eesyboii@live.com\";s:10:\"first_name\";s:7:\"Temi Df\";s:9:\"last_name\";s:6:\"Demo2f\";s:9:\"telephone\";s:7:\"3332222\";s:10:\"order_type\";i:1;s:10:\"time_added\";s:5:\"02:15\";s:10:\"date_added\";s:10:\"2013/10/19\";s:10:\"address_id\";i:23;s:7:\"payment\";s:6:\"paypal\";s:11:\"order_total\";d:223;s:11:\"total_items\";i:3;s:10:\"ip_address\";s:3:\"::1\";s:10:\"user_agent\";s:95:\"Mozilla/5.0 (Macintosh; Intel Mac OS X 10.8; rv:24.0) Gecko/20100101 Firefox/24.0 FirePHP/0.7.4\";}}', '');
INSERT INTO ci_sessions (`session_id`, `ip_address`, `user_agent`, `last_activity`, `user_data`, `nearest_location`) VALUES ('29b13235fb56c630edd720332f03eef8', '172.16.251.219', 'Mozilla/5.0 (X11; Ubuntu; Linux x86_64; rv:26.0) Gecko/20100101 Firefox/26.0 FirePHP/0.7.4', 1387577010, 'a:1:{s:9:\"user_data\";s:0:\"\";}', '');
INSERT INTO ci_sessions (`session_id`, `ip_address`, `user_agent`, `last_activity`, `user_data`, `nearest_location`) VALUES ('2b1543fac7048182bbd0ed8dbee0ca3c', '172.16.251.215', 'Mozilla/5.0 (X11; Ubuntu; Linux x86_64; rv:26.0) Gecko/20100101 Firefox/26.0 FirePHP/0.7.4', 1387315245, 'a:1:{s:9:\"user_data\";s:0:\"\";}', '');
INSERT INTO ci_sessions (`session_id`, `ip_address`, `user_agent`, `last_activity`, `user_data`, `nearest_location`) VALUES ('2bd692451697323113081dc7c082d250', '172.16.251.219', 'Mozilla/5.0 (X11; Ubuntu; Linux x86_64; rv:26.0) Gecko/20100101 Firefox/26.0 FirePHP/0.7.4', 1387567898, 'a:4:{s:9:\"user_data\";s:0:\"\";s:13:\"table_details\";a:6:{s:8:\"postcode\";s:19:\"Harrow - 1.53 miles\";s:11:\"location_id\";s:3:\"115\";s:9:\"guest_num\";s:1:\"7\";s:12:\"reserve_date\";s:10:\"28-12-2013\";s:12:\"reserve_time\";s:8:\"12:00:00\";s:8:\"occasion\";s:1:\"2\";}s:7:\"user_id\";s:2:\"15\";s:8:\"username\";s:10:\"tastyadmin\";}', '');
INSERT INTO ci_sessions (`session_id`, `ip_address`, `user_agent`, `last_activity`, `user_data`, `nearest_location`) VALUES ('2c7a63ee55bfe0c6e561bbca98109dba', '172.16.251.221', 'Mozilla/5.0 (X11; Ubuntu; Linux x86_64; rv:26.0) Gecko/20100101 Firefox/26.0', 1387844825, 'a:6:{s:9:\"user_data\";s:0:\"\";s:7:\"user_id\";s:2:\"15\";s:8:\"username\";s:10:\"tastyadmin\";s:11:\"customer_id\";s:2:\"31\";s:14:\"customer_email\";s:13:\"demo@demo.com\";s:14:\"local_location\";a:3:{s:6:\"status\";s:2:\"OK\";s:4:\"data\";a:18:{s:11:\"location_id\";s:3:\"116\";s:13:\"location_name\";s:7:\"Earling\";s:14:\"location_email\";s:23:\"ealing@tastyIgniter.com\";s:18:\"location_address_1\";s:19:\"8 Brookfield Avenue\";s:18:\"location_address_2\";s:0:\"\";s:13:\"location_city\";s:14:\"Greater London\";s:17:\"location_postcode\";s:6:\"W5 1LA\";s:19:\"location_country_id\";s:3:\"222\";s:18:\"location_telephone\";s:11:\"02088279102\";s:12:\"location_lat\";s:9:\"51.526852\";s:12:\"location_lng\";s:9:\"-0.301442\";s:15:\"location_radius\";s:2:\"25\";s:14:\"offer_delivery\";s:1:\"0\";s:10:\"ready_time\";s:1:\"0\";s:15:\"delivery_charge\";s:4:\"0.00\";s:19:\"min_delivery_charge\";s:4:\"0.00\";s:15:\"location_status\";s:1:\"1\";s:8:\"distance\";s:20:\"0.007754922885286687\";}s:13:\"opening_hours\";a:7:{i:0;a:3:{s:3:\"day\";s:6:\"Monday\";s:4:\"open\";s:5:\"09:00\";s:5:\"close\";s:5:\"23:00\";}i:1;a:3:{s:3:\"day\";s:7:\"Tuesday\";s:4:\"open\";s:5:\"09:00\";s:5:\"close\";s:5:\"23:00\";}i:2;a:3:{s:3:\"day\";s:9:\"Wednesday\";s:4:\"open\";s:5:\"09:00\";s:5:\"close\";s:5:\"23:00\";}i:3;a:3:{s:3:\"day\";s:8:\"Thursday\";s:4:\"open\";s:5:\"13:00\";s:5:\"close\";s:5:\"23:00\";}i:4;a:3:{s:3:\"day\";s:6:\"Friday\";s:4:\"open\";s:5:\"09:00\";s:5:\"close\";s:5:\"23:00\";}i:5;a:3:{s:3:\"day\";s:8:\"Saturday\";s:4:\"open\";s:5:\"09:00\";s:5:\"close\";s:5:\"23:00\";}i:6;a:3:{s:3:\"day\";s:6:\"Sunday\";s:4:\"open\";s:5:\"09:00\";s:5:\"close\";s:5:\"23:00\";}}}}', '');
INSERT INTO ci_sessions (`session_id`, `ip_address`, `user_agent`, `last_activity`, `user_data`, `nearest_location`) VALUES ('2cf36773fea01671ac26caf7061bb1fb', '::1', 'Mozilla/5.0 (Macintosh; Intel Mac OS X 10.8; rv:24.0) Gecko/20100101 Firefox/24.0', 1379878290, 'a:7:{s:9:\"user_data\";s:0:\"\";s:7:\"user_id\";s:2:\"15\";s:8:\"username\";s:10:\"tastyadmin\";s:14:\"local_location\";a:3:{s:6:\"status\";s:2:\"OK\";s:4:\"data\";a:13:{s:11:\"location_id\";s:3:\"121\";s:13:\"location_name\";s:9:\"Greenwich\";s:18:\"location_address_1\";s:16:\"50 Vanbrugh Hill\";s:18:\"location_address_2\";s:0:\"\";s:13:\"location_city\";s:14:\"Greater London\";s:17:\"location_postcode\";s:8:\"SE10 9HF\";s:19:\"location_country_id\";s:3:\"222\";s:18:\"location_telephone\";s:11:\"02088279107\";s:12:\"location_lat\";s:9:\"51.483055\";s:12:\"location_lng\";s:9:\"-0.003908\";s:15:\"location_radius\";s:2:\"25\";s:6:\"status\";s:1:\"0\";s:8:\"distance\";s:17:\"0.570164692757935\";}s:13:\"opening_hours\";a:7:{i:0;a:3:{s:3:\"day\";s:6:\"Monday\";s:4:\"open\";s:5:\"05:00\";s:5:\"close\";s:5:\"23:00\";}i:1;a:3:{s:3:\"day\";s:7:\"Tuesday\";s:4:\"open\";s:5:\"01:00\";s:5:\"close\";s:5:\"23:00\";}i:2;a:3:{s:3:\"day\";s:9:\"Wednesday\";s:4:\"open\";s:5:\"01:00\";s:5:\"close\";s:5:\"23:00\";}i:3;a:3:{s:3:\"day\";s:8:\"Thursday\";s:4:\"open\";s:5:\"15:00\";s:5:\"close\";s:5:\"23:00\";}i:4;a:3:{s:3:\"day\";s:6:\"Friday\";s:4:\"open\";s:5:\"15:00\";s:5:\"close\";s:5:\"23:00\";}i:5;a:3:{s:3:\"day\";s:8:\"Saturday\";s:4:\"open\";s:5:\"01:00\";s:5:\"close\";s:5:\"23:00\";}i:6;a:3:{s:3:\"day\";s:6:\"Sunday\";s:4:\"open\";s:5:\"01:00\";s:5:\"close\";s:5:\"23:00\";}}}s:13:\"cart_contents\";a:4:{s:32:\"0b5dce5e13a6a09a7f7501e19e8cb657\";a:7:{s:5:\"rowid\";s:32:\"0b5dce5e13a6a09a7f7501e19e8cb657\";s:2:\"id\";s:4:\"FD68\";s:4:\"name\";s:46:\"VEGETABLE WITH MIXED VEGETABLES w/coconut rice\";s:3:\"qty\";s:1:\"1\";s:5:\"price\";s:6:\"122.00\";s:7:\"options\";a:0:{}s:8:\"subtotal\";d:122;}s:32:\"128cffc0afe7ecd0c323f129d8fe7cdd\";a:7:{s:5:\"rowid\";s:32:\"128cffc0afe7ecd0c323f129d8fe7cdd\";s:2:\"id\";s:4:\"FD69\";s:4:\"name\";s:30:\"BOILED Plantain w/spinach soup\";s:3:\"qty\";s:1:\"1\";s:5:\"price\";s:6:\"122.00\";s:7:\"options\";a:0:{}s:8:\"subtotal\";d:122;}s:11:\"total_items\";i:2;s:10:\"cart_total\";d:244;}s:11:\"customer_id\";s:2:\"22\";s:14:\"customer_email\";s:22:\"samadepoyigi@gmail.com\";}', '');
INSERT INTO ci_sessions (`session_id`, `ip_address`, `user_agent`, `last_activity`, `user_data`, `nearest_location`) VALUES ('2d75724457b572047948ccf41f196fb0', '172.16.251.215', 'Mozilla/5.0 (X11; Ubuntu; Linux x86_64; rv:26.0) Gecko/20100101 Firefox/26.0 FirePHP/0.7.4', 1387311372, 'a:1:{s:9:\"user_data\";s:0:\"\";}', '');
INSERT INTO ci_sessions (`session_id`, `ip_address`, `user_agent`, `last_activity`, `user_data`, `nearest_location`) VALUES ('30fd4c81d4ab647edf868ddf374bdcc2', '192.168.1.81', 'Mozilla/5.0 (X11; Ubuntu; Linux x86_64; rv:24.0) Gecko/20100101 Firefox/24.0', 1382472178, 'a:2:{s:9:\"user_data\";s:0:\"\";s:20:\"customer_id_to_reset\";s:2:\"31\";}', '');
INSERT INTO ci_sessions (`session_id`, `ip_address`, `user_agent`, `last_activity`, `user_data`, `nearest_location`) VALUES ('31c8ea02933b4102add4b493f5c32556', '::1', 'Mozilla/5.0 (Macintosh; Intel Mac OS X 10.8; rv:24.0) Gecko/20100101 Firefox/24.0 FirePHP/0.7.4', 1382146945, 'a:6:{s:9:\"user_data\";s:0:\"\";s:13:\"cart_contents\";a:4:{s:32:\"3d9d87c3a4d83f48c3bc2cd70f75095a\";a:7:{s:5:\"rowid\";s:32:\"3d9d87c3a4d83f48c3bc2cd70f75095a\";s:2:\"id\";s:6:\"mnu_26\";s:4:\"name\";s:12:\"STEAMED RICE\";s:3:\"qty\";s:1:\"1\";s:5:\"price\";s:5:\"70.00\";s:7:\"options\";a:0:{}s:8:\"subtotal\";d:70;}s:32:\"0ee59dc81985547fd2827a6f02476ea9\";a:7:{s:5:\"rowid\";s:32:\"0ee59dc81985547fd2827a6f02476ea9\";s:2:\"id\";s:6:\"mnu_31\";s:4:\"name\";s:9:\"CHIN-CHIN\";s:3:\"qty\";s:1:\"1\";s:5:\"price\";s:6:\"200.00\";s:7:\"options\";a:0:{}s:8:\"subtotal\";d:200;}s:11:\"total_items\";i:2;s:10:\"cart_total\";d:270;}s:14:\"local_location\";a:3:{s:6:\"status\";s:2:\"OK\";s:4:\"data\";a:13:{s:11:\"location_id\";s:3:\"135\";s:13:\"location_name\";s:22:\"Excel Local Restaurant\";s:18:\"location_address_1\";s:17:\"1 Western Gateway\";s:18:\"location_address_2\";s:19:\"Royal Victoria Dock\";s:13:\"location_city\";s:14:\"Greater London\";s:17:\"location_postcode\";s:7:\"E16 1XL\";s:19:\"location_country_id\";s:3:\"222\";s:18:\"location_telephone\";s:11:\"02088279114\";s:12:\"location_lat\";s:9:\"51.508492\";s:12:\"location_lng\";s:8:\"0.025040\";s:15:\"location_radius\";s:2:\"25\";s:6:\"status\";s:1:\"0\";s:8:\"distance\";s:18:\"0.0923355206359974\";}s:13:\"opening_hours\";a:7:{i:0;a:3:{s:3:\"day\";s:6:\"Monday\";s:4:\"open\";s:5:\"00:00\";s:5:\"close\";s:5:\"23:59\";}i:1;a:3:{s:3:\"day\";s:7:\"Tuesday\";s:4:\"open\";s:5:\"00:00\";s:5:\"close\";s:5:\"23:59\";}i:2;a:3:{s:3:\"day\";s:9:\"Wednesday\";s:4:\"open\";s:5:\"00:00\";s:5:\"close\";s:5:\"23:59\";}i:3;a:3:{s:3:\"day\";s:8:\"Thursday\";s:4:\"open\";s:5:\"00:00\";s:5:\"close\";s:5:\"23:59\";}i:4;a:3:{s:3:\"day\";s:6:\"Friday\";s:4:\"open\";s:5:\"00:00\";s:5:\"close\";s:5:\"23:59\";}i:5;a:3:{s:3:\"day\";s:8:\"Saturday\";s:4:\"open\";s:5:\"00:00\";s:5:\"close\";s:5:\"23:59\";}i:6;a:3:{s:3:\"day\";s:6:\"Sunday\";s:4:\"open\";s:5:\"00:00\";s:5:\"close\";s:5:\"23:59\";}}}s:11:\"customer_id\";s:2:\"29\";s:14:\"customer_email\";s:17:\"eesyboii@live.com\";s:13:\"order_details\";a:14:{s:17:\"order_location_id\";s:3:\"135\";s:11:\"customer_id\";s:2:\"29\";s:5:\"email\";s:17:\"eesyboii@live.com\";s:10:\"first_name\";s:7:\"Temi Df\";s:9:\"last_name\";s:6:\"Demo2f\";s:9:\"telephone\";s:7:\"3332222\";s:10:\"order_type\";i:2;s:10:\"time_added\";s:5:\"02:42\";s:10:\"date_added\";s:10:\"2013/10/19\";s:7:\"payment\";s:6:\"paypal\";s:11:\"order_total\";d:270;s:11:\"total_items\";i:2;s:10:\"ip_address\";s:3:\"::1\";s:10:\"user_agent\";s:95:\"Mozilla/5.0 (Macintosh; Intel Mac OS X 10.8; rv:24.0) Gecko/20100101 Firefox/24.0 FirePHP/0.7.4\";}}', '');
INSERT INTO ci_sessions (`session_id`, `ip_address`, `user_agent`, `last_activity`, `user_data`, `nearest_location`) VALUES ('32eb374f707df76d923f1bfd120a52cf', '::1', 'Mozilla/5.0 (Macintosh; Intel Mac OS X 10.8; rv:23.0) Gecko/20100101 Firefox/23.0 FirePHP/0.7.4', 1378942446, 'a:6:{s:15:\"reserve_details\";a:10:{s:11:\"location_id\";i:121;s:9:\"guest_num\";i:2;s:12:\"reserve_date\";s:10:\"26-09-2013\";s:12:\"reserve_time\";s:5:\"03:09\";s:8:\"occasion\";i:2;s:10:\"first_name\";s:3:\"Sam\";s:9:\"last_name\";s:5:\"Admin\";s:5:\"email\";s:17:\"eesyboii@live.com\";s:9:\"telephone\";s:6:\"999999\";s:7:\"comment\";s:0:\"\";}s:7:\"user_id\";s:2:\"15\";s:8:\"username\";s:10:\"tastyadmin\";s:11:\"customer_id\";s:2:\"29\";s:14:\"customer_email\";s:17:\"eesyboii@live.com\";s:14:\"local_location\";a:3:{s:6:\"status\";s:2:\"OK\";s:4:\"data\";a:13:{s:11:\"location_id\";s:3:\"135\";s:13:\"location_name\";s:5:\"Excel\";s:18:\"location_address_1\";s:17:\"1 Western Gateway\";s:18:\"location_address_2\";s:19:\"Royal Victoria Dock\";s:13:\"location_city\";s:14:\"Greater London\";s:17:\"location_postcode\";s:7:\"E16 1XL\";s:19:\"location_country_id\";s:3:\"222\";s:18:\"location_telephone\";s:11:\"02088279114\";s:12:\"location_lat\";s:9:\"51.508492\";s:12:\"location_lng\";s:8:\"0.025040\";s:15:\"location_radius\";s:2:\"25\";s:6:\"status\";s:1:\"0\";s:8:\"distance\";s:18:\"0.0923355206359974\";}s:13:\"opening_hours\";a:7:{i:0;a:3:{s:3:\"day\";s:6:\"Monday\";s:4:\"open\";s:5:\"01:00\";s:5:\"close\";s:5:\"23:59\";}i:1;a:3:{s:3:\"day\";s:7:\"Tuesday\";s:4:\"open\";s:5:\"01:00\";s:5:\"close\";s:5:\"23:59\";}i:2;a:3:{s:3:\"day\";s:9:\"Wednesday\";s:4:\"open\";s:5:\"01:00\";s:5:\"close\";s:5:\"23:59\";}i:3;a:3:{s:3:\"day\";s:8:\"Thursday\";s:4:\"open\";s:5:\"01:00\";s:5:\"close\";s:5:\"23:59\";}i:4;a:3:{s:3:\"day\";s:6:\"Friday\";s:4:\"open\";s:5:\"01:00\";s:5:\"close\";s:5:\"23:59\";}i:5;a:3:{s:3:\"day\";s:8:\"Saturday\";s:4:\"open\";s:5:\"01:00\";s:5:\"close\";s:5:\"23:59\";}i:6;a:3:{s:3:\"day\";s:6:\"Sunday\";s:4:\"open\";s:5:\"01:00\";s:5:\"close\";s:5:\"23:59\";}}}}', '');
INSERT INTO ci_sessions (`session_id`, `ip_address`, `user_agent`, `last_activity`, `user_data`, `nearest_location`) VALUES ('3352c77e68dc398697ac7034b6c61c6f', '172.16.251.216', 'Mozilla/5.0 (X11; Ubuntu; Linux x86_64; rv:26.0) Gecko/20100101 Firefox/26.0 FirePHP/0.7.4', 1387337496, 'a:1:{s:9:\"user_data\";s:0:\"\";}', '');
INSERT INTO ci_sessions (`session_id`, `ip_address`, `user_agent`, `last_activity`, `user_data`, `nearest_location`) VALUES ('35482a0687f8d4b58fd415794492bca3', '172.16.251.194', 'Mozilla/5.0 (X11; Ubuntu; Linux x86_64; rv:25.0) Gecko/20100101 Firefox/25.0 FirePHP/0.7.4', 1385070229, 'a:1:{s:9:\"user_data\";s:0:\"\";}', '');
INSERT INTO ci_sessions (`session_id`, `ip_address`, `user_agent`, `last_activity`, `user_data`, `nearest_location`) VALUES ('35e7b866e8daf7e6e91dbc2a330b61c8', '172.16.251.216', 'Mozilla/5.0 (X11; Ubuntu; Linux x86_64; rv:26.0) Gecko/20100101 Firefox/26.0 FirePHP/0.7.4', 1387336977, 'a:1:{s:9:\"user_data\";s:0:\"\";}', '');
INSERT INTO ci_sessions (`session_id`, `ip_address`, `user_agent`, `last_activity`, `user_data`, `nearest_location`) VALUES ('36027be21ad1141fdb9552fcf39eb7f2', '172.16.251.219', 'Mozilla/5.0 (X11; Ubuntu; Linux x86_64; rv:26.0) Gecko/20100101 Firefox/26.0 FirePHP/0.7.4', 1387514403, 'a:4:{s:9:\"user_data\";s:0:\"\";s:13:\"table_details\";a:7:{s:8:\"postcode\";s:19:\"Harrow - 1.53 miles\";s:11:\"location_id\";s:3:\"115\";s:9:\"guest_num\";s:1:\"6\";s:12:\"reserve_date\";s:10:\"28-12-2013\";s:12:\"reserve_time\";s:8:\"12:00:00\";s:8:\"occasion\";s:1:\"4\";s:6:\"tables\";a:2:{i:0;s:1:\"8\";i:1;s:1:\"9\";}}s:7:\"user_id\";s:2:\"15\";s:8:\"username\";s:10:\"tastyadmin\";}', '');
INSERT INTO ci_sessions (`session_id`, `ip_address`, `user_agent`, `last_activity`, `user_data`, `nearest_location`) VALUES ('3692123f9a9599aa525d65744217a218', '192.168.1.81', 'Mozilla/5.0 (X11; Ubuntu; Linux x86_64; rv:24.0) Gecko/20100101 Firefox/24.0', 1382205107, 'a:2:{s:9:\"user_data\";s:0:\"\";s:15:\"flash:old:alert\";s:66:\"<p class=\"warning\">Please, add some menus before you checkout!</p>\";}', '');
INSERT INTO ci_sessions (`session_id`, `ip_address`, `user_agent`, `last_activity`, `user_data`, `nearest_location`) VALUES ('37ba41b9e7501fdbcb6a5457c4e7f6e0', '172.16.251.219', 'Mozilla/5.0 (X11; Ubuntu; Linux x86_64; rv:26.0) Gecko/20100101 Firefox/26.0 FirePHP/0.7.4', 1387567897, 'a:1:{s:9:\"user_data\";s:0:\"\";}', '');
INSERT INTO ci_sessions (`session_id`, `ip_address`, `user_agent`, `last_activity`, `user_data`, `nearest_location`) VALUES ('382dd40e96565d92626ede7373ffee51', '::1', 'Mozilla/5.0 (Macintosh; Intel Mac OS X 10.8; rv:24.0) Gecko/20100101 Firefox/24.0 FirePHP/0.7.4', 1380119201, 'a:2:{s:9:\"user_data\";s:0:\"\";s:14:\"local_location\";a:3:{s:6:\"status\";s:2:\"OK\";s:4:\"data\";a:13:{s:11:\"location_id\";s:3:\"135\";s:13:\"location_name\";s:22:\"Excel Local Restaurant\";s:18:\"location_address_1\";s:17:\"1 Western Gateway\";s:18:\"location_address_2\";s:19:\"Royal Victoria Dock\";s:13:\"location_city\";s:14:\"Greater London\";s:17:\"location_postcode\";s:7:\"E16 1XL\";s:19:\"location_country_id\";s:3:\"222\";s:18:\"location_telephone\";s:11:\"02088279114\";s:12:\"location_lat\";s:9:\"51.508492\";s:12:\"location_lng\";s:8:\"0.025040\";s:15:\"location_radius\";s:2:\"25\";s:6:\"status\";s:1:\"0\";s:8:\"distance\";s:18:\"0.0923355206359974\";}s:13:\"opening_hours\";a:7:{i:0;a:3:{s:3:\"day\";s:6:\"Monday\";s:4:\"open\";s:5:\"00:00\";s:5:\"close\";s:5:\"23:59\";}i:1;a:3:{s:3:\"day\";s:7:\"Tuesday\";s:4:\"open\";s:5:\"00:00\";s:5:\"close\";s:5:\"23:59\";}i:2;a:3:{s:3:\"day\";s:9:\"Wednesday\";s:4:\"open\";s:5:\"00:00\";s:5:\"close\";s:5:\"23:59\";}i:3;a:3:{s:3:\"day\";s:8:\"Thursday\";s:4:\"open\";s:5:\"00:00\";s:5:\"close\";s:5:\"23:59\";}i:4;a:3:{s:3:\"day\";s:6:\"Friday\";s:4:\"open\";s:5:\"00:00\";s:5:\"close\";s:5:\"23:59\";}i:5;a:3:{s:3:\"day\";s:8:\"Saturday\";s:4:\"open\";s:5:\"00:00\";s:5:\"close\";s:5:\"23:59\";}i:6;a:3:{s:3:\"day\";s:6:\"Sunday\";s:4:\"open\";s:5:\"00:00\";s:5:\"close\";s:5:\"23:59\";}}}}', '');
INSERT INTO ci_sessions (`session_id`, `ip_address`, `user_agent`, `last_activity`, `user_data`, `nearest_location`) VALUES ('39839607591f3f54ea377ddb2be8a6cd', '192.168.1.81', 'Mozilla/5.0 (Macintosh; Intel Mac OS X 10_8_5) AppleWebKit/537.36 (KHTML, like Gecko) Chrome/30.0.1599.69 Safari/537.36', 1381509066, 'a:5:{s:9:\"user_data\";s:0:\"\";s:14:\"local_location\";a:3:{s:6:\"status\";s:2:\"OK\";s:4:\"data\";a:13:{s:11:\"location_id\";s:3:\"122\";s:13:\"location_name\";s:8:\"Lewisham\";s:18:\"location_address_1\";s:23:\"35 Lewisham High Street\";s:18:\"location_address_2\";s:0:\"\";s:13:\"location_city\";s:14:\"Greater London\";s:17:\"location_postcode\";s:8:\"SE13 7HS\";s:19:\"location_country_id\";s:1:\"0\";s:18:\"location_telephone\";s:11:\"02088279108\";s:12:\"location_lat\";s:9:\"51.461731\";s:12:\"location_lng\";s:9:\"-0.011749\";s:15:\"location_radius\";s:2:\"25\";s:6:\"status\";s:1:\"0\";s:8:\"distance\";s:16:\"1.96197567670463\";}s:13:\"opening_hours\";a:7:{i:0;a:3:{s:3:\"day\";s:6:\"Monday\";s:4:\"open\";s:5:\"11:00\";s:5:\"close\";s:5:\"23:00\";}i:1;a:3:{s:3:\"day\";s:7:\"Tuesday\";s:4:\"open\";s:5:\"11:00\";s:5:\"close\";s:5:\"23:00\";}i:2;a:3:{s:3:\"day\";s:9:\"Wednesday\";s:4:\"open\";s:5:\"11:00\";s:5:\"close\";s:5:\"23:00\";}i:3;a:3:{s:3:\"day\";s:8:\"Thursday\";s:4:\"open\";s:5:\"11:00\";s:5:\"close\";s:5:\"23:00\";}i:4;a:3:{s:3:\"day\";s:6:\"Friday\";s:4:\"open\";s:5:\"11:00\";s:5:\"close\";s:5:\"23:00\";}i:5;a:3:{s:3:\"day\";s:8:\"Saturday\";s:4:\"open\";s:5:\"11:00\";s:5:\"close\";s:5:\"23:00\";}i:6;a:3:{s:3:\"day\";s:6:\"Sunday\";s:4:\"open\";s:5:\"11:00\";s:5:\"close\";s:5:\"23:00\";}}}s:13:\"cart_contents\";a:4:{s:32:\"14b6f205bbd68150c6467aaa02d00284\";a:7:{s:5:\"rowid\";s:32:\"14b6f205bbd68150c6467aaa02d00284\";s:2:\"id\";s:6:\"mnu_41\";s:4:\"name\";s:14:\"Rice and Beans\";s:3:\"qty\";s:1:\"1\";s:5:\"price\";s:5:\"12.00\";s:7:\"options\";a:0:{}s:8:\"subtotal\";d:12;}s:32:\"43cd439280035f6af42c4f2b96fda0f4\";a:7:{s:5:\"rowid\";s:32:\"43cd439280035f6af42c4f2b96fda0f4\";s:2:\"id\";s:6:\"mnu_33\";s:4:\"name\";s:11:\"JOLLOF RICE\";s:3:\"qty\";s:1:\"1\";s:5:\"price\";s:5:\"70.00\";s:7:\"options\";a:0:{}s:8:\"subtotal\";d:70;}s:11:\"total_items\";i:2;s:10:\"cart_total\";d:82;}s:11:\"customer_id\";s:2:\"29\";s:14:\"customer_email\";s:17:\"eesyboii@live.com\";}', '');
INSERT INTO ci_sessions (`session_id`, `ip_address`, `user_agent`, `last_activity`, `user_data`, `nearest_location`) VALUES ('39869e2f00cd72bad7c3c0c8f2fdf1ce', '::1', 'Mozilla/5.0 (Macintosh; Intel Mac OS X 10.8; rv:24.0) Gecko/20100101 Firefox/24.0 FirePHP/0.7.4', 1380789855, 'a:1:{s:9:\"user_data\";s:0:\"\";}', '');
INSERT INTO ci_sessions (`session_id`, `ip_address`, `user_agent`, `last_activity`, `user_data`, `nearest_location`) VALUES ('39a8b66a339dd19fad3dc51d008e0137', '172.16.251.218', 'Mozilla/5.0 (X11; Ubuntu; Linux x86_64; rv:26.0) Gecko/20100101 Firefox/26.0 FirePHP/0.7.4', 1387419660, 'a:1:{s:9:\"user_data\";s:0:\"\";}', '');
INSERT INTO ci_sessions (`session_id`, `ip_address`, `user_agent`, `last_activity`, `user_data`, `nearest_location`) VALUES ('3a64a441eb6b304dc47eb14036536ba5', '172.16.251.216', 'Mozilla/5.0 (X11; Ubuntu; Linux x86_64; rv:26.0) Gecko/20100101 Firefox/26.0 FirePHP/0.7.4', 1387337196, 'a:2:{s:9:\"user_data\";s:0:\"\";s:13:\"table_details\";a:7:{s:6:\"tables\";a:0:{}s:8:\"postcode\";s:19:\"Harrow - 1.53 miles\";s:11:\"location_id\";s:3:\"115\";s:9:\"guest_num\";s:1:\"3\";s:12:\"reserve_date\";s:10:\"26-12-2013\";s:12:\"reserve_time\";s:8:\"12:00:00\";s:8:\"occasion\";s:1:\"2\";}}', '');
INSERT INTO ci_sessions (`session_id`, `ip_address`, `user_agent`, `last_activity`, `user_data`, `nearest_location`) VALUES ('3d1c8295d2da751693e74a9a9dd6ea5a', '172.16.251.194', 'Mozilla/5.0 (X11; Ubuntu; Linux x86_64; rv:25.0) Gecko/20100101 Firefox/25.0', 1385078799, 'a:2:{s:9:\"user_data\";s:0:\"\";s:15:\"flash:old:alert\";s:66:\"<p class=\"warning\">Please, add some menus before you checkout!</p>\";}', '');
INSERT INTO ci_sessions (`session_id`, `ip_address`, `user_agent`, `last_activity`, `user_data`, `nearest_location`) VALUES ('3d41772ffa345334993de617b7b04be2', '192.168.1.95', 'Mozilla/5.0 (Macintosh; Intel Mac OS X 10.8; rv:24.0) Gecko/20100101 Firefox/24.0', 1381836312, 'a:4:{s:9:\"user_data\";s:0:\"\";s:14:\"local_location\";a:3:{s:6:\"status\";s:2:\"OK\";s:4:\"data\";a:13:{s:11:\"location_id\";s:3:\"135\";s:13:\"location_name\";s:22:\"Excel Local Restaurant\";s:18:\"location_address_1\";s:17:\"1 Western Gateway\";s:18:\"location_address_2\";s:19:\"Royal Victoria Dock\";s:13:\"location_city\";s:14:\"Greater London\";s:17:\"location_postcode\";s:7:\"E16 1XL\";s:19:\"location_country_id\";s:3:\"222\";s:18:\"location_telephone\";s:11:\"02088279114\";s:12:\"location_lat\";s:9:\"51.508492\";s:12:\"location_lng\";s:8:\"0.025040\";s:15:\"location_radius\";s:2:\"25\";s:6:\"status\";s:1:\"0\";s:8:\"distance\";s:17:\"0.203837267334416\";}s:13:\"opening_hours\";a:7:{i:0;a:3:{s:3:\"day\";s:6:\"Monday\";s:4:\"open\";s:5:\"00:00\";s:5:\"close\";s:5:\"23:59\";}i:1;a:3:{s:3:\"day\";s:7:\"Tuesday\";s:4:\"open\";s:5:\"00:00\";s:5:\"close\";s:5:\"23:59\";}i:2;a:3:{s:3:\"day\";s:9:\"Wednesday\";s:4:\"open\";s:5:\"00:00\";s:5:\"close\";s:5:\"23:59\";}i:3;a:3:{s:3:\"day\";s:8:\"Thursday\";s:4:\"open\";s:5:\"00:00\";s:5:\"close\";s:5:\"23:59\";}i:4;a:3:{s:3:\"day\";s:6:\"Friday\";s:4:\"open\";s:5:\"00:00\";s:5:\"close\";s:5:\"23:59\";}i:5;a:3:{s:3:\"day\";s:8:\"Saturday\";s:4:\"open\";s:5:\"00:00\";s:5:\"close\";s:5:\"23:59\";}i:6;a:3:{s:3:\"day\";s:6:\"Sunday\";s:4:\"open\";s:5:\"00:00\";s:5:\"close\";s:5:\"23:59\";}}}s:11:\"customer_id\";s:2:\"29\";s:14:\"customer_email\";s:17:\"eesyboii@live.com\";}', '');
INSERT INTO ci_sessions (`session_id`, `ip_address`, `user_agent`, `last_activity`, `user_data`, `nearest_location`) VALUES ('3ece63fa5d941ba9051003965a7df7ac', 'fe80::99e4:6dd8:fbfa:6e65', 'Mozilla/5.0 (Windows NT 6.1; rv:24.0) Gecko/20100101 Firefox/24.0', 1385291674, 'a:1:{s:9:\"user_data\";s:0:\"\";}', '');
INSERT INTO ci_sessions (`session_id`, `ip_address`, `user_agent`, `last_activity`, `user_data`, `nearest_location`) VALUES ('3fb3af87ade45e32c6ed9acd5aeacaa3', '::1', 'Mozilla/5.0 (Macintosh; Intel Mac OS X 10.8; rv:24.0) Gecko/20100101 Firefox/24.0', 1382145504, 'a:1:{s:9:\"user_data\";s:0:\"\";}', '');
INSERT INTO ci_sessions (`session_id`, `ip_address`, `user_agent`, `last_activity`, `user_data`, `nearest_location`) VALUES ('41e2f969e7e9401326884dcfa2d85ef8', '172.16.251.186', 'Mozilla/5.0 (X11; Ubuntu; Linux x86_64; rv:25.0) Gecko/20100101 Firefox/25.0', 1384388868, 'a:1:{s:9:\"user_data\";s:0:\"\";}', '');
INSERT INTO ci_sessions (`session_id`, `ip_address`, `user_agent`, `last_activity`, `user_data`, `nearest_location`) VALUES ('43b3a5e1cbc2e0cc2d2e698b573b25c4', '::1', 'Mozilla/5.0 (Macintosh; Intel Mac OS X 10.8; rv:24.0) Gecko/20100101 Firefox/24.0 FirePHP/0.7.4', 1379793983, 'a:1:{s:15:\"flash:old:alert\";s:40:\"Error: There are no restaurant near you.\";}', '');
INSERT INTO ci_sessions (`session_id`, `ip_address`, `user_agent`, `last_activity`, `user_data`, `nearest_location`) VALUES ('43c38bb0105fe9942dbf30011f0d79a0', '172.16.251.186', 'Mozilla/5.0 (X11; Ubuntu; Linux x86_64; rv:25.0) Gecko/20100101 Firefox/25.0', 1384295651, 'a:1:{s:9:\"user_data\";s:0:\"\";}', '');
INSERT INTO ci_sessions (`session_id`, `ip_address`, `user_agent`, `last_activity`, `user_data`, `nearest_location`) VALUES ('442613c2bbc57e369fc08da8aa113d6b', '172.16.251.222', 'Mozilla/5.0 (X11; Ubuntu; Linux x86_64; rv:26.0) Gecko/20100101 Firefox/26.0 FirePHP/0.7.4', 1388195127, 'a:6:{s:9:\"user_data\";s:0:\"\";s:11:\"customer_id\";s:2:\"31\";s:14:\"customer_email\";s:13:\"demo@demo.com\";s:7:\"user_id\";s:2:\"15\";s:8:\"username\";s:10:\"tastyadmin\";s:14:\"local_location\";a:3:{s:6:\"status\";s:2:\"OK\";s:4:\"data\";a:18:{s:11:\"location_id\";s:3:\"135\";s:13:\"location_name\";s:22:\"Excel Local Restaurant\";s:14:\"location_email\";s:0:\"\";s:18:\"location_address_1\";s:17:\"1 Western Gateway\";s:18:\"location_address_2\";s:19:\"Royal Victoria Dock\";s:13:\"location_city\";s:14:\"Greater London\";s:17:\"location_postcode\";s:7:\"E16 1XL\";s:19:\"location_country_id\";s:3:\"222\";s:18:\"location_telephone\";s:11:\"02088279114\";s:12:\"location_lat\";s:9:\"51.508492\";s:12:\"location_lng\";s:8:\"0.025040\";s:15:\"location_radius\";s:2:\"25\";s:14:\"offer_delivery\";s:1:\"0\";s:10:\"ready_time\";s:1:\"0\";s:15:\"delivery_charge\";s:4:\"0.00\";s:19:\"min_delivery_charge\";s:4:\"0.00\";s:15:\"location_status\";s:1:\"1\";s:8:\"distance\";s:19:\"0.09233552063599738\";}s:13:\"opening_hours\";a:7:{i:0;a:3:{s:3:\"day\";s:6:\"Monday\";s:4:\"open\";s:5:\"00:00\";s:5:\"close\";s:5:\"23:59\";}i:1;a:3:{s:3:\"day\";s:7:\"Tuesday\";s:4:\"open\";s:5:\"00:00\";s:5:\"close\";s:5:\"23:59\";}i:2;a:3:{s:3:\"day\";s:9:\"Wednesday\";s:4:\"open\";s:5:\"00:00\";s:5:\"close\";s:5:\"23:59\";}i:3;a:3:{s:3:\"day\";s:8:\"Thursday\";s:4:\"open\";s:5:\"00:00\";s:5:\"close\";s:5:\"23:59\";}i:4;a:3:{s:3:\"day\";s:6:\"Friday\";s:4:\"open\";s:5:\"00:00\";s:5:\"close\";s:5:\"23:59\";}i:5;a:3:{s:3:\"day\";s:8:\"Saturday\";s:4:\"open\";s:5:\"00:00\";s:5:\"close\";s:5:\"23:59\";}i:6;a:3:{s:3:\"day\";s:6:\"Sunday\";s:4:\"open\";s:5:\"00:00\";s:5:\"close\";s:5:\"23:59\";}}}}', '');
INSERT INTO ci_sessions (`session_id`, `ip_address`, `user_agent`, `last_activity`, `user_data`, `nearest_location`) VALUES ('442b682821e2d5e7e06725e127305d20', '::1', 'Mozilla/5.0 (Macintosh; Intel Mac OS X 10.8; rv:23.0) Gecko/20100101 Firefox/23.0 FirePHP/0.7.4', 1378688839, 'a:6:{s:7:\"user_id\";s:2:\"15\";s:8:\"username\";s:10:\"tastyadmin\";s:13:\"cart_contents\";a:6:{s:32:\"3f56688764aa35b628bd1b608a437f47\";a:7:{s:5:\"rowid\";s:32:\"3f56688764aa35b628bd1b608a437f47\";s:2:\"id\";s:4:\"FD32\";s:4:\"name\";s:10:\"SCOTCH EGG\";s:3:\"qty\";s:2:\"50\";s:5:\"price\";s:6:\"200.00\";s:7:\"options\";a:0:{}s:8:\"subtotal\";d:10000;}s:32:\"19bb6070c743e6c06d34a5cefaefd70a\";a:7:{s:5:\"rowid\";s:32:\"19bb6070c743e6c06d34a5cefaefd70a\";s:2:\"id\";s:4:\"FD31\";s:4:\"name\";s:9:\"CHIN-CHIN\";s:3:\"qty\";s:2:\"50\";s:5:\"price\";s:6:\"200.00\";s:7:\"options\";a:0:{}s:8:\"subtotal\";d:10000;}s:32:\"f50f2e922e843042db027c95cef284f8\";a:7:{s:5:\"rowid\";s:32:\"f50f2e922e843042db027c95cef284f8\";s:2:\"id\";s:4:\"FD34\";s:4:\"name\";s:9:\"PUFF-PUFF\";s:3:\"qty\";s:2:\"50\";s:5:\"price\";s:5:\"22.00\";s:7:\"options\";a:0:{}s:8:\"subtotal\";d:1100;}s:32:\"f7edd053b9bd7c14a58f064a29af3831\";a:7:{s:5:\"rowid\";s:32:\"f7edd053b9bd7c14a58f064a29af3831\";s:2:\"id\";s:4:\"FD25\";s:4:\"name\";s:4:\"BUNS\";s:3:\"qty\";s:2:\"50\";s:5:\"price\";s:6:\"100.00\";s:7:\"options\";a:0:{}s:8:\"subtotal\";d:5000;}s:11:\"total_items\";i:200;s:10:\"cart_total\";d:26100;}s:11:\"customer_id\";s:2:\"29\";s:14:\"customer_email\";s:17:\"eesyboii@live.com\";s:14:\"local_location\";a:3:{s:6:\"status\";s:2:\"OK\";s:4:\"data\";a:13:{s:11:\"location_id\";s:3:\"121\";s:13:\"location_name\";s:9:\"Greenwich\";s:18:\"location_address_1\";s:16:\"50 Vanbrugh Hill\";s:18:\"location_address_2\";s:0:\"\";s:13:\"location_city\";s:14:\"Greater London\";s:17:\"location_postcode\";s:8:\"SE10 9HF\";s:19:\"location_country_id\";s:3:\"222\";s:18:\"location_telephone\";s:11:\"02088279107\";s:12:\"location_lat\";s:9:\"51.483055\";s:12:\"location_lng\";s:9:\"-0.003908\";s:15:\"location_radius\";s:2:\"25\";s:6:\"status\";s:1:\"0\";s:8:\"distance\";s:17:\"0.570164692757935\";}s:13:\"opening_hours\";a:7:{i:0;a:3:{s:3:\"day\";s:6:\"Monday\";s:4:\"open\";s:5:\"05:00\";s:5:\"close\";s:5:\"23:00\";}i:1;a:3:{s:3:\"day\";s:7:\"Tuesday\";s:4:\"open\";s:5:\"01:00\";s:5:\"close\";s:5:\"23:00\";}i:2;a:3:{s:3:\"day\";s:9:\"Wednesday\";s:4:\"open\";s:5:\"01:00\";s:5:\"close\";s:5:\"23:00\";}i:3;a:3:{s:3:\"day\";s:8:\"Thursday\";s:4:\"open\";s:5:\"15:00\";s:5:\"close\";s:5:\"23:00\";}i:4;a:3:{s:3:\"day\";s:6:\"Friday\";s:4:\"open\";s:5:\"15:00\";s:5:\"close\";s:5:\"23:00\";}i:5;a:3:{s:3:\"day\";s:8:\"Saturday\";s:4:\"open\";s:5:\"01:00\";s:5:\"close\";s:5:\"23:00\";}i:6;a:3:{s:3:\"day\";s:6:\"Sunday\";s:4:\"open\";s:5:\"01:00\";s:5:\"close\";s:5:\"23:00\";}}}}', '');
INSERT INTO ci_sessions (`session_id`, `ip_address`, `user_agent`, `last_activity`, `user_data`, `nearest_location`) VALUES ('44e92198a7404a79835334c5b76a9c0d', '::1', 'Mozilla/5.0 (Macintosh; Intel Mac OS X 10.8; rv:23.0) Gecko/20100101 Firefox/23.0 FirePHP/0.7.4', 1378679035, 'a:5:{s:9:\"user_data\";s:0:\"\";s:13:\"cart_contents\";a:4:{s:32:\"19bb6070c743e6c06d34a5cefaefd70a\";a:7:{s:5:\"rowid\";s:32:\"19bb6070c743e6c06d34a5cefaefd70a\";s:2:\"id\";s:4:\"FD31\";s:4:\"name\";s:9:\"CHIN-CHIN\";s:3:\"qty\";s:1:\"1\";s:5:\"price\";s:6:\"200.00\";s:7:\"options\";a:0:{}s:8:\"subtotal\";d:200;}s:32:\"f7edd053b9bd7c14a58f064a29af3831\";a:7:{s:5:\"rowid\";s:32:\"f7edd053b9bd7c14a58f064a29af3831\";s:2:\"id\";s:4:\"FD25\";s:4:\"name\";s:4:\"BUNS\";s:3:\"qty\";s:1:\"1\";s:5:\"price\";s:6:\"100.00\";s:7:\"options\";a:0:{}s:8:\"subtotal\";d:100;}s:11:\"total_items\";i:2;s:10:\"cart_total\";d:300;}s:14:\"local_location\";a:3:{s:6:\"status\";s:2:\"OK\";s:4:\"data\";a:13:{s:11:\"location_id\";s:3:\"122\";s:13:\"location_name\";s:8:\"Lewisham\";s:18:\"location_address_1\";s:23:\"35 Lewisham High Street\";s:18:\"location_address_2\";s:0:\"\";s:13:\"location_city\";s:14:\"Greater London\";s:17:\"location_postcode\";s:8:\"SE13 7HS\";s:19:\"location_country_id\";s:1:\"0\";s:18:\"location_telephone\";s:11:\"02088279108\";s:12:\"location_lat\";s:9:\"51.461731\";s:12:\"location_lng\";s:9:\"-0.011749\";s:15:\"location_radius\";s:2:\"25\";s:6:\"status\";s:1:\"0\";s:8:\"distance\";s:16:\"1.96197567670463\";}s:13:\"opening_hours\";a:7:{i:0;a:3:{s:3:\"day\";s:6:\"Monday\";s:4:\"open\";s:5:\"11:00\";s:5:\"close\";s:5:\"23:00\";}i:1;a:3:{s:3:\"day\";s:7:\"Tuesday\";s:4:\"open\";s:5:\"11:00\";s:5:\"close\";s:5:\"23:00\";}i:2;a:3:{s:3:\"day\";s:9:\"Wednesday\";s:4:\"open\";s:5:\"11:00\";s:5:\"close\";s:5:\"23:00\";}i:3;a:3:{s:3:\"day\";s:8:\"Thursday\";s:4:\"open\";s:5:\"11:00\";s:5:\"close\";s:5:\"23:00\";}i:4;a:3:{s:3:\"day\";s:6:\"Friday\";s:4:\"open\";s:5:\"11:00\";s:5:\"close\";s:5:\"23:00\";}i:5;a:3:{s:3:\"day\";s:8:\"Saturday\";s:4:\"open\";s:5:\"11:00\";s:5:\"close\";s:5:\"23:00\";}i:6;a:3:{s:3:\"day\";s:6:\"Sunday\";s:4:\"open\";s:5:\"11:00\";s:5:\"close\";s:5:\"23:00\";}}}s:11:\"customer_id\";s:2:\"29\";s:14:\"customer_email\";s:17:\"eesyboii@live.com\";}', '');
INSERT INTO ci_sessions (`session_id`, `ip_address`, `user_agent`, `last_activity`, `user_data`, `nearest_location`) VALUES ('461918ab4f9a5ead344447b027e8c69c', '172.16.251.215', 'Mozilla/5.0 (X11; Ubuntu; Linux x86_64; rv:26.0) Gecko/20100101 Firefox/26.0 FirePHP/0.7.4', 1387314931, 'a:3:{s:9:\"user_data\";s:0:\"\";s:7:\"user_id\";s:2:\"15\";s:8:\"username\";s:10:\"tastyadmin\";}', '');
INSERT INTO ci_sessions (`session_id`, `ip_address`, `user_agent`, `last_activity`, `user_data`, `nearest_location`) VALUES ('46533a6ed351a41477c945974d82d78f', '172.16.251.215', 'Mozilla/5.0 (X11; Ubuntu; Linux x86_64; rv:26.0) Gecko/20100101 Firefox/26.0 FirePHP/0.7.4', 1387311373, 'a:1:{s:9:\"user_data\";s:0:\"\";}', '');
INSERT INTO ci_sessions (`session_id`, `ip_address`, `user_agent`, `last_activity`, `user_data`, `nearest_location`) VALUES ('46b6cc16beef92f7d189088a92b9a0f1', '::1', 'Mozilla/5.0 (Macintosh; Intel Mac OS X 10.8; rv:24.0) Gecko/20100101 Firefox/24.0 FirePHP/0.7.4', 1380815462, 'a:7:{s:9:\"user_data\";s:0:\"\";s:14:\"local_location\";a:3:{s:6:\"status\";s:2:\"OK\";s:4:\"data\";a:13:{s:11:\"location_id\";s:3:\"121\";s:13:\"location_name\";s:9:\"Greenwich\";s:18:\"location_address_1\";s:16:\"50 Vanbrugh Hill\";s:18:\"location_address_2\";s:0:\"\";s:13:\"location_city\";s:14:\"Greater London\";s:17:\"location_postcode\";s:8:\"SE10 9HF\";s:19:\"location_country_id\";s:3:\"222\";s:18:\"location_telephone\";s:11:\"02088279107\";s:12:\"location_lat\";s:9:\"51.483055\";s:12:\"location_lng\";s:9:\"-0.003908\";s:15:\"location_radius\";s:2:\"25\";s:6:\"status\";s:1:\"0\";s:8:\"distance\";s:17:\"0.570164692757935\";}s:13:\"opening_hours\";a:7:{i:0;a:3:{s:3:\"day\";s:6:\"Monday\";s:4:\"open\";s:5:\"05:00\";s:5:\"close\";s:5:\"23:00\";}i:1;a:3:{s:3:\"day\";s:7:\"Tuesday\";s:4:\"open\";s:5:\"01:00\";s:5:\"close\";s:5:\"23:00\";}i:2;a:3:{s:3:\"day\";s:9:\"Wednesday\";s:4:\"open\";s:5:\"01:00\";s:5:\"close\";s:5:\"23:00\";}i:3;a:3:{s:3:\"day\";s:8:\"Thursday\";s:4:\"open\";s:5:\"15:00\";s:5:\"close\";s:5:\"23:00\";}i:4;a:3:{s:3:\"day\";s:6:\"Friday\";s:4:\"open\";s:5:\"15:00\";s:5:\"close\";s:5:\"23:00\";}i:5;a:3:{s:3:\"day\";s:8:\"Saturday\";s:4:\"open\";s:5:\"01:00\";s:5:\"close\";s:5:\"23:00\";}i:6;a:3:{s:3:\"day\";s:6:\"Sunday\";s:4:\"open\";s:5:\"01:00\";s:5:\"close\";s:5:\"23:00\";}}}s:13:\"cart_contents\";a:4:{s:32:\"3c8a2bcf9c42749f0072a0cae6d69cf2\";a:7:{s:5:\"rowid\";s:32:\"3c8a2bcf9c42749f0072a0cae6d69cf2\";s:2:\"id\";s:6:\"mnu_34\";s:4:\"name\";s:9:\"PUFF-PUFF\";s:3:\"qty\";s:1:\"1\";s:5:\"price\";s:5:\"22.00\";s:7:\"options\";a:0:{}s:8:\"subtotal\";d:22;}s:32:\"d575e2f59eebb8919d0aca8f2565f31f\";a:7:{s:5:\"rowid\";s:32:\"d575e2f59eebb8919d0aca8f2565f31f\";s:2:\"id\";s:6:\"mnu_34\";s:4:\"name\";s:9:\"PUFF-PUFF\";s:3:\"qty\";s:1:\"1\";s:5:\"price\";s:5:\"82.00\";s:7:\"options\";a:1:{s:4:\"With\";s:20:\"Assorted Fish: 60.00\";}s:8:\"subtotal\";d:82;}s:11:\"total_items\";i:2;s:10:\"cart_total\";d:104;}s:11:\"customer_id\";s:2:\"22\";s:14:\"customer_email\";s:22:\"samadepoyigi@gmail.com\";s:7:\"user_id\";s:2:\"15\";s:8:\"username\";s:10:\"tastyadmin\";}', '');
INSERT INTO ci_sessions (`session_id`, `ip_address`, `user_agent`, `last_activity`, `user_data`, `nearest_location`) VALUES ('48c362ed5b724e72aef9bad240e1ea9b', '172.16.251.213', 'Mozilla/5.0 (X11; Ubuntu; Linux x86_64; rv:25.0) Gecko/20100101 Firefox/25.0', 1386529460, 'a:2:{s:9:\"user_data\";s:0:\"\";s:15:\"flash:old:alert\";s:66:\"<p class=\"warning\">Please, add some menus before you checkout!</p>\";}', '');
INSERT INTO ci_sessions (`session_id`, `ip_address`, `user_agent`, `last_activity`, `user_data`, `nearest_location`) VALUES ('48ec42b7658b4ab3d2d6d6a3ef5fd8fb', '::1', 'Mozilla/5.0 (Macintosh; Intel Mac OS X 10.8; rv:23.0) Gecko/20100101 Firefox/23.0', 1379705278, 'a:3:{s:7:\"user_id\";s:2:\"15\";s:8:\"username\";s:10:\"tastyadmin\";s:14:\"local_location\";a:3:{s:6:\"status\";s:2:\"OK\";s:4:\"data\";a:13:{s:11:\"location_id\";s:3:\"135\";s:13:\"location_name\";s:5:\"Excel\";s:18:\"location_address_1\";s:17:\"1 Western Gateway\";s:18:\"location_address_2\";s:19:\"Royal Victoria Dock\";s:13:\"location_city\";s:14:\"Greater London\";s:17:\"location_postcode\";s:7:\"E16 1XL\";s:19:\"location_country_id\";s:3:\"222\";s:18:\"location_telephone\";s:11:\"02088279114\";s:12:\"location_lat\";s:9:\"51.508492\";s:12:\"location_lng\";s:8:\"0.025040\";s:15:\"location_radius\";s:2:\"25\";s:6:\"status\";s:1:\"0\";s:8:\"distance\";s:18:\"0.0923355206359974\";}s:13:\"opening_hours\";a:7:{i:0;a:3:{s:3:\"day\";s:6:\"Monday\";s:4:\"open\";s:5:\"01:00\";s:5:\"close\";s:5:\"23:59\";}i:1;a:3:{s:3:\"day\";s:7:\"Tuesday\";s:4:\"open\";s:5:\"01:00\";s:5:\"close\";s:5:\"23:59\";}i:2;a:3:{s:3:\"day\";s:9:\"Wednesday\";s:4:\"open\";s:5:\"01:00\";s:5:\"close\";s:5:\"23:59\";}i:3;a:3:{s:3:\"day\";s:8:\"Thursday\";s:4:\"open\";s:5:\"01:00\";s:5:\"close\";s:5:\"23:59\";}i:4;a:3:{s:3:\"day\";s:6:\"Friday\";s:4:\"open\";s:5:\"01:00\";s:5:\"close\";s:5:\"23:59\";}i:5;a:3:{s:3:\"day\";s:8:\"Saturday\";s:4:\"open\";s:5:\"01:00\";s:5:\"close\";s:5:\"23:59\";}i:6;a:3:{s:3:\"day\";s:6:\"Sunday\";s:4:\"open\";s:5:\"01:00\";s:5:\"close\";s:5:\"23:59\";}}}}', '');
INSERT INTO ci_sessions (`session_id`, `ip_address`, `user_agent`, `last_activity`, `user_data`, `nearest_location`) VALUES ('4903a85777f7161e6a7cb29490630d61', '172.16.251.219', 'Mozilla/5.0 (X11; Ubuntu; Linux x86_64; rv:26.0) Gecko/20100101 Firefox/26.0 FirePHP/0.7.4', 1387578384, 'a:1:{s:9:\"user_data\";s:0:\"\";}', '');
INSERT INTO ci_sessions (`session_id`, `ip_address`, `user_agent`, `last_activity`, `user_data`, `nearest_location`) VALUES ('492ef5621be8a0e7bd2dbca478e4a0b9', '192.168.1.81', 'Mozilla/5.0 (Macintosh; Intel Mac OS X 10.9; rv:25.0) Gecko/20100101 Firefox/25.0', 1385225409, 'a:4:{s:9:\"user_data\";s:0:\"\";s:13:\"cart_contents\";a:3:{s:32:\"44f683a84163b3523afe57c2e008bc8c\";a:7:{s:5:\"rowid\";s:32:\"44f683a84163b3523afe57c2e008bc8c\";s:2:\"id\";s:2:\"62\";s:4:\"name\";s:11:\"POUNDED YAM\";s:3:\"qty\";s:1:\"8\";s:5:\"price\";s:5:\"20.00\";s:7:\"options\";a:0:{}s:8:\"subtotal\";d:160;}s:11:\"total_items\";i:8;s:10:\"cart_total\";d:160;}s:11:\"customer_id\";s:2:\"31\";s:14:\"customer_email\";s:13:\"demo@demo.com\";}', '');
INSERT INTO ci_sessions (`session_id`, `ip_address`, `user_agent`, `last_activity`, `user_data`, `nearest_location`) VALUES ('4a9617653ddf8fa14802e23112f0c442', '172.16.251.216', 'Mozilla/5.0 (X11; Ubuntu; Linux x86_64; rv:26.0) Gecko/20100101 Firefox/26.0 FirePHP/0.7.4', 1387333467, 'a:1:{s:9:\"user_data\";s:0:\"\";}', '');
INSERT INTO ci_sessions (`session_id`, `ip_address`, `user_agent`, `last_activity`, `user_data`, `nearest_location`) VALUES ('4b5005fe408e66aed9336d5180105c60', '::1', 'Mozilla/5.0 (Macintosh; Intel Mac OS X 10.8; rv:23.0) Gecko/20100101 Firefox/23.0', 1378653529, '', '');
INSERT INTO ci_sessions (`session_id`, `ip_address`, `user_agent`, `last_activity`, `user_data`, `nearest_location`) VALUES ('4b5f65a71236f4ef6a0d6c25581f8e3c', '::1', 'Mozilla/5.0 (Macintosh; Intel Mac OS X 10.8; rv:23.0) Gecko/20100101 Firefox/23.0 FirePHP/0.7.4', 1379721680, 'a:6:{s:9:\"user_data\";s:0:\"\";s:14:\"local_location\";a:3:{s:6:\"status\";s:2:\"OK\";s:4:\"data\";a:13:{s:11:\"location_id\";s:3:\"122\";s:13:\"location_name\";s:8:\"Lewisham\";s:18:\"location_address_1\";s:23:\"35 Lewisham High Street\";s:18:\"location_address_2\";s:0:\"\";s:13:\"location_city\";s:14:\"Greater London\";s:17:\"location_postcode\";s:8:\"SE13 7HS\";s:19:\"location_country_id\";s:1:\"0\";s:18:\"location_telephone\";s:11:\"02088279108\";s:12:\"location_lat\";s:9:\"51.461731\";s:12:\"location_lng\";s:9:\"-0.011749\";s:15:\"location_radius\";s:2:\"25\";s:6:\"status\";s:1:\"0\";s:8:\"distance\";s:16:\"1.96197567670463\";}s:13:\"opening_hours\";a:7:{i:0;a:3:{s:3:\"day\";s:6:\"Monday\";s:4:\"open\";s:5:\"11:00\";s:5:\"close\";s:5:\"23:00\";}i:1;a:3:{s:3:\"day\";s:7:\"Tuesday\";s:4:\"open\";s:5:\"11:00\";s:5:\"close\";s:5:\"23:00\";}i:2;a:3:{s:3:\"day\";s:9:\"Wednesday\";s:4:\"open\";s:5:\"11:00\";s:5:\"close\";s:5:\"23:00\";}i:3;a:3:{s:3:\"day\";s:8:\"Thursday\";s:4:\"open\";s:5:\"11:00\";s:5:\"close\";s:5:\"23:00\";}i:4;a:3:{s:3:\"day\";s:6:\"Friday\";s:4:\"open\";s:5:\"11:00\";s:5:\"close\";s:5:\"23:00\";}i:5;a:3:{s:3:\"day\";s:8:\"Saturday\";s:4:\"open\";s:5:\"11:00\";s:5:\"close\";s:5:\"23:00\";}i:6;a:3:{s:3:\"day\";s:6:\"Sunday\";s:4:\"open\";s:5:\"11:00\";s:5:\"close\";s:5:\"23:00\";}}}s:7:\"user_id\";s:2:\"15\";s:8:\"username\";s:10:\"tastyadmin\";s:11:\"customer_id\";s:2:\"29\";s:14:\"customer_email\";s:17:\"eesyboii@live.com\";}', '');
INSERT INTO ci_sessions (`session_id`, `ip_address`, `user_agent`, `last_activity`, `user_data`, `nearest_location`) VALUES ('4cb7eac35a01a3b69a61bff4dbeb85a8', '172.16.251.219', 'Mozilla/5.0 (X11; Ubuntu; Linux x86_64; rv:26.0) Gecko/20100101 Firefox/26.0 FirePHP/0.7.4', 1387562279, 'a:4:{s:9:\"user_data\";s:0:\"\";s:13:\"table_details\";a:7:{s:8:\"postcode\";s:20:\"Earling - 1.73 miles\";s:11:\"location_id\";s:3:\"116\";s:9:\"guest_num\";s:1:\"6\";s:12:\"reserve_date\";s:10:\"31-12-2013\";s:12:\"reserve_time\";s:8:\"13:00:00\";s:8:\"occasion\";s:1:\"3\";s:6:\"tables\";a:3:{i:0;s:1:\"7\";i:1;s:1:\"9\";i:2;s:2:\"10\";}}s:7:\"user_id\";s:2:\"15\";s:8:\"username\";s:10:\"tastyadmin\";}', '');
INSERT INTO ci_sessions (`session_id`, `ip_address`, `user_agent`, `last_activity`, `user_data`, `nearest_location`) VALUES ('4d9559dad33375871096e233292bf897', '172.16.251.215', 'Mozilla/5.0 (X11; Ubuntu; Linux x86_64; rv:26.0) Gecko/20100101 Firefox/26.0 FirePHP/0.7.4', 1387317218, 'a:1:{s:9:\"user_data\";s:0:\"\";}', '');
INSERT INTO ci_sessions (`session_id`, `ip_address`, `user_agent`, `last_activity`, `user_data`, `nearest_location`) VALUES ('4db1a1ba80665827efa16fdc6483072f', '192.168.1.81', 'Mozilla/5.0 (Macintosh; Intel Mac OS X 10.9; rv:25.0) Gecko/20100101 Firefox/25.0 FirePHP/0.7.4', 1387037052, 'a:3:{s:9:\"user_data\";s:0:\"\";s:7:\"user_id\";s:2:\"15\";s:8:\"username\";s:10:\"tastyadmin\";}', '');
INSERT INTO ci_sessions (`session_id`, `ip_address`, `user_agent`, `last_activity`, `user_data`, `nearest_location`) VALUES ('4e9711af08366703112eb9c1616e5729', '192.168.227.1', 'Mozilla/5.0 (Macintosh; Intel Mac OS X 10_9_0) AppleWebKit/537.36 (KHTML, like Gecko) Chrome/30.0.1599.101 Safari/537.36', 1384299407, 'a:1:{s:9:\"user_data\";s:0:\"\";}', '');
INSERT INTO ci_sessions (`session_id`, `ip_address`, `user_agent`, `last_activity`, `user_data`, `nearest_location`) VALUES ('4f878ccdb61d47418e5ccf4d2847c81d', '172.16.251.215', 'Mozilla/5.0 (X11; Ubuntu; Linux x86_64; rv:26.0) Gecko/20100101 Firefox/26.0 FirePHP/0.7.4', 1387329134, 'a:2:{s:9:\"user_data\";s:0:\"\";s:13:\"table_details\";a:6:{s:8:\"postcode\";s:19:\"Harrow - 1.53 miles\";s:11:\"location_id\";s:3:\"115\";s:9:\"guest_num\";s:1:\"7\";s:12:\"reserve_date\";s:10:\"19-12-2013\";s:12:\"reserve_time\";s:7:\"05:00pm\";s:8:\"occasion\";s:1:\"2\";}}', '');
INSERT INTO ci_sessions (`session_id`, `ip_address`, `user_agent`, `last_activity`, `user_data`, `nearest_location`) VALUES ('4ff05ae38ad69113b5df68734c2870dd', '192.168.1.81', 'Mozilla/5.0 (X11; Ubuntu; Linux x86_64; rv:24.0) Gecko/20100101 Firefox/24.0', 1382734766, 'a:6:{s:9:\"user_data\";s:0:\"\";s:7:\"user_id\";s:2:\"15\";s:8:\"username\";s:10:\"tastyadmin\";s:14:\"local_location\";a:3:{s:6:\"status\";s:2:\"OK\";s:4:\"data\";a:13:{s:11:\"location_id\";s:3:\"135\";s:13:\"location_name\";s:22:\"Excel Local Restaurant\";s:18:\"location_address_1\";s:17:\"1 Western Gateway\";s:18:\"location_address_2\";s:19:\"Royal Victoria Dock\";s:13:\"location_city\";s:14:\"Greater London\";s:17:\"location_postcode\";s:7:\"E16 1XL\";s:19:\"location_country_id\";s:3:\"222\";s:18:\"location_telephone\";s:11:\"02088279114\";s:12:\"location_lat\";s:9:\"51.508492\";s:12:\"location_lng\";s:8:\"0.025040\";s:15:\"location_radius\";s:2:\"25\";s:15:\"location_status\";s:1:\"1\";s:8:\"distance\";s:18:\"0.0923355206359974\";}s:13:\"opening_hours\";a:7:{i:0;a:3:{s:3:\"day\";s:6:\"Monday\";s:4:\"open\";s:5:\"00:00\";s:5:\"close\";s:5:\"23:59\";}i:1;a:3:{s:3:\"day\";s:7:\"Tuesday\";s:4:\"open\";s:5:\"00:00\";s:5:\"close\";s:5:\"23:59\";}i:2;a:3:{s:3:\"day\";s:9:\"Wednesday\";s:4:\"open\";s:5:\"00:00\";s:5:\"close\";s:5:\"23:59\";}i:3;a:3:{s:3:\"day\";s:8:\"Thursday\";s:4:\"open\";s:5:\"00:00\";s:5:\"close\";s:5:\"23:59\";}i:4;a:3:{s:3:\"day\";s:6:\"Friday\";s:4:\"open\";s:5:\"00:00\";s:5:\"close\";s:5:\"23:59\";}i:5;a:3:{s:3:\"day\";s:8:\"Saturday\";s:4:\"open\";s:5:\"00:00\";s:5:\"close\";s:5:\"23:59\";}i:6;a:3:{s:3:\"day\";s:6:\"Sunday\";s:4:\"open\";s:5:\"00:00\";s:5:\"close\";s:5:\"23:59\";}}}s:13:\"cart_contents\";a:3:{s:32:\"3c8a2bcf9c42749f0072a0cae6d69cf2\";a:7:{s:5:\"rowid\";s:32:\"3c8a2bcf9c42749f0072a0cae6d69cf2\";s:2:\"id\";s:6:\"mnu_34\";s:4:\"name\";s:9:\"PUFF-PUFF\";s:3:\"qty\";s:1:\"1\";s:5:\"price\";s:5:\"22.00\";s:7:\"options\";a:0:{}s:8:\"subtotal\";d:22;}s:11:\"total_items\";i:1;s:10:\"cart_total\";d:22;}s:15:\"flash:old:alert\";s:48:\"<p class=\"success\">Menu Updated Sucessfully!</p>\";}', '');
INSERT INTO ci_sessions (`session_id`, `ip_address`, `user_agent`, `last_activity`, `user_data`, `nearest_location`) VALUES ('50589b0b36144394118f65d41d322457', '::1', 'Mozilla/5.0 (Macintosh; Intel Mac OS X 10.8; rv:23.0) Gecko/20100101 Firefox/23.0', 1378437340, '', '');
INSERT INTO ci_sessions (`session_id`, `ip_address`, `user_agent`, `last_activity`, `user_data`, `nearest_location`) VALUES ('5071b6db7e190a8c41c4885b12433df8', '172.16.251.194', 'Mozilla/5.0 (X11; Ubuntu; Linux x86_64; rv:25.0) Gecko/20100101 Firefox/25.0 FirePHP/0.7.4', 1385079307, 'a:3:{s:9:\"user_data\";s:0:\"\";s:7:\"user_id\";s:2:\"15\";s:8:\"username\";s:10:\"tastyadmin\";}', '');
INSERT INTO ci_sessions (`session_id`, `ip_address`, `user_agent`, `last_activity`, `user_data`, `nearest_location`) VALUES ('510b7ee0a2caacbbb45ad083b3ced66b', '172.16.251.191', 'Mozilla/5.0 (X11; Ubuntu; Linux x86_64; rv:25.0) Gecko/20100101 Firefox/25.0', 1384529150, 'a:7:{s:9:\"user_data\";s:0:\"\";s:14:\"local_location\";a:3:{s:6:\"status\";s:2:\"OK\";s:4:\"data\";a:13:{s:11:\"location_id\";s:3:\"135\";s:13:\"location_name\";s:22:\"Excel Local Restaurant\";s:18:\"location_address_1\";s:17:\"1 Western Gateway\";s:18:\"location_address_2\";s:19:\"Royal Victoria Dock\";s:13:\"location_city\";s:14:\"Greater London\";s:17:\"location_postcode\";s:7:\"E16 1XL\";s:19:\"location_country_id\";s:3:\"222\";s:18:\"location_telephone\";s:11:\"02088279114\";s:12:\"location_lat\";s:9:\"51.508492\";s:12:\"location_lng\";s:8:\"0.025040\";s:15:\"location_radius\";s:2:\"25\";s:15:\"location_status\";s:1:\"1\";s:8:\"distance\";s:19:\"0.09233552063599738\";}s:13:\"opening_hours\";a:7:{i:0;a:3:{s:3:\"day\";s:6:\"Monday\";s:4:\"open\";s:5:\"00:00\";s:5:\"close\";s:5:\"23:59\";}i:1;a:3:{s:3:\"day\";s:7:\"Tuesday\";s:4:\"open\";s:5:\"00:00\";s:5:\"close\";s:5:\"23:59\";}i:2;a:3:{s:3:\"day\";s:9:\"Wednesday\";s:4:\"open\";s:5:\"00:00\";s:5:\"close\";s:5:\"23:59\";}i:3;a:3:{s:3:\"day\";s:8:\"Thursday\";s:4:\"open\";s:5:\"00:00\";s:5:\"close\";s:5:\"23:59\";}i:4;a:3:{s:3:\"day\";s:6:\"Friday\";s:4:\"open\";s:5:\"00:00\";s:5:\"close\";s:5:\"23:59\";}i:5;a:3:{s:3:\"day\";s:8:\"Saturday\";s:4:\"open\";s:5:\"00:00\";s:5:\"close\";s:5:\"23:59\";}i:6;a:3:{s:3:\"day\";s:6:\"Sunday\";s:4:\"open\";s:5:\"00:00\";s:5:\"close\";s:5:\"23:59\";}}}s:7:\"user_id\";s:2:\"15\";s:8:\"username\";s:10:\"tastyadmin\";s:13:\"cart_contents\";a:5:{s:32:\"8e296a067a37563370ded05f5a3bf3ec\";a:7:{s:5:\"rowid\";s:32:\"8e296a067a37563370ded05f5a3bf3ec\";s:2:\"id\";s:2:\"25\";s:4:\"name\";s:4:\"BUNS\";s:3:\"qty\";s:1:\"1\";s:5:\"price\";s:6:\"100.00\";s:7:\"options\";a:0:{}s:8:\"subtotal\";d:100;}s:32:\"c16a5320fa475530d9583c34fd356ef5\";a:7:{s:5:\"rowid\";s:32:\"c16a5320fa475530d9583c34fd356ef5\";s:2:\"id\";s:2:\"31\";s:4:\"name\";s:9:\"CHIN-CHIN\";s:3:\"qty\";s:1:\"1\";s:5:\"price\";s:6:\"200.00\";s:7:\"options\";a:0:{}s:8:\"subtotal\";d:200;}s:32:\"6364d3f0f495b6ab9dcf8d3b5c6e0b01\";a:7:{s:5:\"rowid\";s:32:\"6364d3f0f495b6ab9dcf8d3b5c6e0b01\";s:2:\"id\";s:2:\"32\";s:4:\"name\";s:10:\"SCOTCH EGG\";s:3:\"qty\";s:1:\"1\";s:5:\"price\";s:6:\"200.00\";s:7:\"options\";a:0:{}s:8:\"subtotal\";d:200;}s:11:\"total_items\";i:3;s:10:\"cart_total\";d:500;}s:11:\"customer_id\";s:2:\"31\";s:14:\"customer_email\";s:13:\"demo@demo.com\";}', '');
INSERT INTO ci_sessions (`session_id`, `ip_address`, `user_agent`, `last_activity`, `user_data`, `nearest_location`) VALUES ('51db67548a19ab6f73e23e96cb95d784', '172.16.251.219', 'Mozilla/5.0 (X11; Ubuntu; Linux x86_64; rv:26.0) Gecko/20100101 Firefox/26.0 FirePHP/0.7.4', 1387580659, 'a:1:{s:9:\"user_data\";s:0:\"\";}', '');
INSERT INTO ci_sessions (`session_id`, `ip_address`, `user_agent`, `last_activity`, `user_data`, `nearest_location`) VALUES ('5237505bced1d8df51dd107320ff07d6', '::1', 'Mozilla/5.0 (Macintosh; Intel Mac OS X 10.8; rv:24.0) Gecko/20100101 Firefox/24.0 FirePHP/0.7.4', 1381921143, 'a:2:{s:9:\"user_data\";s:0:\"\";s:13:\"cart_contents\";a:3:{s:32:\"5c017416410694c30b1f77edecfcccf5\";a:7:{s:5:\"rowid\";s:32:\"5c017416410694c30b1f77edecfcccf5\";s:2:\"id\";s:6:\"mnu_52\";s:4:\"name\";s:13:\"Spinach Salad\";s:3:\"qty\";s:1:\"1\";s:5:\"price\";s:4:\"3.00\";s:7:\"options\";a:0:{}s:8:\"subtotal\";d:3;}s:11:\"total_items\";i:1;s:10:\"cart_total\";d:3;}}', '');
INSERT INTO ci_sessions (`session_id`, `ip_address`, `user_agent`, `last_activity`, `user_data`, `nearest_location`) VALUES ('53decd19ae8fc2e01ac23d26dbd016de', '172.16.251.193', 'Mozilla/5.0 (X11; Ubuntu; Linux x86_64; rv:25.0) Gecko/20100101 Firefox/25.0 FirePHP/0.7.4', 1384986471, 'a:2:{s:9:\"user_data\";s:0:\"\";s:14:\"local_location\";a:3:{s:6:\"status\";s:2:\"OK\";s:4:\"data\";a:13:{s:11:\"location_id\";s:3:\"124\";s:13:\"location_name\";s:7:\"Croydon\";s:18:\"location_address_1\";s:17:\"26 Wellesley Road\";s:18:\"location_address_2\";s:0:\"\";s:13:\"location_city\";s:14:\"Greater London\";s:17:\"location_postcode\";s:7:\"CR0 9XY\";s:19:\"location_country_id\";s:3:\"222\";s:18:\"location_telephone\";s:11:\"02088279110\";s:12:\"location_lat\";s:9:\"51.376038\";s:12:\"location_lng\";s:9:\"-0.097698\";s:15:\"location_radius\";s:2:\"25\";s:15:\"location_status\";s:1:\"1\";s:8:\"distance\";s:22:\"0.00014450445609805887\";}s:13:\"opening_hours\";a:7:{i:0;a:3:{s:3:\"day\";s:6:\"Monday\";s:4:\"open\";s:5:\"00:00\";s:5:\"close\";s:5:\"00:00\";}i:1;a:3:{s:3:\"day\";s:7:\"Tuesday\";s:4:\"open\";s:5:\"00:00\";s:5:\"close\";s:5:\"00:00\";}i:2;a:3:{s:3:\"day\";s:9:\"Wednesday\";s:4:\"open\";s:5:\"00:00\";s:5:\"close\";s:5:\"00:00\";}i:3;a:3:{s:3:\"day\";s:8:\"Thursday\";s:4:\"open\";s:5:\"00:00\";s:5:\"close\";s:5:\"00:00\";}i:4;a:3:{s:3:\"day\";s:6:\"Friday\";s:4:\"open\";s:5:\"00:00\";s:5:\"close\";s:5:\"00:00\";}i:5;a:3:{s:3:\"day\";s:8:\"Saturday\";s:4:\"open\";s:5:\"00:00\";s:5:\"close\";s:5:\"00:00\";}i:6;a:3:{s:3:\"day\";s:6:\"Sunday\";s:4:\"open\";s:5:\"00:00\";s:5:\"close\";s:5:\"00:00\";}}}}', '');
INSERT INTO ci_sessions (`session_id`, `ip_address`, `user_agent`, `last_activity`, `user_data`, `nearest_location`) VALUES ('54ad75646a121cdb547ac9d92f4d143f', '172.16.251.218', 'Mozilla/5.0 (X11; Ubuntu; Linux x86_64; rv:26.0) Gecko/20100101 Firefox/26.0 FirePHP/0.7.4', 1387419661, 'a:1:{s:9:\"user_data\";s:0:\"\";}', '');
INSERT INTO ci_sessions (`session_id`, `ip_address`, `user_agent`, `last_activity`, `user_data`, `nearest_location`) VALUES ('551ce18a55e9940264bc98143c928809', '172.16.251.185', 'Mozilla/5.0 (X11; Ubuntu; Linux x86_64; rv:25.0) Gecko/20100101 Firefox/25.0 FirePHP/0.7.4', 1384182246, 'a:1:{s:9:\"user_data\";s:0:\"\";}', '');
INSERT INTO ci_sessions (`session_id`, `ip_address`, `user_agent`, `last_activity`, `user_data`, `nearest_location`) VALUES ('555842d1993853efa3573b8f09c3d840', '172.16.251.213', 'Mozilla/5.0 (X11; Ubuntu; Linux x86_64; rv:25.0) Gecko/20100101 Firefox/25.0 FirePHP/0.7.4', 1386681258, 'a:1:{s:9:\"user_data\";s:0:\"\";}', '');
INSERT INTO ci_sessions (`session_id`, `ip_address`, `user_agent`, `last_activity`, `user_data`, `nearest_location`) VALUES ('55b378e3f76442b609a6ae0511b563eb', '172.16.251.194', 'Mozilla/5.0 (X11; Ubuntu; Linux x86_64; rv:25.0) Gecko/20100101 Firefox/25.0', 1385079587, 'a:2:{s:9:\"user_data\";s:0:\"\";s:15:\"flash:old:alert\";s:66:\"<p class=\"warning\">Please, add some menus before you checkout!</p>\";}', '');
INSERT INTO ci_sessions (`session_id`, `ip_address`, `user_agent`, `last_activity`, `user_data`, `nearest_location`) VALUES ('573f070a23abddcc145e87eb2e299a87', '172.16.251.219', 'Mozilla/5.0 (X11; Ubuntu; Linux x86_64; rv:26.0) Gecko/20100101 Firefox/26.0 FirePHP/0.7.4', 1387509873, 'a:1:{s:9:\"user_data\";s:0:\"\";}', '');
INSERT INTO ci_sessions (`session_id`, `ip_address`, `user_agent`, `last_activity`, `user_data`, `nearest_location`) VALUES ('57df9388de40367577cd17c299330180', '::1', 'Mozilla/5.0 (Macintosh; Intel Mac OS X 10.8; rv:23.0) Gecko/20100101 Firefox/23.0 FirePHP/0.7.4', 1378671067, 'a:2:{s:9:\"user_data\";s:0:\"\";s:15:\"flash:new:alert\";s:43:\"Please, add some foods before you checkout!\";}', '');
INSERT INTO ci_sessions (`session_id`, `ip_address`, `user_agent`, `last_activity`, `user_data`, `nearest_location`) VALUES ('598d3950c3084791860a335bb7fd3fbc', '::1', 'Mozilla/5.0 (Macintosh; Intel Mac OS X 10.8; rv:24.0) Gecko/20100101 Firefox/24.0 FirePHP/0.7.4', 1380110600, 'a:5:{s:7:\"user_id\";s:2:\"15\";s:8:\"username\";s:10:\"tastyadmin\";s:13:\"cart_contents\";a:6:{s:32:\"6571f7ce85351097280a5b1161967248\";a:7:{s:5:\"rowid\";s:32:\"6571f7ce85351097280a5b1161967248\";s:2:\"id\";s:4:\"FD31\";s:4:\"name\";s:9:\"CHIN-CHIN\";s:3:\"qty\";s:1:\"1\";s:5:\"price\";s:6:\"200.00\";s:7:\"options\";a:1:{s:4:\"With\";s:2:\": \";}s:8:\"subtotal\";d:200;}s:32:\"eb4b679a27d38f742ddd296d4e3ad8b2\";a:7:{s:5:\"rowid\";s:32:\"eb4b679a27d38f742ddd296d4e3ad8b2\";s:2:\"id\";s:4:\"FD25\";s:4:\"name\";s:4:\"BUNS\";s:3:\"qty\";s:1:\"1\";s:5:\"price\";s:6:\"100.00\";s:7:\"options\";a:1:{s:4:\"With\";s:2:\": \";}s:8:\"subtotal\";d:100;}s:32:\"376175eb81905038901f8a467d5acb93\";a:7:{s:5:\"rowid\";s:32:\"376175eb81905038901f8a467d5acb93\";s:2:\"id\";s:4:\"SP29\";s:4:\"name\";s:16:\"Fish Pepper Soup\";s:3:\"qty\";s:1:\"1\";s:5:\"price\";s:5:\"30.00\";s:7:\"options\";a:0:{}s:8:\"subtotal\";d:30;}s:32:\"bff0904a91cde6b0e2615f5543a27052\";a:7:{s:5:\"rowid\";s:32:\"bff0904a91cde6b0e2615f5543a27052\";s:2:\"id\";s:4:\"SP31\";s:4:\"name\";s:24:\"Grilled Halibut On Fruit\";s:3:\"qty\";s:1:\"1\";s:5:\"price\";s:5:\"20.00\";s:7:\"options\";a:0:{}s:8:\"subtotal\";d:20;}s:11:\"total_items\";i:4;s:10:\"cart_total\";d:350;}s:15:\"flash:old:alert\";s:38:\"Error: Postcode appears to be invalid.\";s:14:\"local_location\";a:3:{s:6:\"status\";s:2:\"OK\";s:4:\"data\";a:13:{s:11:\"location_id\";s:3:\"131\";s:13:\"location_name\";s:12:\"Canary Wharf\";s:18:\"location_address_1\";s:17:\"8 Firmount Avenue\";s:18:\"location_address_2\";s:0:\"\";s:13:\"location_city\";s:14:\"Greater London\";s:17:\"location_postcode\";s:7:\"E14 9HH\";s:19:\"location_country_id\";s:3:\"222\";s:18:\"location_telephone\";s:11:\"02088279101\";s:12:\"location_lat\";s:9:\"51.506569\";s:12:\"location_lng\";s:9:\"-0.004563\";s:15:\"location_radius\";s:2:\"25\";s:6:\"status\";s:1:\"0\";s:8:\"distance\";s:17:\"0.602027954480978\";}s:13:\"opening_hours\";a:7:{i:0;a:3:{s:3:\"day\";s:6:\"Monday\";s:4:\"open\";s:5:\"10:00\";s:5:\"close\";s:5:\"20:00\";}i:1;a:3:{s:3:\"day\";s:7:\"Tuesday\";s:4:\"open\";s:5:\"00:00\";s:5:\"close\";s:5:\"00:00\";}i:2;a:3:{s:3:\"day\";s:9:\"Wednesday\";s:4:\"open\";s:5:\"11:00\";s:5:\"close\";s:5:\"20:00\";}i:3;a:3:{s:3:\"day\";s:8:\"Thursday\";s:4:\"open\";s:5:\"00:00\";s:5:\"close\";s:5:\"00:00\";}i:4;a:3:{s:3:\"day\";s:6:\"Friday\";s:4:\"open\";s:5:\"00:00\";s:5:\"close\";s:5:\"00:00\";}i:5;a:3:{s:3:\"day\";s:8:\"Saturday\";s:4:\"open\";s:5:\"00:00\";s:5:\"close\";s:5:\"00:00\";}i:6;a:3:{s:3:\"day\";s:6:\"Sunday\";s:4:\"open\";s:5:\"00:00\";s:5:\"close\";s:5:\"00:00\";}}}}', '');
INSERT INTO ci_sessions (`session_id`, `ip_address`, `user_agent`, `last_activity`, `user_data`, `nearest_location`) VALUES ('5d04a34b572332bc80409eec946bcb8a', '::1', 'Mozilla/5.0 (Macintosh; Intel Mac OS X 10.8; rv:24.0) Gecko/20100101 Firefox/24.0 FirePHP/0.7.4', 1382101005, 'a:5:{s:9:\"user_data\";s:0:\"\";s:14:\"local_location\";a:3:{s:6:\"status\";s:2:\"OK\";s:4:\"data\";a:13:{s:11:\"location_id\";s:3:\"135\";s:13:\"location_name\";s:22:\"Excel Local Restaurant\";s:18:\"location_address_1\";s:17:\"1 Western Gateway\";s:18:\"location_address_2\";s:19:\"Royal Victoria Dock\";s:13:\"location_city\";s:14:\"Greater London\";s:17:\"location_postcode\";s:7:\"E16 1XL\";s:19:\"location_country_id\";s:3:\"222\";s:18:\"location_telephone\";s:11:\"02088279114\";s:12:\"location_lat\";s:9:\"51.508492\";s:12:\"location_lng\";s:8:\"0.025040\";s:15:\"location_radius\";s:2:\"25\";s:6:\"status\";s:1:\"0\";s:8:\"distance\";s:18:\"0.0923355206359974\";}s:13:\"opening_hours\";a:7:{i:0;a:3:{s:3:\"day\";s:6:\"Monday\";s:4:\"open\";s:5:\"00:00\";s:5:\"close\";s:5:\"23:59\";}i:1;a:3:{s:3:\"day\";s:7:\"Tuesday\";s:4:\"open\";s:5:\"00:00\";s:5:\"close\";s:5:\"23:59\";}i:2;a:3:{s:3:\"day\";s:9:\"Wednesday\";s:4:\"open\";s:5:\"00:00\";s:5:\"close\";s:5:\"23:59\";}i:3;a:3:{s:3:\"day\";s:8:\"Thursday\";s:4:\"open\";s:5:\"00:00\";s:5:\"close\";s:5:\"23:59\";}i:4;a:3:{s:3:\"day\";s:6:\"Friday\";s:4:\"open\";s:5:\"00:00\";s:5:\"close\";s:5:\"23:59\";}i:5;a:3:{s:3:\"day\";s:8:\"Saturday\";s:4:\"open\";s:5:\"00:00\";s:5:\"close\";s:5:\"23:59\";}i:6;a:3:{s:3:\"day\";s:6:\"Sunday\";s:4:\"open\";s:5:\"00:00\";s:5:\"close\";s:5:\"23:59\";}}}s:13:\"cart_contents\";a:3:{s:32:\"ec3c78a95576dd3a2385fb9321c2469d\";a:7:{s:5:\"rowid\";s:32:\"ec3c78a95576dd3a2385fb9321c2469d\";s:2:\"id\";s:6:\"mnu_26\";s:4:\"name\";s:12:\"STEAMED RICE\";s:3:\"qty\";s:1:\"1\";s:5:\"price\";s:5:\"84.00\";s:7:\"options\";a:1:{s:4:\"With\";s:16:\"Chicken: £14.00\";}s:8:\"subtotal\";d:84;}s:11:\"total_items\";i:1;s:10:\"cart_total\";d:84;}s:11:\"customer_id\";s:2:\"29\";s:14:\"customer_email\";s:17:\"eesyboii@live.com\";}', '');
INSERT INTO ci_sessions (`session_id`, `ip_address`, `user_agent`, `last_activity`, `user_data`, `nearest_location`) VALUES ('5da09b616738c63e4a9b93bd6039308e', '41.58.52.122', 'Mozilla/5.0 (Macintosh; Intel Mac OS X 10.8; rv:23.0) Gecko/20100101 Firefox/23.0', 1378624221, '', '');
INSERT INTO ci_sessions (`session_id`, `ip_address`, `user_agent`, `last_activity`, `user_data`, `nearest_location`) VALUES ('5e10ff65ddedd214a9d2b7737dcbf9bb', '::1', 'Mozilla/5.0 (Macintosh; Intel Mac OS X 10.8; rv:23.0) Gecko/20100101 Firefox/23.0 FirePHP/0.7.4', 1379496226, 'a:1:{s:9:\"user_data\";s:0:\"\";}', '');
INSERT INTO ci_sessions (`session_id`, `ip_address`, `user_agent`, `last_activity`, `user_data`, `nearest_location`) VALUES ('5eac7bf08f994846c6643acbeca606de', '192.168.1.81', 'Mozilla/5.0 (X11; Ubuntu; Linux x86_64; rv:24.0) Gecko/20100101 Firefox/24.0', 1383152370, 'a:7:{s:9:\"user_data\";s:0:\"\";s:7:\"user_id\";s:2:\"15\";s:8:\"username\";s:10:\"tastyadmin\";s:14:\"local_location\";a:3:{s:6:\"status\";s:2:\"OK\";s:4:\"data\";a:13:{s:11:\"location_id\";s:3:\"122\";s:13:\"location_name\";s:8:\"Lewisham\";s:18:\"location_address_1\";s:23:\"35 Lewisham High Street\";s:18:\"location_address_2\";s:0:\"\";s:13:\"location_city\";s:14:\"Greater London\";s:17:\"location_postcode\";s:8:\"SE13 7HS\";s:19:\"location_country_id\";s:3:\"222\";s:18:\"location_telephone\";s:11:\"02088279108\";s:12:\"location_lat\";s:9:\"51.461731\";s:12:\"location_lng\";s:9:\"-0.011749\";s:15:\"location_radius\";s:2:\"25\";s:15:\"location_status\";s:1:\"1\";s:8:\"distance\";s:16:\"1.96197567670463\";}s:13:\"opening_hours\";a:7:{i:0;a:3:{s:3:\"day\";s:6:\"Monday\";s:4:\"open\";s:5:\"11:00\";s:5:\"close\";s:5:\"23:00\";}i:1;a:3:{s:3:\"day\";s:7:\"Tuesday\";s:4:\"open\";s:5:\"11:00\";s:5:\"close\";s:5:\"23:00\";}i:2;a:3:{s:3:\"day\";s:9:\"Wednesday\";s:4:\"open\";s:5:\"11:00\";s:5:\"close\";s:5:\"23:00\";}i:3;a:3:{s:3:\"day\";s:8:\"Thursday\";s:4:\"open\";s:5:\"11:00\";s:5:\"close\";s:5:\"23:00\";}i:4;a:3:{s:3:\"day\";s:6:\"Friday\";s:4:\"open\";s:5:\"11:00\";s:5:\"close\";s:5:\"23:00\";}i:5;a:3:{s:3:\"day\";s:8:\"Saturday\";s:4:\"open\";s:5:\"11:00\";s:5:\"close\";s:5:\"23:00\";}i:6;a:3:{s:3:\"day\";s:6:\"Sunday\";s:4:\"open\";s:5:\"11:00\";s:5:\"close\";s:5:\"23:00\";}}}s:11:\"customer_id\";s:2:\"31\";s:14:\"customer_email\";s:13:\"demo@demo.com\";s:13:\"cart_contents\";a:5:{s:32:\"8e296a067a37563370ded05f5a3bf3ec\";a:7:{s:5:\"rowid\";s:32:\"8e296a067a37563370ded05f5a3bf3ec\";s:2:\"id\";s:2:\"25\";s:4:\"name\";s:4:\"BUNS\";s:3:\"qty\";s:1:\"8\";s:5:\"price\";s:6:\"100.00\";s:7:\"options\";a:0:{}s:8:\"subtotal\";d:800;}s:32:\"4e732ced3463d06de0ca9a15b6153677\";a:7:{s:5:\"rowid\";s:32:\"4e732ced3463d06de0ca9a15b6153677\";s:2:\"id\";s:2:\"26\";s:4:\"name\";s:12:\"STEAMED RICE\";s:3:\"qty\";s:2:\"10\";s:5:\"price\";s:5:\"70.00\";s:7:\"options\";a:0:{}s:8:\"subtotal\";d:700;}s:32:\"c16a5320fa475530d9583c34fd356ef5\";a:7:{s:5:\"rowid\";s:32:\"c16a5320fa475530d9583c34fd356ef5\";s:2:\"id\";s:2:\"31\";s:4:\"name\";s:9:\"CHIN-CHIN\";s:3:\"qty\";s:1:\"1\";s:5:\"price\";s:6:\"200.00\";s:7:\"options\";a:0:{}s:8:\"subtotal\";d:200;}s:11:\"total_items\";i:19;s:10:\"cart_total\";d:1700;}}', '');
INSERT INTO ci_sessions (`session_id`, `ip_address`, `user_agent`, `last_activity`, `user_data`, `nearest_location`) VALUES ('5f5871d83a877df689c2c96c2cdf496c', '172.16.251.215', 'Mozilla/5.0 (X11; Ubuntu; Linux x86_64; rv:26.0) Gecko/20100101 Firefox/26.0 FirePHP/0.7.4', 1387311370, 'a:1:{s:9:\"user_data\";s:0:\"\";}', '');
INSERT INTO ci_sessions (`session_id`, `ip_address`, `user_agent`, `last_activity`, `user_data`, `nearest_location`) VALUES ('5ffc423bffc2146b115a748b63eac4c5', '172.16.251.213', 'Mozilla/5.0 (X11; Ubuntu; Linux x86_64; rv:25.0) Gecko/20100101 Firefox/25.0 FirePHP/0.7.4', 1386529547, 'a:6:{s:9:\"user_data\";s:0:\"\";s:14:\"local_location\";a:3:{s:6:\"status\";s:2:\"OK\";s:4:\"data\";a:13:{s:11:\"location_id\";s:3:\"117\";s:13:\"location_name\";s:7:\"Hackney\";s:18:\"location_address_1\";s:15:\"44 Darnley Road\";s:18:\"location_address_2\";s:0:\"\";s:13:\"location_city\";s:14:\"Greater London\";s:17:\"location_postcode\";s:6:\"E9 6QH\";s:19:\"location_country_id\";s:3:\"222\";s:18:\"location_telephone\";s:11:\"02088279103\";s:12:\"location_lat\";s:9:\"51.544060\";s:12:\"location_lng\";s:9:\"-0.053999\";s:15:\"location_radius\";s:2:\"25\";s:15:\"location_status\";s:1:\"1\";s:8:\"distance\";s:19:\"0.09871279804879186\";}s:13:\"opening_hours\";a:7:{i:0;a:3:{s:3:\"day\";s:6:\"Monday\";s:4:\"open\";s:5:\"06:00\";s:5:\"close\";s:5:\"23:00\";}i:1;a:3:{s:3:\"day\";s:7:\"Tuesday\";s:4:\"open\";s:5:\"06:00\";s:5:\"close\";s:5:\"23:00\";}i:2;a:3:{s:3:\"day\";s:9:\"Wednesday\";s:4:\"open\";s:5:\"06:00\";s:5:\"close\";s:5:\"23:00\";}i:3;a:3:{s:3:\"day\";s:8:\"Thursday\";s:4:\"open\";s:5:\"06:00\";s:5:\"close\";s:5:\"23:00\";}i:4;a:3:{s:3:\"day\";s:6:\"Friday\";s:4:\"open\";s:5:\"06:00\";s:5:\"close\";s:5:\"23:00\";}i:5;a:3:{s:3:\"day\";s:8:\"Saturday\";s:4:\"open\";s:5:\"06:00\";s:5:\"close\";s:5:\"23:00\";}i:6;a:3:{s:3:\"day\";s:6:\"Sunday\";s:4:\"open\";s:5:\"06:00\";s:5:\"close\";s:5:\"23:00\";}}}s:13:\"cart_contents\";a:6:{s:32:\"c16a5320fa475530d9583c34fd356ef5\";a:7:{s:5:\"rowid\";s:32:\"c16a5320fa475530d9583c34fd356ef5\";s:2:\"id\";s:2:\"31\";s:4:\"name\";s:9:\"CHIN-CHIN\";s:3:\"qty\";s:1:\"1\";s:5:\"price\";s:6:\"200.00\";s:7:\"options\";a:0:{}s:8:\"subtotal\";d:200;}s:32:\"4e732ced3463d06de0ca9a15b6153677\";a:7:{s:5:\"rowid\";s:32:\"4e732ced3463d06de0ca9a15b6153677\";s:2:\"id\";s:2:\"26\";s:4:\"name\";s:12:\"STEAMED RICE\";s:3:\"qty\";s:1:\"3\";s:5:\"price\";s:5:\"70.00\";s:7:\"options\";a:0:{}s:8:\"subtotal\";d:210;}s:32:\"8e296a067a37563370ded05f5a3bf3ec\";a:7:{s:5:\"rowid\";s:32:\"8e296a067a37563370ded05f5a3bf3ec\";s:2:\"id\";s:2:\"25\";s:4:\"name\";s:4:\"BUNS\";s:3:\"qty\";s:1:\"1\";s:5:\"price\";s:6:\"100.00\";s:7:\"options\";a:0:{}s:8:\"subtotal\";d:100;}s:32:\"660206596a81e5ad10d12ac5fea9b877\";a:7:{s:5:\"rowid\";s:32:\"660206596a81e5ad10d12ac5fea9b877\";s:2:\"id\";s:2:\"33\";s:4:\"name\";s:11:\"JOLLOF RICE\";s:3:\"qty\";s:1:\"1\";s:5:\"price\";s:5:\"84.00\";s:7:\"options\";a:1:{s:4:\"With\";s:17:\"Chicken: €14.00\";}s:8:\"subtotal\";d:84;}s:11:\"total_items\";i:6;s:10:\"cart_total\";d:594;}s:11:\"customer_id\";s:2:\"23\";s:14:\"customer_email\";s:17:\"eesyboi@gmail.com\";s:13:\"order_details\";a:15:{s:17:\"order_location_id\";s:3:\"117\";s:17:\"order_customer_id\";s:2:\"23\";s:5:\"email\";s:17:\"eesyboi@gmail.com\";s:10:\"first_name\";s:3:\"Sam\";s:9:\"last_name\";s:3:\"Sam\";s:9:\"telephone\";s:7:\"1234567\";s:10:\"order_type\";i:1;s:10:\"order_time\";s:8:\"19:50:00\";s:10:\"date_added\";s:10:\"2013/12/08\";s:13:\"date_modified\";s:10:\"2013/12/08\";s:16:\"order_address_id\";i:26;s:11:\"order_total\";d:594;s:11:\"total_items\";i:6;s:10:\"ip_address\";s:14:\"172.16.251.213\";s:10:\"user_agent\";s:90:\"Mozilla/5.0 (X11; Ubuntu; Linux x86_64; rv:25.0) Gecko/20100101 Firefox/25.0 FirePHP/0.7.4\";}}', '');
INSERT INTO ci_sessions (`session_id`, `ip_address`, `user_agent`, `last_activity`, `user_data`, `nearest_location`) VALUES ('6082db981f2074d9f52089c1d051c10b', '::1', 'Mozilla/5.0 (Macintosh; Intel Mac OS X 10.8; rv:24.0) Gecko/20100101 Firefox/24.0 FirePHP/0.7.4', 1381007172, 'a:6:{s:9:\"user_data\";s:0:\"\";s:7:\"user_id\";s:2:\"16\";s:8:\"username\";s:11:\"crazystrike\";s:16:\"staff_department\";s:1:\"2\";s:11:\"customer_id\";s:2:\"29\";s:14:\"customer_email\";s:17:\"eesyboii@live.com\";}', '');
INSERT INTO ci_sessions (`session_id`, `ip_address`, `user_agent`, `last_activity`, `user_data`, `nearest_location`) VALUES ('60d771fe94ae3477003385ab85e67298', '::1', 'Mozilla/5.0 (Macintosh; Intel Mac OS X 10.8; rv:23.0) Gecko/20100101 Firefox/23.0', 1378437373, 'a:1:{s:14:\"local_location\";a:3:{s:6:\"status\";s:2:\"OK\";s:4:\"data\";a:13:{s:11:\"location_id\";s:3:\"135\";s:13:\"location_name\";s:5:\"Excel\";s:18:\"location_address_1\";s:17:\"1 Western Gateway\";s:18:\"location_address_2\";s:19:\"Royal Victoria Dock\";s:13:\"location_city\";s:14:\"Greater London\";s:17:\"location_postcode\";s:7:\"E16 1XL\";s:19:\"location_country_id\";s:3:\"222\";s:18:\"location_telephone\";s:11:\"02088279114\";s:12:\"location_lat\";s:9:\"51.508492\";s:12:\"location_lng\";s:8:\"0.025040\";s:15:\"location_radius\";s:2:\"25\";s:6:\"status\";s:1:\"0\";s:8:\"distance\";s:16:\"1.74972695048429\";}s:13:\"opening_hours\";a:7:{i:0;a:3:{s:3:\"day\";s:6:\"Monday\";s:4:\"open\";s:5:\"01:00\";s:5:\"close\";s:5:\"23:59\";}i:1;a:3:{s:3:\"day\";s:7:\"Tuesday\";s:4:\"open\";s:5:\"01:00\";s:5:\"close\";s:5:\"23:59\";}i:2;a:3:{s:3:\"day\";s:9:\"Wednesday\";s:4:\"open\";s:5:\"01:00\";s:5:\"close\";s:5:\"23:59\";}i:3;a:3:{s:3:\"day\";s:8:\"Thursday\";s:4:\"open\";s:5:\"01:00\";s:5:\"close\";s:5:\"23:59\";}i:4;a:3:{s:3:\"day\";s:6:\"Friday\";s:4:\"open\";s:5:\"01:00\";s:5:\"close\";s:5:\"23:59\";}i:5;a:3:{s:3:\"day\";s:8:\"Saturday\";s:4:\"open\";s:5:\"01:00\";s:5:\"close\";s:5:\"23:59\";}i:6;a:3:{s:3:\"day\";s:6:\"Sunday\";s:4:\"open\";s:5:\"01:00\";s:5:\"close\";s:5:\"23:59\";}}}}', '');
INSERT INTO ci_sessions (`session_id`, `ip_address`, `user_agent`, `last_activity`, `user_data`, `nearest_location`) VALUES ('6112544de25afb78f6c85cf77403075e', '172.16.251.216', 'Mozilla/5.0 (X11; Ubuntu; Linux x86_64; rv:26.0) Gecko/20100101 Firefox/26.0 FirePHP/0.7.4', 1387333466, 'a:1:{s:9:\"user_data\";s:0:\"\";}', '');
INSERT INTO ci_sessions (`session_id`, `ip_address`, `user_agent`, `last_activity`, `user_data`, `nearest_location`) VALUES ('61705bfd571e8618c2f5c2980df1fd52', '172.16.251.186', 'Mozilla/5.0 (X11; Ubuntu; Linux x86_64; rv:25.0) Gecko/20100101 Firefox/25.0 FirePHP/0.7.4', 1384480554, 'a:5:{s:9:\"user_data\";s:0:\"\";s:7:\"user_id\";s:2:\"15\";s:8:\"username\";s:10:\"tastyadmin\";s:14:\"local_location\";a:3:{s:6:\"status\";s:2:\"OK\";s:4:\"data\";a:13:{s:11:\"location_id\";s:3:\"135\";s:13:\"location_name\";s:22:\"Excel Local Restaurant\";s:18:\"location_address_1\";s:17:\"1 Western Gateway\";s:18:\"location_address_2\";s:19:\"Royal Victoria Dock\";s:13:\"location_city\";s:14:\"Greater London\";s:17:\"location_postcode\";s:7:\"E16 1XL\";s:19:\"location_country_id\";s:3:\"222\";s:18:\"location_telephone\";s:11:\"02088279114\";s:12:\"location_lat\";s:9:\"51.508492\";s:12:\"location_lng\";s:8:\"0.025040\";s:15:\"location_radius\";s:2:\"25\";s:15:\"location_status\";s:1:\"1\";s:8:\"distance\";s:19:\"0.09233552063599738\";}s:13:\"opening_hours\";a:7:{i:0;a:3:{s:3:\"day\";s:6:\"Monday\";s:4:\"open\";s:5:\"00:00\";s:5:\"close\";s:5:\"23:59\";}i:1;a:3:{s:3:\"day\";s:7:\"Tuesday\";s:4:\"open\";s:5:\"00:00\";s:5:\"close\";s:5:\"23:59\";}i:2;a:3:{s:3:\"day\";s:9:\"Wednesday\";s:4:\"open\";s:5:\"00:00\";s:5:\"close\";s:5:\"23:59\";}i:3;a:3:{s:3:\"day\";s:8:\"Thursday\";s:4:\"open\";s:5:\"00:00\";s:5:\"close\";s:5:\"23:59\";}i:4;a:3:{s:3:\"day\";s:6:\"Friday\";s:4:\"open\";s:5:\"00:00\";s:5:\"close\";s:5:\"23:59\";}i:5;a:3:{s:3:\"day\";s:8:\"Saturday\";s:4:\"open\";s:5:\"00:00\";s:5:\"close\";s:5:\"23:59\";}i:6;a:3:{s:3:\"day\";s:6:\"Sunday\";s:4:\"open\";s:5:\"00:00\";s:5:\"close\";s:5:\"23:59\";}}}s:15:\"flash:old:alert\";s:81:\"<p class=\"success\">Message Sent Sucessfully, we will get back to you shortly!</p>\";}', '');
INSERT INTO ci_sessions (`session_id`, `ip_address`, `user_agent`, `last_activity`, `user_data`, `nearest_location`) VALUES ('617220aebdc0558e15f63b5a34341d35', '172.16.251.204', 'Mozilla/5.0 (X11; Ubuntu; Linux x86_64; rv:25.0) Gecko/20100101 Firefox/25.0 FirePHP/0.7.4', 1386271513, 'a:7:{s:9:\"user_data\";s:0:\"\";s:11:\"customer_id\";s:2:\"23\";s:14:\"customer_email\";s:17:\"eesyboi@gmail.com\";s:13:\"cart_contents\";a:3:{s:32:\"de7190a2bd0d25f3bc35771a89b626a1\";a:7:{s:5:\"rowid\";s:32:\"de7190a2bd0d25f3bc35771a89b626a1\";s:2:\"id\";s:2:\"33\";s:4:\"name\";s:11:\"JOLLOF RICE\";s:3:\"qty\";s:1:\"7\";s:5:\"price\";s:5:\"79.00\";s:7:\"options\";a:1:{s:4:\"With\";s:13:\"Beef: €9.00\";}s:8:\"subtotal\";d:553;}s:11:\"total_items\";i:7;s:10:\"cart_total\";d:553;}s:14:\"local_location\";a:3:{s:6:\"status\";s:2:\"OK\";s:4:\"data\";a:13:{s:11:\"location_id\";s:3:\"124\";s:13:\"location_name\";s:7:\"Croydon\";s:18:\"location_address_1\";s:17:\"26 Wellesley Road\";s:18:\"location_address_2\";s:0:\"\";s:13:\"location_city\";s:14:\"Greater London\";s:17:\"location_postcode\";s:7:\"CR0 9XY\";s:19:\"location_country_id\";s:3:\"222\";s:18:\"location_telephone\";s:11:\"02088279110\";s:12:\"location_lat\";s:9:\"51.376038\";s:12:\"location_lng\";s:9:\"-0.097698\";s:15:\"location_radius\";s:2:\"25\";s:15:\"location_status\";s:1:\"1\";s:8:\"distance\";s:22:\"0.00014450445609805887\";}s:13:\"opening_hours\";a:7:{i:0;a:3:{s:3:\"day\";s:6:\"Monday\";s:4:\"open\";s:5:\"00:00\";s:5:\"close\";s:5:\"00:00\";}i:1;a:3:{s:3:\"day\";s:7:\"Tuesday\";s:4:\"open\";s:5:\"00:00\";s:5:\"close\";s:5:\"00:00\";}i:2;a:3:{s:3:\"day\";s:9:\"Wednesday\";s:4:\"open\";s:5:\"00:00\";s:5:\"close\";s:5:\"00:00\";}i:3;a:3:{s:3:\"day\";s:8:\"Thursday\";s:4:\"open\";s:5:\"00:00\";s:5:\"close\";s:5:\"00:00\";}i:4;a:3:{s:3:\"day\";s:6:\"Friday\";s:4:\"open\";s:5:\"00:00\";s:5:\"close\";s:5:\"00:00\";}i:5;a:3:{s:3:\"day\";s:8:\"Saturday\";s:4:\"open\";s:5:\"00:00\";s:5:\"close\";s:5:\"00:00\";}i:6;a:3:{s:3:\"day\";s:6:\"Sunday\";s:4:\"open\";s:5:\"00:00\";s:5:\"close\";s:5:\"00:00\";}}}s:7:\"user_id\";s:2:\"15\";s:8:\"username\";s:10:\"tastyadmin\";}', '');
INSERT INTO ci_sessions (`session_id`, `ip_address`, `user_agent`, `last_activity`, `user_data`, `nearest_location`) VALUES ('61c4367e639a8d1abc2bd36a91f323ab', '192.168.1.81', 'Mozilla/5.0 (Macintosh; Intel Mac OS X 10.8; rv:24.0) Gecko/20100101 Firefox/24.0', 1382155048, 'a:5:{s:9:\"user_data\";s:0:\"\";s:14:\"local_location\";a:3:{s:6:\"status\";s:2:\"OK\";s:4:\"data\";a:13:{s:11:\"location_id\";s:3:\"135\";s:13:\"location_name\";s:22:\"Excel Local Restaurant\";s:18:\"location_address_1\";s:17:\"1 Western Gateway\";s:18:\"location_address_2\";s:19:\"Royal Victoria Dock\";s:13:\"location_city\";s:14:\"Greater London\";s:17:\"location_postcode\";s:7:\"E16 1XL\";s:19:\"location_country_id\";s:3:\"222\";s:18:\"location_telephone\";s:11:\"02088279114\";s:12:\"location_lat\";s:9:\"51.508492\";s:12:\"location_lng\";s:8:\"0.025040\";s:15:\"location_radius\";s:2:\"25\";s:6:\"status\";s:1:\"0\";s:8:\"distance\";s:18:\"0.0923355206359974\";}s:13:\"opening_hours\";a:7:{i:0;a:3:{s:3:\"day\";s:6:\"Monday\";s:4:\"open\";s:5:\"00:00\";s:5:\"close\";s:5:\"23:59\";}i:1;a:3:{s:3:\"day\";s:7:\"Tuesday\";s:4:\"open\";s:5:\"00:00\";s:5:\"close\";s:5:\"23:59\";}i:2;a:3:{s:3:\"day\";s:9:\"Wednesday\";s:4:\"open\";s:5:\"00:00\";s:5:\"close\";s:5:\"23:59\";}i:3;a:3:{s:3:\"day\";s:8:\"Thursday\";s:4:\"open\";s:5:\"00:00\";s:5:\"close\";s:5:\"23:59\";}i:4;a:3:{s:3:\"day\";s:6:\"Friday\";s:4:\"open\";s:5:\"00:00\";s:5:\"close\";s:5:\"23:59\";}i:5;a:3:{s:3:\"day\";s:8:\"Saturday\";s:4:\"open\";s:5:\"00:00\";s:5:\"close\";s:5:\"23:59\";}i:6;a:3:{s:3:\"day\";s:6:\"Sunday\";s:4:\"open\";s:5:\"00:00\";s:5:\"close\";s:5:\"23:59\";}}}s:11:\"customer_id\";s:2:\"31\";s:14:\"customer_email\";s:13:\"demo@demo.com\";s:13:\"order_details\";a:14:{s:17:\"order_location_id\";s:3:\"135\";s:11:\"customer_id\";s:2:\"31\";s:5:\"email\";s:13:\"demo@demo.com\";s:10:\"first_name\";s:4:\"Demo\";s:9:\"last_name\";s:4:\"Acct\";s:9:\"telephone\";s:6:\"999999\";s:10:\"order_type\";i:2;s:10:\"time_added\";s:5:\"04:36\";s:10:\"date_added\";s:10:\"2013/10/19\";s:7:\"payment\";s:6:\"paypal\";s:11:\"order_total\";d:70;s:11:\"total_items\";i:1;s:10:\"ip_address\";s:12:\"192.168.1.81\";s:10:\"user_agent\";s:81:\"Mozilla/5.0 (Macintosh; Intel Mac OS X 10.8; rv:24.0) Gecko/20100101 Firefox/24.0\";}}', '');
INSERT INTO ci_sessions (`session_id`, `ip_address`, `user_agent`, `last_activity`, `user_data`, `nearest_location`) VALUES ('63385ee744eb51af024c08014cde6559', '192.168.1.81', 'Mozilla/5.0 (Macintosh; Intel Mac OS X 10.8; rv:24.0) Gecko/20100101 Firefox/24.0 FirePHP/0.7.4', 1382147060, 'a:1:{s:9:\"user_data\";s:0:\"\";}', '');
INSERT INTO ci_sessions (`session_id`, `ip_address`, `user_agent`, `last_activity`, `user_data`, `nearest_location`) VALUES ('645915e14a487f43a765f2353ae6dd09', '192.168.1.81', 'Mozilla/5.0 (Macintosh; Intel Mac OS X 10.9; rv:25.0) Gecko/20100101 Firefox/25.0', 1385392927, 'a:4:{s:9:\"user_data\";s:0:\"\";s:7:\"user_id\";s:2:\"15\";s:8:\"username\";s:10:\"tastyadmin\";s:14:\"local_location\";a:3:{s:6:\"status\";s:2:\"OK\";s:4:\"data\";a:13:{s:11:\"location_id\";s:3:\"135\";s:13:\"location_name\";s:22:\"Excel Local Restaurant\";s:18:\"location_address_1\";s:17:\"1 Western Gateway\";s:18:\"location_address_2\";s:19:\"Royal Victoria Dock\";s:13:\"location_city\";s:14:\"Greater London\";s:17:\"location_postcode\";s:7:\"E16 1XL\";s:19:\"location_country_id\";s:3:\"222\";s:18:\"location_telephone\";s:11:\"02088279114\";s:12:\"location_lat\";s:9:\"51.508492\";s:12:\"location_lng\";s:8:\"0.025040\";s:15:\"location_radius\";s:2:\"25\";s:15:\"location_status\";s:1:\"1\";s:8:\"distance\";s:19:\"0.09233552063599738\";}s:13:\"opening_hours\";a:7:{i:0;a:3:{s:3:\"day\";s:6:\"Monday\";s:4:\"open\";s:5:\"00:00\";s:5:\"close\";s:5:\"23:59\";}i:1;a:3:{s:3:\"day\";s:7:\"Tuesday\";s:4:\"open\";s:5:\"00:00\";s:5:\"close\";s:5:\"23:59\";}i:2;a:3:{s:3:\"day\";s:9:\"Wednesday\";s:4:\"open\";s:5:\"00:00\";s:5:\"close\";s:5:\"23:59\";}i:3;a:3:{s:3:\"day\";s:8:\"Thursday\";s:4:\"open\";s:5:\"00:00\";s:5:\"close\";s:5:\"23:59\";}i:4;a:3:{s:3:\"day\";s:6:\"Friday\";s:4:\"open\";s:5:\"00:00\";s:5:\"close\";s:5:\"23:59\";}i:5;a:3:{s:3:\"day\";s:8:\"Saturday\";s:4:\"open\";s:5:\"00:00\";s:5:\"close\";s:5:\"23:59\";}i:6;a:3:{s:3:\"day\";s:6:\"Sunday\";s:4:\"open\";s:5:\"00:00\";s:5:\"close\";s:5:\"23:59\";}}}}', '');
INSERT INTO ci_sessions (`session_id`, `ip_address`, `user_agent`, `last_activity`, `user_data`, `nearest_location`) VALUES ('64fd5faeda47402c27f5eff2d432624c', '::1', 'Mozilla/5.0 (Macintosh; Intel Mac OS X 10.8; rv:23.0) Gecko/20100101 Firefox/23.0 FirePHP/0.7.4', 1378671065, 'a:6:{s:7:\"user_id\";s:2:\"15\";s:8:\"username\";s:10:\"tastyadmin\";s:14:\"local_location\";a:3:{s:6:\"status\";s:2:\"OK\";s:4:\"data\";a:13:{s:11:\"location_id\";s:3:\"122\";s:13:\"location_name\";s:8:\"Lewisham\";s:18:\"location_address_1\";s:23:\"35 Lewisham High Street\";s:18:\"location_address_2\";s:0:\"\";s:13:\"location_city\";s:14:\"Greater London\";s:17:\"location_postcode\";s:8:\"SE13 7HS\";s:19:\"location_country_id\";s:1:\"0\";s:18:\"location_telephone\";s:11:\"02088279108\";s:12:\"location_lat\";s:9:\"51.461731\";s:12:\"location_lng\";s:9:\"-0.011749\";s:15:\"location_radius\";s:2:\"25\";s:6:\"status\";s:1:\"0\";s:8:\"distance\";s:16:\"1.96197567670463\";}s:13:\"opening_hours\";a:7:{i:0;a:3:{s:3:\"day\";s:6:\"Monday\";s:4:\"open\";s:5:\"11:00\";s:5:\"close\";s:5:\"23:00\";}i:1;a:3:{s:3:\"day\";s:7:\"Tuesday\";s:4:\"open\";s:5:\"11:00\";s:5:\"close\";s:5:\"23:00\";}i:2;a:3:{s:3:\"day\";s:9:\"Wednesday\";s:4:\"open\";s:5:\"11:00\";s:5:\"close\";s:5:\"23:00\";}i:3;a:3:{s:3:\"day\";s:8:\"Thursday\";s:4:\"open\";s:5:\"11:00\";s:5:\"close\";s:5:\"23:00\";}i:4;a:3:{s:3:\"day\";s:6:\"Friday\";s:4:\"open\";s:5:\"11:00\";s:5:\"close\";s:5:\"23:00\";}i:5;a:3:{s:3:\"day\";s:8:\"Saturday\";s:4:\"open\";s:5:\"11:00\";s:5:\"close\";s:5:\"23:00\";}i:6;a:3:{s:3:\"day\";s:6:\"Sunday\";s:4:\"open\";s:5:\"11:00\";s:5:\"close\";s:5:\"23:00\";}}}s:11:\"customer_id\";s:2:\"29\";s:14:\"customer_email\";s:17:\"eesyboii@live.com\";s:18:\"flash:new:order_id\";i:2508;}', '');
INSERT INTO ci_sessions (`session_id`, `ip_address`, `user_agent`, `last_activity`, `user_data`, `nearest_location`) VALUES ('65169737f20a5b1ebed2f68166917643', '172.16.251.219', 'Mozilla/5.0 (X11; Ubuntu; Linux x86_64; rv:26.0) Gecko/20100101 Firefox/26.0 FirePHP/0.7.4', 1387586104, 'a:1:{s:9:\"user_data\";s:0:\"\";}', '');
INSERT INTO ci_sessions (`session_id`, `ip_address`, `user_agent`, `last_activity`, `user_data`, `nearest_location`) VALUES ('65a68a04ed3e2840ef2ab4deddbb34dd', '::1', 'Mozilla/5.0 (Macintosh; Intel Mac OS X 10.8; rv:24.0) Gecko/20100101 Firefox/24.0', 1380110634, '', '');
INSERT INTO ci_sessions (`session_id`, `ip_address`, `user_agent`, `last_activity`, `user_data`, `nearest_location`) VALUES ('6622ded8d437aba639f6437abaf1ff82', '192.168.1.81', 'Mozilla/5.0 (X11; Ubuntu; Linux x86_64; rv:24.0) Gecko/20100101 Firefox/24.0', 1382189293, 'a:7:{s:9:\"user_data\";s:0:\"\";s:7:\"user_id\";s:2:\"15\";s:8:\"username\";s:10:\"tastyadmin\";s:14:\"local_location\";a:3:{s:6:\"status\";s:2:\"OK\";s:4:\"data\";a:13:{s:11:\"location_id\";s:3:\"135\";s:13:\"location_name\";s:22:\"Excel Local Restaurant\";s:18:\"location_address_1\";s:17:\"1 Western Gateway\";s:18:\"location_address_2\";s:19:\"Royal Victoria Dock\";s:13:\"location_city\";s:14:\"Greater London\";s:17:\"location_postcode\";s:7:\"E16 1XL\";s:19:\"location_country_id\";s:3:\"222\";s:18:\"location_telephone\";s:11:\"02088279114\";s:12:\"location_lat\";s:9:\"51.508492\";s:12:\"location_lng\";s:8:\"0.025040\";s:15:\"location_radius\";s:2:\"25\";s:6:\"status\";s:1:\"0\";s:8:\"distance\";s:18:\"0.0923355206359974\";}s:13:\"opening_hours\";a:7:{i:0;a:3:{s:3:\"day\";s:6:\"Monday\";s:4:\"open\";s:5:\"00:00\";s:5:\"close\";s:5:\"23:59\";}i:1;a:3:{s:3:\"day\";s:7:\"Tuesday\";s:4:\"open\";s:5:\"00:00\";s:5:\"close\";s:5:\"23:59\";}i:2;a:3:{s:3:\"day\";s:9:\"Wednesday\";s:4:\"open\";s:5:\"00:00\";s:5:\"close\";s:5:\"23:59\";}i:3;a:3:{s:3:\"day\";s:8:\"Thursday\";s:4:\"open\";s:5:\"00:00\";s:5:\"close\";s:5:\"23:59\";}i:4;a:3:{s:3:\"day\";s:6:\"Friday\";s:4:\"open\";s:5:\"00:00\";s:5:\"close\";s:5:\"23:59\";}i:5;a:3:{s:3:\"day\";s:8:\"Saturday\";s:4:\"open\";s:5:\"00:00\";s:5:\"close\";s:5:\"23:59\";}i:6;a:3:{s:3:\"day\";s:6:\"Sunday\";s:4:\"open\";s:5:\"00:00\";s:5:\"close\";s:5:\"23:59\";}}}s:11:\"customer_id\";s:2:\"31\";s:14:\"customer_email\";s:13:\"demo@demo.com\";s:13:\"cart_contents\";a:5:{s:32:\"9d2955646b606c74c02c8af3a1020b85\";a:7:{s:5:\"rowid\";s:32:\"9d2955646b606c74c02c8af3a1020b85\";s:2:\"id\";s:6:\"mnu_26\";s:4:\"name\";s:12:\"STEAMED RICE\";s:3:\"qty\";s:2:\"90\";s:5:\"price\";s:5:\"73.00\";s:7:\"options\";a:1:{s:4:\"With\";s:12:\"Meat: £3.00\";}s:8:\"subtotal\";d:6570;}s:32:\"0ee59dc81985547fd2827a6f02476ea9\";a:7:{s:5:\"rowid\";s:32:\"0ee59dc81985547fd2827a6f02476ea9\";s:2:\"id\";s:6:\"mnu_31\";s:4:\"name\";s:9:\"CHIN-CHIN\";s:3:\"qty\";s:2:\"10\";s:5:\"price\";s:6:\"200.00\";s:7:\"options\";a:0:{}s:8:\"subtotal\";d:2000;}s:32:\"1107aa632c0962d4d03a44fb9f8ce1a4\";a:7:{s:5:\"rowid\";s:32:\"1107aa632c0962d4d03a44fb9f8ce1a4\";s:2:\"id\";s:6:\"mnu_32\";s:4:\"name\";s:10:\"SCOTCH EGG\";s:3:\"qty\";s:2:\"10\";s:5:\"price\";s:6:\"200.00\";s:7:\"options\";a:0:{}s:8:\"subtotal\";d:2000;}s:11:\"total_items\";i:110;s:10:\"cart_total\";d:10570;}}', '');
INSERT INTO ci_sessions (`session_id`, `ip_address`, `user_agent`, `last_activity`, `user_data`, `nearest_location`) VALUES ('66529d7b706b9e27a6eca1f7ad0d7112', '172.16.251.219', 'Mozilla/5.0 (X11; Ubuntu; Linux x86_64; rv:26.0) Gecko/20100101 Firefox/26.0 FirePHP/0.7.4', 1387578382, 'a:1:{s:9:\"user_data\";s:0:\"\";}', '');
INSERT INTO ci_sessions (`session_id`, `ip_address`, `user_agent`, `last_activity`, `user_data`, `nearest_location`) VALUES ('6769963d1d12ad1147eea4d8d388ce85', '172.16.251.190', 'Mozilla/5.0 (X11; Ubuntu; Linux x86_64; rv:25.0) Gecko/20100101 Firefox/25.0', 1384510632, 'a:1:{s:9:\"user_data\";s:0:\"\";}', '');
INSERT INTO ci_sessions (`session_id`, `ip_address`, `user_agent`, `last_activity`, `user_data`, `nearest_location`) VALUES ('686a2653d561ec76cebc80b7cc34c207', '172.16.251.220', 'Mozilla/5.0 (X11; Ubuntu; Linux x86_64; rv:26.0) Gecko/20100101 Firefox/26.0 FirePHP/0.7.4', 1387754709, 'a:1:{s:9:\"user_data\";s:0:\"\";}', '');
INSERT INTO ci_sessions (`session_id`, `ip_address`, `user_agent`, `last_activity`, `user_data`, `nearest_location`) VALUES ('68ee0f2f7c66cfbd1237909a96a09fcd', '172.16.251.215', 'Mozilla/5.0 (X11; Ubuntu; Linux x86_64; rv:26.0) Gecko/20100101 Firefox/26.0 FirePHP/0.7.4', 1387315850, 'a:1:{s:9:\"user_data\";s:0:\"\";}', '');
INSERT INTO ci_sessions (`session_id`, `ip_address`, `user_agent`, `last_activity`, `user_data`, `nearest_location`) VALUES ('6a504602218ece2aace54657327557c7', '172.16.251.220', 'Mozilla/5.0 (X11; Ubuntu; Linux x86_64; rv:26.0) Gecko/20100101 Firefox/26.0', 1387750448, 'a:3:{s:9:\"user_data\";s:0:\"\";s:7:\"user_id\";s:2:\"15\";s:8:\"username\";s:10:\"tastyadmin\";}', '');
INSERT INTO ci_sessions (`session_id`, `ip_address`, `user_agent`, `last_activity`, `user_data`, `nearest_location`) VALUES ('6a7d7855cd6106a1dfc331b56bcaa6b6', '172.16.251.222', 'Mozilla/5.0 (X11; Ubuntu; Linux x86_64; rv:26.0) Gecko/20100101 Firefox/26.0 FirePHP/0.7.4', 1388003685, 'a:5:{s:9:\"user_data\";s:0:\"\";s:14:\"local_location\";a:3:{s:6:\"status\";s:2:\"OK\";s:4:\"data\";a:18:{s:11:\"location_id\";s:3:\"117\";s:13:\"location_name\";s:7:\"Hackney\";s:14:\"location_email\";s:24:\"hackney@tastyigniter.com\";s:18:\"location_address_1\";s:15:\"44 Darnley Road\";s:18:\"location_address_2\";s:0:\"\";s:13:\"location_city\";s:14:\"Greater London\";s:17:\"location_postcode\";s:6:\"E9 6QH\";s:19:\"location_country_id\";s:3:\"222\";s:18:\"location_telephone\";s:11:\"02088279103\";s:12:\"location_lat\";s:9:\"51.544060\";s:12:\"location_lng\";s:9:\"-0.053999\";s:15:\"location_radius\";s:2:\"25\";s:14:\"offer_delivery\";s:1:\"0\";s:10:\"ready_time\";s:1:\"0\";s:15:\"delivery_charge\";s:4:\"0.00\";s:19:\"min_delivery_charge\";s:4:\"0.00\";s:15:\"location_status\";s:1:\"1\";s:8:\"distance\";s:19:\"0.09871279804879186\";}s:13:\"opening_hours\";a:7:{i:0;a:3:{s:3:\"day\";s:6:\"Monday\";s:4:\"open\";s:5:\"06:00\";s:5:\"close\";s:5:\"23:00\";}i:1;a:3:{s:3:\"day\";s:7:\"Tuesday\";s:4:\"open\";s:5:\"06:00\";s:5:\"close\";s:5:\"23:00\";}i:2;a:3:{s:3:\"day\";s:9:\"Wednesday\";s:4:\"open\";s:5:\"06:00\";s:5:\"close\";s:5:\"23:00\";}i:3;a:3:{s:3:\"day\";s:8:\"Thursday\";s:4:\"open\";s:5:\"06:00\";s:5:\"close\";s:5:\"23:00\";}i:4;a:3:{s:3:\"day\";s:6:\"Friday\";s:4:\"open\";s:5:\"06:00\";s:5:\"close\";s:5:\"23:00\";}i:5;a:3:{s:3:\"day\";s:8:\"Saturday\";s:4:\"open\";s:5:\"06:00\";s:5:\"close\";s:5:\"23:00\";}i:6;a:3:{s:3:\"day\";s:6:\"Sunday\";s:4:\"open\";s:5:\"06:00\";s:5:\"close\";s:5:\"23:00\";}}}s:13:\"cart_contents\";a:3:{s:32:\"8e296a067a37563370ded05f5a3bf3ec\";a:7:{s:5:\"rowid\";s:32:\"8e296a067a37563370ded05f5a3bf3ec\";s:2:\"id\";s:2:\"25\";s:4:\"name\";s:4:\"BUNS\";s:3:\"qty\";s:1:\"1\";s:5:\"price\";s:6:\"100.00\";s:7:\"options\";a:0:{}s:8:\"subtotal\";d:100;}s:11:\"total_items\";i:1;s:10:\"cart_total\";d:100;}s:11:\"customer_id\";s:2:\"31\";s:14:\"customer_email\";s:13:\"demo@demo.com\";}', '');
INSERT INTO ci_sessions (`session_id`, `ip_address`, `user_agent`, `last_activity`, `user_data`, `nearest_location`) VALUES ('6b70f060461ebe3294fc0aaa892286e4', '::1', 'Mozilla/5.0 (Macintosh; Intel Mac OS X 10.8; rv:24.0) Gecko/20100101 Firefox/24.0', 1381955125, 'a:7:{s:9:\"user_data\";s:0:\"\";s:14:\"local_location\";a:3:{s:6:\"status\";s:2:\"OK\";s:4:\"data\";a:13:{s:11:\"location_id\";s:3:\"131\";s:13:\"location_name\";s:12:\"Canary Wharf\";s:18:\"location_address_1\";s:17:\"8 Firmount Avenue\";s:18:\"location_address_2\";s:0:\"\";s:13:\"location_city\";s:14:\"Greater London\";s:17:\"location_postcode\";s:7:\"E14 9HH\";s:19:\"location_country_id\";s:3:\"222\";s:18:\"location_telephone\";s:11:\"02088279101\";s:12:\"location_lat\";s:9:\"51.506569\";s:12:\"location_lng\";s:9:\"-0.004563\";s:15:\"location_radius\";s:2:\"25\";s:6:\"status\";s:1:\"0\";s:8:\"distance\";s:17:\"0.602027954480978\";}s:13:\"opening_hours\";a:7:{i:0;a:3:{s:3:\"day\";s:6:\"Monday\";s:4:\"open\";s:5:\"10:00\";s:5:\"close\";s:5:\"20:00\";}i:1;a:3:{s:3:\"day\";s:7:\"Tuesday\";s:4:\"open\";s:5:\"00:00\";s:5:\"close\";s:5:\"00:00\";}i:2;a:3:{s:3:\"day\";s:9:\"Wednesday\";s:4:\"open\";s:5:\"11:00\";s:5:\"close\";s:5:\"20:00\";}i:3;a:3:{s:3:\"day\";s:8:\"Thursday\";s:4:\"open\";s:5:\"00:00\";s:5:\"close\";s:5:\"00:00\";}i:4;a:3:{s:3:\"day\";s:6:\"Friday\";s:4:\"open\";s:5:\"00:00\";s:5:\"close\";s:5:\"00:00\";}i:5;a:3:{s:3:\"day\";s:8:\"Saturday\";s:4:\"open\";s:5:\"00:00\";s:5:\"close\";s:5:\"00:00\";}i:6;a:3:{s:3:\"day\";s:6:\"Sunday\";s:4:\"open\";s:5:\"00:00\";s:5:\"close\";s:5:\"00:00\";}}}s:11:\"customer_id\";s:2:\"29\";s:14:\"customer_email\";s:17:\"eesyboii@live.com\";s:13:\"cart_contents\";a:5:{s:32:\"3d9d87c3a4d83f48c3bc2cd70f75095a\";a:7:{s:5:\"rowid\";s:32:\"3d9d87c3a4d83f48c3bc2cd70f75095a\";s:2:\"id\";s:6:\"mnu_26\";s:4:\"name\";s:12:\"STEAMED RICE\";s:3:\"qty\";s:1:\"6\";s:5:\"price\";s:5:\"70.00\";s:7:\"options\";a:0:{}s:8:\"subtotal\";d:420;}s:32:\"77fd097557ef342274ad50bf72903a50\";a:7:{s:5:\"rowid\";s:32:\"77fd097557ef342274ad50bf72903a50\";s:2:\"id\";s:6:\"mnu_25\";s:4:\"name\";s:4:\"BUNS\";s:3:\"qty\";s:1:\"1\";s:5:\"price\";s:6:\"100.00\";s:7:\"options\";a:0:{}s:8:\"subtotal\";d:100;}s:32:\"ee4bc03b0770cef121c783cc3261f8a3\";a:7:{s:5:\"rowid\";s:32:\"ee4bc03b0770cef121c783cc3261f8a3\";s:2:\"id\";s:6:\"mnu_53\";s:4:\"name\";s:13:\"Seafood Salad\";s:3:\"qty\";s:1:\"1\";s:5:\"price\";s:4:\"3.00\";s:7:\"options\";a:0:{}s:8:\"subtotal\";d:3;}s:11:\"total_items\";i:8;s:10:\"cart_total\";d:523;}s:7:\"user_id\";s:2:\"15\";s:8:\"username\";s:10:\"tastyadmin\";}', '');
INSERT INTO ci_sessions (`session_id`, `ip_address`, `user_agent`, `last_activity`, `user_data`, `nearest_location`) VALUES ('6b7fdd8884c5719f3124501485bc61be', '::1', 'Mozilla/5.0 (Macintosh; Intel Mac OS X 10.8; rv:24.0) Gecko/20100101 Firefox/24.0', 1382114617, 'a:2:{s:9:\"user_data\";s:0:\"\";s:15:\"flash:new:alert\";s:66:\"<p class=\"warning\">Please, add some menus before you checkout!</p>\";}', '');
INSERT INTO ci_sessions (`session_id`, `ip_address`, `user_agent`, `last_activity`, `user_data`, `nearest_location`) VALUES ('6c2c003fc71468ddf8ec9cc719023472', '172.16.251.216', 'Mozilla/5.0 (X11; Ubuntu; Linux x86_64; rv:26.0) Gecko/20100101 Firefox/26.0 FirePHP/0.7.4', 1387336766, 'a:1:{s:9:\"user_data\";s:0:\"\";}', '');
INSERT INTO ci_sessions (`session_id`, `ip_address`, `user_agent`, `last_activity`, `user_data`, `nearest_location`) VALUES ('6cfba545c668f73dbc2480a23e91af38', '172.16.251.222', 'Mozilla/5.0 (X11; Ubuntu; Linux x86_64; rv:26.0) Gecko/20100101 Firefox/26.0 FirePHP/0.7.4', 1388006677, 'a:5:{s:9:\"user_data\";s:0:\"\";s:11:\"customer_id\";s:2:\"31\";s:14:\"customer_email\";s:13:\"demo@demo.com\";s:14:\"local_location\";a:3:{s:6:\"status\";s:2:\"OK\";s:4:\"data\";a:18:{s:11:\"location_id\";s:3:\"122\";s:13:\"location_name\";s:8:\"Lewisham\";s:14:\"location_email\";s:0:\"\";s:18:\"location_address_1\";s:23:\"35 Lewisham High Street\";s:18:\"location_address_2\";s:0:\"\";s:13:\"location_city\";s:14:\"Greater London\";s:17:\"location_postcode\";s:8:\"SE13 7HS\";s:19:\"location_country_id\";s:3:\"222\";s:18:\"location_telephone\";s:11:\"02088279108\";s:12:\"location_lat\";s:9:\"51.461731\";s:12:\"location_lng\";s:9:\"-0.011749\";s:15:\"location_radius\";s:2:\"25\";s:14:\"offer_delivery\";s:1:\"0\";s:10:\"ready_time\";s:1:\"0\";s:15:\"delivery_charge\";s:4:\"0.00\";s:19:\"min_delivery_charge\";s:4:\"0.00\";s:15:\"location_status\";s:1:\"1\";s:8:\"distance\";s:18:\"1.9619756767046261\";}s:13:\"opening_hours\";a:7:{i:0;a:3:{s:3:\"day\";s:6:\"Monday\";s:4:\"open\";s:5:\"11:00\";s:5:\"close\";s:5:\"23:00\";}i:1;a:3:{s:3:\"day\";s:7:\"Tuesday\";s:4:\"open\";s:5:\"11:00\";s:5:\"close\";s:5:\"23:00\";}i:2;a:3:{s:3:\"day\";s:9:\"Wednesday\";s:4:\"open\";s:5:\"11:00\";s:5:\"close\";s:5:\"23:00\";}i:3;a:3:{s:3:\"day\";s:8:\"Thursday\";s:4:\"open\";s:5:\"11:00\";s:5:\"close\";s:5:\"23:00\";}i:4;a:3:{s:3:\"day\";s:6:\"Friday\";s:4:\"open\";s:5:\"11:00\";s:5:\"close\";s:5:\"23:00\";}i:5;a:3:{s:3:\"day\";s:8:\"Saturday\";s:4:\"open\";s:5:\"11:00\";s:5:\"close\";s:5:\"23:00\";}i:6;a:3:{s:3:\"day\";s:6:\"Sunday\";s:4:\"open\";s:5:\"11:00\";s:5:\"close\";s:5:\"23:00\";}}}s:13:\"cart_contents\";a:3:{s:32:\"8e296a067a37563370ded05f5a3bf3ec\";a:7:{s:5:\"rowid\";s:32:\"8e296a067a37563370ded05f5a3bf3ec\";s:2:\"id\";s:2:\"25\";s:4:\"name\";s:4:\"BUNS\";s:3:\"qty\";s:1:\"1\";s:5:\"price\";s:6:\"100.00\";s:7:\"options\";a:0:{}s:8:\"subtotal\";d:100;}s:11:\"total_items\";i:1;s:10:\"cart_total\";d:100;}}', '');
INSERT INTO ci_sessions (`session_id`, `ip_address`, `user_agent`, `last_activity`, `user_data`, `nearest_location`) VALUES ('6dd7ed993f3170b97ca14562a2808b6b', '172.16.251.186', 'Mozilla/5.0 (X11; Ubuntu; Linux x86_64; rv:25.0) Gecko/20100101 Firefox/25.0 FirePHP/0.7.4', 1384357323, 'a:5:{s:9:\"user_data\";s:0:\"\";s:7:\"user_id\";s:2:\"15\";s:8:\"username\";s:10:\"tastyadmin\";s:13:\"cart_contents\";a:3:{s:32:\"c16a5320fa475530d9583c34fd356ef5\";a:7:{s:5:\"rowid\";s:32:\"c16a5320fa475530d9583c34fd356ef5\";s:2:\"id\";s:2:\"31\";s:4:\"name\";s:9:\"CHIN-CHIN\";s:3:\"qty\";s:1:\"1\";s:5:\"price\";s:6:\"200.00\";s:7:\"options\";a:0:{}s:8:\"subtotal\";d:200;}s:11:\"total_items\";i:1;s:10:\"cart_total\";d:200;}s:14:\"local_location\";a:3:{s:6:\"status\";s:2:\"OK\";s:4:\"data\";a:13:{s:11:\"location_id\";s:3:\"117\";s:13:\"location_name\";s:7:\"Hackney\";s:18:\"location_address_1\";s:15:\"44 Darnley Road\";s:18:\"location_address_2\";s:0:\"\";s:13:\"location_city\";s:14:\"Greater London\";s:17:\"location_postcode\";s:6:\"E9 6QH\";s:19:\"location_country_id\";s:3:\"222\";s:18:\"location_telephone\";s:11:\"02088279103\";s:12:\"location_lat\";s:9:\"51.544060\";s:12:\"location_lng\";s:9:\"-0.053999\";s:15:\"location_radius\";s:2:\"25\";s:15:\"location_status\";s:1:\"1\";s:8:\"distance\";s:19:\"0.09871279804879186\";}s:13:\"opening_hours\";a:7:{i:0;a:3:{s:3:\"day\";s:6:\"Monday\";s:4:\"open\";s:5:\"06:00\";s:5:\"close\";s:5:\"23:00\";}i:1;a:3:{s:3:\"day\";s:7:\"Tuesday\";s:4:\"open\";s:5:\"06:00\";s:5:\"close\";s:5:\"23:00\";}i:2;a:3:{s:3:\"day\";s:9:\"Wednesday\";s:4:\"open\";s:5:\"06:00\";s:5:\"close\";s:5:\"23:00\";}i:3;a:3:{s:3:\"day\";s:8:\"Thursday\";s:4:\"open\";s:5:\"06:00\";s:5:\"close\";s:5:\"23:00\";}i:4;a:3:{s:3:\"day\";s:6:\"Friday\";s:4:\"open\";s:5:\"06:00\";s:5:\"close\";s:5:\"23:00\";}i:5;a:3:{s:3:\"day\";s:8:\"Saturday\";s:4:\"open\";s:5:\"06:00\";s:5:\"close\";s:5:\"23:00\";}i:6;a:3:{s:3:\"day\";s:6:\"Sunday\";s:4:\"open\";s:5:\"06:00\";s:5:\"close\";s:5:\"23:00\";}}}}', '');
INSERT INTO ci_sessions (`session_id`, `ip_address`, `user_agent`, `last_activity`, `user_data`, `nearest_location`) VALUES ('70df001c74fe22e4e1be4d342baa6e4b', '172.16.251.186', 'Mozilla/5.0 (X11; Ubuntu; Linux x86_64; rv:25.0) Gecko/20100101 Firefox/25.0 FirePHP/0.7.4', 1384383482, 'a:7:{s:9:\"user_data\";s:0:\"\";s:13:\"cart_contents\";a:4:{s:32:\"8e296a067a37563370ded05f5a3bf3ec\";a:7:{s:5:\"rowid\";s:32:\"8e296a067a37563370ded05f5a3bf3ec\";s:2:\"id\";s:2:\"25\";s:4:\"name\";s:4:\"BUNS\";s:3:\"qty\";s:2:\"20\";s:5:\"price\";s:6:\"100.00\";s:7:\"options\";a:0:{}s:8:\"subtotal\";d:2000;}s:32:\"6364d3f0f495b6ab9dcf8d3b5c6e0b01\";a:7:{s:5:\"rowid\";s:32:\"6364d3f0f495b6ab9dcf8d3b5c6e0b01\";s:2:\"id\";s:2:\"32\";s:4:\"name\";s:10:\"SCOTCH EGG\";s:3:\"qty\";s:2:\"20\";s:5:\"price\";s:6:\"200.00\";s:7:\"options\";a:0:{}s:8:\"subtotal\";d:4000;}s:11:\"total_items\";i:40;s:10:\"cart_total\";d:6000;}s:7:\"user_id\";s:2:\"15\";s:8:\"username\";s:10:\"tastyadmin\";s:14:\"local_location\";a:3:{s:6:\"status\";s:2:\"OK\";s:4:\"data\";a:13:{s:11:\"location_id\";s:3:\"135\";s:13:\"location_name\";s:22:\"Excel Local Restaurant\";s:18:\"location_address_1\";s:17:\"1 Western Gateway\";s:18:\"location_address_2\";s:19:\"Royal Victoria Dock\";s:13:\"location_city\";s:14:\"Greater London\";s:17:\"location_postcode\";s:7:\"E16 1XL\";s:19:\"location_country_id\";s:3:\"222\";s:18:\"location_telephone\";s:11:\"02088279114\";s:12:\"location_lat\";s:9:\"51.508492\";s:12:\"location_lng\";s:8:\"0.025040\";s:15:\"location_radius\";s:2:\"25\";s:15:\"location_status\";s:1:\"1\";s:8:\"distance\";s:19:\"0.09233552063599738\";}s:13:\"opening_hours\";a:7:{i:0;a:3:{s:3:\"day\";s:6:\"Monday\";s:4:\"open\";s:5:\"00:00\";s:5:\"close\";s:5:\"23:59\";}i:1;a:3:{s:3:\"day\";s:7:\"Tuesday\";s:4:\"open\";s:5:\"00:00\";s:5:\"close\";s:5:\"23:59\";}i:2;a:3:{s:3:\"day\";s:9:\"Wednesday\";s:4:\"open\";s:5:\"00:00\";s:5:\"close\";s:5:\"23:59\";}i:3;a:3:{s:3:\"day\";s:8:\"Thursday\";s:4:\"open\";s:5:\"00:00\";s:5:\"close\";s:5:\"23:59\";}i:4;a:3:{s:3:\"day\";s:6:\"Friday\";s:4:\"open\";s:5:\"00:00\";s:5:\"close\";s:5:\"23:59\";}i:5;a:3:{s:3:\"day\";s:8:\"Saturday\";s:4:\"open\";s:5:\"00:00\";s:5:\"close\";s:5:\"23:59\";}i:6;a:3:{s:3:\"day\";s:6:\"Sunday\";s:4:\"open\";s:5:\"00:00\";s:5:\"close\";s:5:\"23:59\";}}}s:11:\"customer_id\";s:2:\"22\";s:14:\"customer_email\";s:22:\"samadepoyigi@gmail.com\";}', '');
INSERT INTO ci_sessions (`session_id`, `ip_address`, `user_agent`, `last_activity`, `user_data`, `nearest_location`) VALUES ('7180c554dc9c0ab76729e8dca49c05f6', '172.16.251.191', 'Mozilla/5.0 (X11; Ubuntu; Linux x86_64; rv:25.0) Gecko/20100101 Firefox/25.0 FirePHP/0.7.4', 1384857951, 'a:3:{s:9:\"user_data\";s:0:\"\";s:7:\"user_id\";s:2:\"15\";s:8:\"username\";s:10:\"tastyadmin\";}', '');
INSERT INTO ci_sessions (`session_id`, `ip_address`, `user_agent`, `last_activity`, `user_data`, `nearest_location`) VALUES ('72eb7070f3f2c98dc95c5ea00eaf990d', '192.168.1.81', 'Mozilla/5.0 (Macintosh; Intel Mac OS X 10.8; rv:24.0) Gecko/20100101 Firefox/24.0', 1382155054, 'a:1:{s:9:\"user_data\";s:0:\"\";}', '');
INSERT INTO ci_sessions (`session_id`, `ip_address`, `user_agent`, `last_activity`, `user_data`, `nearest_location`) VALUES ('7546164c0ca51691b33b3d6b78ba061b', '::1', 'Mozilla/5.0 (Macintosh; Intel Mac OS X 10.8; rv:24.0) Gecko/20100101 Firefox/24.0', 1380029306, 'a:5:{s:7:\"user_id\";s:2:\"15\";s:8:\"username\";s:10:\"tastyadmin\";s:14:\"local_location\";a:3:{s:6:\"status\";s:2:\"OK\";s:4:\"data\";a:13:{s:11:\"location_id\";s:3:\"135\";s:13:\"location_name\";s:22:\"Excel Local Restaurant\";s:18:\"location_address_1\";s:17:\"1 Western Gateway\";s:18:\"location_address_2\";s:19:\"Royal Victoria Dock\";s:13:\"location_city\";s:14:\"Greater London\";s:17:\"location_postcode\";s:7:\"E16 1XL\";s:19:\"location_country_id\";s:3:\"222\";s:18:\"location_telephone\";s:11:\"02088279114\";s:12:\"location_lat\";s:9:\"51.508492\";s:12:\"location_lng\";s:8:\"0.025040\";s:15:\"location_radius\";s:2:\"25\";s:6:\"status\";s:1:\"0\";s:8:\"distance\";s:18:\"0.0923355206359974\";}s:13:\"opening_hours\";a:7:{i:0;a:3:{s:3:\"day\";s:6:\"Monday\";s:4:\"open\";s:5:\"00:00\";s:5:\"close\";s:5:\"23:59\";}i:1;a:3:{s:3:\"day\";s:7:\"Tuesday\";s:4:\"open\";s:5:\"00:00\";s:5:\"close\";s:5:\"23:59\";}i:2;a:3:{s:3:\"day\";s:9:\"Wednesday\";s:4:\"open\";s:5:\"00:00\";s:5:\"close\";s:5:\"23:59\";}i:3;a:3:{s:3:\"day\";s:8:\"Thursday\";s:4:\"open\";s:5:\"00:00\";s:5:\"close\";s:5:\"23:59\";}i:4;a:3:{s:3:\"day\";s:6:\"Friday\";s:4:\"open\";s:5:\"00:00\";s:5:\"close\";s:5:\"23:59\";}i:5;a:3:{s:3:\"day\";s:8:\"Saturday\";s:4:\"open\";s:5:\"00:00\";s:5:\"close\";s:5:\"23:59\";}i:6;a:3:{s:3:\"day\";s:6:\"Sunday\";s:4:\"open\";s:5:\"00:00\";s:5:\"close\";s:5:\"23:59\";}}}s:11:\"customer_id\";s:2:\"22\";s:14:\"customer_email\";s:22:\"samadepoyigi@gmail.com\";}', '');
INSERT INTO ci_sessions (`session_id`, `ip_address`, `user_agent`, `last_activity`, `user_data`, `nearest_location`) VALUES ('76d868fd7e44a5479384b4a74bc51587', '172.20.10.2', 'Mozilla/5.0 (Macintosh; Intel Mac OS X 10.8; rv:24.0) Gecko/20100101 Firefox/24.0', 1381416670, 'a:3:{s:9:\"user_data\";s:0:\"\";s:13:\"cart_contents\";a:4:{s:32:\"0ee59dc81985547fd2827a6f02476ea9\";a:7:{s:5:\"rowid\";s:32:\"0ee59dc81985547fd2827a6f02476ea9\";s:2:\"id\";s:6:\"mnu_31\";s:4:\"name\";s:9:\"CHIN-CHIN\";s:3:\"qty\";s:1:\"1\";s:5:\"price\";s:6:\"200.00\";s:7:\"options\";a:0:{}s:8:\"subtotal\";d:200;}s:32:\"43cd439280035f6af42c4f2b96fda0f4\";a:7:{s:5:\"rowid\";s:32:\"43cd439280035f6af42c4f2b96fda0f4\";s:2:\"id\";s:6:\"mnu_33\";s:4:\"name\";s:11:\"JOLLOF RICE\";s:3:\"qty\";s:1:\"1\";s:5:\"price\";s:5:\"70.00\";s:7:\"options\";a:0:{}s:8:\"subtotal\";d:70;}s:11:\"total_items\";i:2;s:10:\"cart_total\";d:270;}s:15:\"flash:old:alert\";s:35:\"Please select your local restaurant\";}', '');
INSERT INTO ci_sessions (`session_id`, `ip_address`, `user_agent`, `last_activity`, `user_data`, `nearest_location`) VALUES ('7857e1498ca55bc7ba573811d2900f66', '192.168.1.81', 'Mozilla/5.0 (X11; Ubuntu; Linux x86_64; rv:24.0) Gecko/20100101 Firefox/24.0', 1382146751, 'a:6:{s:9:\"user_data\";s:0:\"\";s:13:\"cart_contents\";a:3:{s:32:\"77fd097557ef342274ad50bf72903a50\";a:7:{s:5:\"rowid\";s:32:\"77fd097557ef342274ad50bf72903a50\";s:2:\"id\";s:6:\"mnu_25\";s:4:\"name\";s:4:\"BUNS\";s:3:\"qty\";s:1:\"1\";s:5:\"price\";s:6:\"100.00\";s:7:\"options\";a:0:{}s:8:\"subtotal\";d:100;}s:11:\"total_items\";i:1;s:10:\"cart_total\";d:100;}s:7:\"user_id\";s:2:\"15\";s:8:\"username\";s:10:\"tastyadmin\";s:11:\"customer_id\";s:2:\"31\";s:14:\"customer_email\";s:13:\"demo@demo.com\";}', '');
INSERT INTO ci_sessions (`session_id`, `ip_address`, `user_agent`, `last_activity`, `user_data`, `nearest_location`) VALUES ('7930974a6f3cc138f21c4830be2faf57', '::1', 'Mozilla/5.0 (Macintosh; Intel Mac OS X 10.8; rv:24.0) Gecko/20100101 Firefox/24.0 FirePHP/0.7.4', 1380660795, 'a:5:{s:9:\"user_data\";s:0:\"\";s:13:\"cart_contents\";a:4:{s:32:\"19bb6070c743e6c06d34a5cefaefd70a\";a:7:{s:5:\"rowid\";s:32:\"19bb6070c743e6c06d34a5cefaefd70a\";s:2:\"id\";s:4:\"FD31\";s:4:\"name\";s:9:\"CHIN-CHIN\";s:3:\"qty\";s:1:\"1\";s:5:\"price\";s:6:\"200.00\";s:7:\"options\";a:0:{}s:8:\"subtotal\";d:200;}s:32:\"f7edd053b9bd7c14a58f064a29af3831\";a:7:{s:5:\"rowid\";s:32:\"f7edd053b9bd7c14a58f064a29af3831\";s:2:\"id\";s:4:\"FD25\";s:4:\"name\";s:4:\"BUNS\";s:3:\"qty\";s:2:\"20\";s:5:\"price\";s:6:\"100.00\";s:7:\"options\";a:0:{}s:8:\"subtotal\";d:2000;}s:11:\"total_items\";i:21;s:10:\"cart_total\";d:2200;}s:14:\"local_location\";a:3:{s:6:\"status\";s:2:\"OK\";s:4:\"data\";a:13:{s:11:\"location_id\";s:3:\"121\";s:13:\"location_name\";s:9:\"Greenwich\";s:18:\"location_address_1\";s:16:\"50 Vanbrugh Hill\";s:18:\"location_address_2\";s:0:\"\";s:13:\"location_city\";s:14:\"Greater London\";s:17:\"location_postcode\";s:8:\"SE10 9HF\";s:19:\"location_country_id\";s:3:\"222\";s:18:\"location_telephone\";s:11:\"02088279107\";s:12:\"location_lat\";s:9:\"51.483055\";s:12:\"location_lng\";s:9:\"-0.003908\";s:15:\"location_radius\";s:2:\"25\";s:6:\"status\";s:1:\"0\";s:8:\"distance\";s:17:\"0.570164692757935\";}s:13:\"opening_hours\";a:7:{i:0;a:3:{s:3:\"day\";s:6:\"Monday\";s:4:\"open\";s:5:\"05:00\";s:5:\"close\";s:5:\"23:00\";}i:1;a:3:{s:3:\"day\";s:7:\"Tuesday\";s:4:\"open\";s:5:\"01:00\";s:5:\"close\";s:5:\"23:00\";}i:2;a:3:{s:3:\"day\";s:9:\"Wednesday\";s:4:\"open\";s:5:\"01:00\";s:5:\"close\";s:5:\"23:00\";}i:3;a:3:{s:3:\"day\";s:8:\"Thursday\";s:4:\"open\";s:5:\"15:00\";s:5:\"close\";s:5:\"23:00\";}i:4;a:3:{s:3:\"day\";s:6:\"Friday\";s:4:\"open\";s:5:\"15:00\";s:5:\"close\";s:5:\"23:00\";}i:5;a:3:{s:3:\"day\";s:8:\"Saturday\";s:4:\"open\";s:5:\"01:00\";s:5:\"close\";s:5:\"23:00\";}i:6;a:3:{s:3:\"day\";s:6:\"Sunday\";s:4:\"open\";s:5:\"01:00\";s:5:\"close\";s:5:\"23:00\";}}}s:7:\"user_id\";s:2:\"15\";s:8:\"username\";s:10:\"tastyadmin\";}', '');
INSERT INTO ci_sessions (`session_id`, `ip_address`, `user_agent`, `last_activity`, `user_data`, `nearest_location`) VALUES ('79612bf1887eb1d79b75996e5550b219', '::1', 'Mozilla/5.0 (Macintosh; Intel Mac OS X 10.8; rv:24.0) Gecko/20100101 Firefox/24.0 FirePHP/0.7.4', 1382147022, 'a:6:{s:9:\"user_data\";s:0:\"\";s:14:\"local_location\";a:3:{s:6:\"status\";s:2:\"OK\";s:4:\"data\";a:13:{s:11:\"location_id\";s:3:\"135\";s:13:\"location_name\";s:22:\"Excel Local Restaurant\";s:18:\"location_address_1\";s:17:\"1 Western Gateway\";s:18:\"location_address_2\";s:19:\"Royal Victoria Dock\";s:13:\"location_city\";s:14:\"Greater London\";s:17:\"location_postcode\";s:7:\"E16 1XL\";s:19:\"location_country_id\";s:3:\"222\";s:18:\"location_telephone\";s:11:\"02088279114\";s:12:\"location_lat\";s:9:\"51.508492\";s:12:\"location_lng\";s:8:\"0.025040\";s:15:\"location_radius\";s:2:\"25\";s:6:\"status\";s:1:\"0\";s:8:\"distance\";s:18:\"0.0923355206359974\";}s:13:\"opening_hours\";a:7:{i:0;a:3:{s:3:\"day\";s:6:\"Monday\";s:4:\"open\";s:5:\"00:00\";s:5:\"close\";s:5:\"23:59\";}i:1;a:3:{s:3:\"day\";s:7:\"Tuesday\";s:4:\"open\";s:5:\"00:00\";s:5:\"close\";s:5:\"23:59\";}i:2;a:3:{s:3:\"day\";s:9:\"Wednesday\";s:4:\"open\";s:5:\"00:00\";s:5:\"close\";s:5:\"23:59\";}i:3;a:3:{s:3:\"day\";s:8:\"Thursday\";s:4:\"open\";s:5:\"00:00\";s:5:\"close\";s:5:\"23:59\";}i:4;a:3:{s:3:\"day\";s:6:\"Friday\";s:4:\"open\";s:5:\"00:00\";s:5:\"close\";s:5:\"23:59\";}i:5;a:3:{s:3:\"day\";s:8:\"Saturday\";s:4:\"open\";s:5:\"00:00\";s:5:\"close\";s:5:\"23:59\";}i:6;a:3:{s:3:\"day\";s:6:\"Sunday\";s:4:\"open\";s:5:\"00:00\";s:5:\"close\";s:5:\"23:59\";}}}s:13:\"cart_contents\";a:4:{s:32:\"3d9d87c3a4d83f48c3bc2cd70f75095a\";a:7:{s:5:\"rowid\";s:32:\"3d9d87c3a4d83f48c3bc2cd70f75095a\";s:2:\"id\";s:6:\"mnu_26\";s:4:\"name\";s:12:\"STEAMED RICE\";s:3:\"qty\";s:1:\"1\";s:5:\"price\";s:5:\"70.00\";s:7:\"options\";a:0:{}s:8:\"subtotal\";d:70;}s:32:\"0ee59dc81985547fd2827a6f02476ea9\";a:7:{s:5:\"rowid\";s:32:\"0ee59dc81985547fd2827a6f02476ea9\";s:2:\"id\";s:6:\"mnu_31\";s:4:\"name\";s:9:\"CHIN-CHIN\";s:3:\"qty\";s:1:\"1\";s:5:\"price\";s:6:\"200.00\";s:7:\"options\";a:0:{}s:8:\"subtotal\";d:200;}s:11:\"total_items\";i:2;s:10:\"cart_total\";d:270;}s:11:\"customer_id\";s:2:\"31\";s:14:\"customer_email\";s:13:\"demo@demo.com\";s:13:\"order_details\";a:14:{s:17:\"order_location_id\";s:3:\"135\";s:11:\"customer_id\";s:2:\"31\";s:5:\"email\";s:13:\"demo@demo.com\";s:10:\"first_name\";s:4:\"Demo\";s:9:\"last_name\";s:4:\"Acct\";s:9:\"telephone\";s:6:\"999999\";s:10:\"order_type\";i:2;s:10:\"time_added\";s:5:\"02:43\";s:10:\"date_added\";s:10:\"2013/10/19\";s:7:\"payment\";s:6:\"paypal\";s:11:\"order_total\";d:270;s:11:\"total_items\";i:2;s:10:\"ip_address\";s:3:\"::1\";s:10:\"user_agent\";s:95:\"Mozilla/5.0 (Macintosh; Intel Mac OS X 10.8; rv:24.0) Gecko/20100101 Firefox/24.0 FirePHP/0.7.4\";}}', '');
INSERT INTO ci_sessions (`session_id`, `ip_address`, `user_agent`, `last_activity`, `user_data`, `nearest_location`) VALUES ('797fefdaee4529ffb85ffcd34a1639f5', '192.168.1.81', 'Mozilla/5.0 (Macintosh; Intel Mac OS X 10.8; rv:23.0) Gecko/20100101 Firefox/23.0', 1378335914, 'a:2:{s:13:\"user_postcode\";s:7:\"se120ap\";s:14:\"local_location\";a:3:{s:6:\"status\";s:2:\"OK\";s:4:\"data\";a:13:{s:11:\"location_id\";s:3:\"122\";s:13:\"location_name\";s:8:\"Lewisham\";s:18:\"location_address_1\";s:23:\"35 Lewisham High Street\";s:18:\"location_address_2\";s:0:\"\";s:13:\"location_city\";s:14:\"Greater London\";s:17:\"location_postcode\";s:8:\"SE13 7HS\";s:19:\"location_country_id\";s:1:\"0\";s:18:\"location_telephone\";s:11:\"02088279108\";s:12:\"location_lat\";s:9:\"51.461731\";s:12:\"location_lng\";s:9:\"-0.011749\";s:15:\"location_radius\";s:2:\"25\";s:6:\"status\";s:1:\"0\";s:8:\"distance\";s:16:\"1.96197567670463\";}s:13:\"opening_hours\";a:7:{i:0;a:2:{s:3:\"day\";s:6:\"Monday\";s:4:\"time\";s:13:\"11:00 - 23:00\";}i:1;a:2:{s:3:\"day\";s:6:\"Tueday\";s:4:\"time\";s:13:\"11:00 - 23:00\";}i:2;a:2:{s:3:\"day\";s:9:\"Wednesday\";s:4:\"time\";s:13:\"11:00 - 23:00\";}i:3;a:2:{s:3:\"day\";s:8:\"Thursday\";s:4:\"time\";s:13:\"11:00 - 23:00\";}i:4;a:2:{s:3:\"day\";s:6:\"Friday\";s:4:\"time\";s:13:\"11:00 - 23:00\";}i:5;a:2:{s:3:\"day\";s:8:\"Saturday\";s:4:\"time\";s:13:\"11:00 - 23:00\";}i:6;a:2:{s:3:\"day\";s:6:\"Sunday\";s:4:\"time\";s:13:\"11:00 - 23:00\";}}}}', '');
INSERT INTO ci_sessions (`session_id`, `ip_address`, `user_agent`, `last_activity`, `user_data`, `nearest_location`) VALUES ('799af47bb1263c9b8a454763505849e2', '::1', 'Mozilla/5.0 (Macintosh; Intel Mac OS X 10.8; rv:23.0) Gecko/20100101 Firefox/23.0 FirePHP/0.7.4', 1379495888, 'a:1:{s:9:\"user_data\";s:0:\"\";}', '');
INSERT INTO ci_sessions (`session_id`, `ip_address`, `user_agent`, `last_activity`, `user_data`, `nearest_location`) VALUES ('7a08bfc6d7b3be13d1abcde0a9ce8c60', '172.16.251.222', 'Mozilla/5.0 (X11; Ubuntu; Linux x86_64; rv:26.0) Gecko/20100101 Firefox/26.0 FirePHP/0.7.4', 1388001547, 'a:5:{s:9:\"user_data\";s:0:\"\";s:14:\"local_location\";a:3:{s:6:\"status\";s:2:\"OK\";s:4:\"data\";a:18:{s:11:\"location_id\";s:3:\"122\";s:13:\"location_name\";s:8:\"Lewisham\";s:14:\"location_email\";s:0:\"\";s:18:\"location_address_1\";s:23:\"35 Lewisham High Street\";s:18:\"location_address_2\";s:0:\"\";s:13:\"location_city\";s:14:\"Greater London\";s:17:\"location_postcode\";s:8:\"SE13 7HS\";s:19:\"location_country_id\";s:3:\"222\";s:18:\"location_telephone\";s:11:\"02088279108\";s:12:\"location_lat\";s:9:\"51.461731\";s:12:\"location_lng\";s:9:\"-0.011749\";s:15:\"location_radius\";s:2:\"25\";s:14:\"offer_delivery\";s:1:\"0\";s:10:\"ready_time\";s:1:\"0\";s:15:\"delivery_charge\";s:4:\"0.00\";s:19:\"min_delivery_charge\";s:4:\"0.00\";s:15:\"location_status\";s:1:\"1\";s:8:\"distance\";s:18:\"1.9619756767046261\";}s:13:\"opening_hours\";a:7:{i:0;a:3:{s:3:\"day\";s:6:\"Monday\";s:4:\"open\";s:5:\"11:00\";s:5:\"close\";s:5:\"23:00\";}i:1;a:3:{s:3:\"day\";s:7:\"Tuesday\";s:4:\"open\";s:5:\"11:00\";s:5:\"close\";s:5:\"23:00\";}i:2;a:3:{s:3:\"day\";s:9:\"Wednesday\";s:4:\"open\";s:5:\"11:00\";s:5:\"close\";s:5:\"23:00\";}i:3;a:3:{s:3:\"day\";s:8:\"Thursday\";s:4:\"open\";s:5:\"11:00\";s:5:\"close\";s:5:\"23:00\";}i:4;a:3:{s:3:\"day\";s:6:\"Friday\";s:4:\"open\";s:5:\"11:00\";s:5:\"close\";s:5:\"23:00\";}i:5;a:3:{s:3:\"day\";s:8:\"Saturday\";s:4:\"open\";s:5:\"11:00\";s:5:\"close\";s:5:\"23:00\";}i:6;a:3:{s:3:\"day\";s:6:\"Sunday\";s:4:\"open\";s:5:\"11:00\";s:5:\"close\";s:5:\"23:00\";}}}s:13:\"cart_contents\";a:4:{s:32:\"8e296a067a37563370ded05f5a3bf3ec\";a:7:{s:5:\"rowid\";s:32:\"8e296a067a37563370ded05f5a3bf3ec\";s:2:\"id\";s:2:\"25\";s:4:\"name\";s:4:\"BUNS\";s:3:\"qty\";s:1:\"1\";s:5:\"price\";s:6:\"100.00\";s:7:\"options\";a:0:{}s:8:\"subtotal\";d:100;}s:32:\"c16a5320fa475530d9583c34fd356ef5\";a:7:{s:5:\"rowid\";s:32:\"c16a5320fa475530d9583c34fd356ef5\";s:2:\"id\";s:2:\"31\";s:4:\"name\";s:9:\"CHIN-CHIN\";s:3:\"qty\";s:1:\"1\";s:5:\"price\";s:6:\"200.00\";s:7:\"options\";a:0:{}s:8:\"subtotal\";d:200;}s:11:\"total_items\";i:2;s:10:\"cart_total\";d:300;}s:11:\"customer_id\";s:2:\"31\";s:14:\"customer_email\";s:13:\"demo@demo.com\";}', '');
INSERT INTO ci_sessions (`session_id`, `ip_address`, `user_agent`, `last_activity`, `user_data`, `nearest_location`) VALUES ('7aaea1310c4327a7ed9795c1d77b9ff0', '172.16.251.219', 'Mozilla/5.0 (X11; Ubuntu; Linux x86_64; rv:26.0) Gecko/20100101 Firefox/26.0 FirePHP/0.7.4', 1387577006, 'a:5:{s:9:\"user_data\";s:0:\"\";s:7:\"user_id\";s:2:\"15\";s:8:\"username\";s:10:\"tastyadmin\";s:11:\"customer_id\";s:2:\"31\";s:14:\"customer_email\";s:13:\"demo@demo.com\";}', '');
INSERT INTO ci_sessions (`session_id`, `ip_address`, `user_agent`, `last_activity`, `user_data`, `nearest_location`) VALUES ('7bae7a8d1a7eb43f3f869eed6de7b450', '172.16.251.216', 'Mozilla/5.0 (X11; Ubuntu; Linux x86_64; rv:26.0) Gecko/20100101 Firefox/26.0 FirePHP/0.7.4', 1387415274, 'a:4:{s:9:\"user_data\";s:0:\"\";s:13:\"table_details\";a:6:{s:8:\"postcode\";s:19:\"Harrow - 1.53 miles\";s:11:\"location_id\";s:3:\"115\";s:9:\"guest_num\";s:1:\"2\";s:12:\"reserve_date\";s:10:\"26-12-2013\";s:12:\"reserve_time\";s:8:\"12:00:00\";s:8:\"occasion\";s:1:\"2\";}s:7:\"user_id\";s:2:\"15\";s:8:\"username\";s:10:\"tastyadmin\";}', '');
INSERT INTO ci_sessions (`session_id`, `ip_address`, `user_agent`, `last_activity`, `user_data`, `nearest_location`) VALUES ('7f42339ebae1583ad614a9eaca4d75dc', '172.16.251.214', 'Mozilla/5.0 (X11; Ubuntu; Linux x86_64; rv:25.0) Gecko/20100101 Firefox/25.0', 1386698546, 'a:6:{s:9:\"user_data\";s:0:\"\";s:7:\"user_id\";s:2:\"15\";s:8:\"username\";s:10:\"tastyadmin\";s:14:\"local_location\";a:3:{s:6:\"status\";s:2:\"OK\";s:4:\"data\";a:13:{s:11:\"location_id\";s:3:\"117\";s:13:\"location_name\";s:7:\"Hackney\";s:18:\"location_address_1\";s:15:\"44 Darnley Road\";s:18:\"location_address_2\";s:0:\"\";s:13:\"location_city\";s:14:\"Greater London\";s:17:\"location_postcode\";s:6:\"E9 6QH\";s:19:\"location_country_id\";s:3:\"222\";s:18:\"location_telephone\";s:11:\"02088279103\";s:12:\"location_lat\";s:9:\"51.544060\";s:12:\"location_lng\";s:9:\"-0.053999\";s:15:\"location_radius\";s:2:\"25\";s:15:\"location_status\";s:1:\"1\";s:8:\"distance\";s:19:\"0.09871279804879186\";}s:13:\"opening_hours\";a:7:{i:0;a:3:{s:3:\"day\";s:6:\"Monday\";s:4:\"open\";s:5:\"06:00\";s:5:\"close\";s:5:\"23:00\";}i:1;a:3:{s:3:\"day\";s:7:\"Tuesday\";s:4:\"open\";s:5:\"06:00\";s:5:\"close\";s:5:\"23:00\";}i:2;a:3:{s:3:\"day\";s:9:\"Wednesday\";s:4:\"open\";s:5:\"06:00\";s:5:\"close\";s:5:\"23:00\";}i:3;a:3:{s:3:\"day\";s:8:\"Thursday\";s:4:\"open\";s:5:\"06:00\";s:5:\"close\";s:5:\"23:00\";}i:4;a:3:{s:3:\"day\";s:6:\"Friday\";s:4:\"open\";s:5:\"06:00\";s:5:\"close\";s:5:\"23:00\";}i:5;a:3:{s:3:\"day\";s:8:\"Saturday\";s:4:\"open\";s:5:\"06:00\";s:5:\"close\";s:5:\"23:00\";}i:6;a:3:{s:3:\"day\";s:6:\"Sunday\";s:4:\"open\";s:5:\"06:00\";s:5:\"close\";s:5:\"23:00\";}}}s:11:\"customer_id\";s:2:\"38\";s:14:\"customer_email\";s:15:\"danny@fmail.com\";}', '');
INSERT INTO ci_sessions (`session_id`, `ip_address`, `user_agent`, `last_activity`, `user_data`, `nearest_location`) VALUES ('7f5f770e593cc722e27b569294979e89', '::1', 'Mozilla/5.0 (Macintosh; Intel Mac OS X 10.8; rv:24.0) Gecko/20100101 Firefox/24.0', 1380885658, 'a:5:{s:9:\"user_data\";s:0:\"\";s:7:\"user_id\";s:2:\"15\";s:8:\"username\";s:10:\"tastyadmin\";s:11:\"customer_id\";s:2:\"29\";s:14:\"customer_email\";s:17:\"eesyboii@live.com\";}', '');
INSERT INTO ci_sessions (`session_id`, `ip_address`, `user_agent`, `last_activity`, `user_data`, `nearest_location`) VALUES ('7f7c3a719c08c8a150e1eca4444e713a', '172.16.251.194', 'Mozilla/5.0 (X11; Ubuntu; Linux x86_64; rv:25.0) Gecko/20100101 Firefox/25.0 FirePHP/0.7.4', 1385334398, 'a:3:{s:9:\"user_data\";s:0:\"\";s:7:\"user_id\";s:2:\"15\";s:8:\"username\";s:10:\"tastyadmin\";}', '');
INSERT INTO ci_sessions (`session_id`, `ip_address`, `user_agent`, `last_activity`, `user_data`, `nearest_location`) VALUES ('800c9554e15da15fba238b42d42815eb', '172.16.251.194', 'Mozilla/5.0 (X11; Ubuntu; Linux x86_64; rv:25.0) Gecko/20100101 Firefox/25.0 FirePHP/0.7.4', 1385078714, 'a:8:{s:9:\"user_data\";s:0:\"\";s:11:\"customer_id\";s:2:\"22\";s:14:\"customer_email\";s:22:\"samadepoyigi@gmail.com\";s:7:\"user_id\";s:2:\"15\";s:8:\"username\";s:10:\"tastyadmin\";s:14:\"local_location\";a:3:{s:6:\"status\";s:2:\"OK\";s:4:\"data\";a:13:{s:11:\"location_id\";s:3:\"135\";s:13:\"location_name\";s:22:\"Excel Local Restaurant\";s:18:\"location_address_1\";s:17:\"1 Western Gateway\";s:18:\"location_address_2\";s:19:\"Royal Victoria Dock\";s:13:\"location_city\";s:14:\"Greater London\";s:17:\"location_postcode\";s:7:\"E16 1XL\";s:19:\"location_country_id\";s:3:\"222\";s:18:\"location_telephone\";s:11:\"02088279114\";s:12:\"location_lat\";s:9:\"51.508492\";s:12:\"location_lng\";s:8:\"0.025040\";s:15:\"location_radius\";s:2:\"25\";s:15:\"location_status\";s:1:\"1\";s:8:\"distance\";s:19:\"0.09233552063599738\";}s:13:\"opening_hours\";a:7:{i:0;a:3:{s:3:\"day\";s:6:\"Monday\";s:4:\"open\";s:5:\"00:00\";s:5:\"close\";s:5:\"23:59\";}i:1;a:3:{s:3:\"day\";s:7:\"Tuesday\";s:4:\"open\";s:5:\"00:00\";s:5:\"close\";s:5:\"23:59\";}i:2;a:3:{s:3:\"day\";s:9:\"Wednesday\";s:4:\"open\";s:5:\"00:00\";s:5:\"close\";s:5:\"23:59\";}i:3;a:3:{s:3:\"day\";s:8:\"Thursday\";s:4:\"open\";s:5:\"00:00\";s:5:\"close\";s:5:\"23:59\";}i:4;a:3:{s:3:\"day\";s:6:\"Friday\";s:4:\"open\";s:5:\"00:00\";s:5:\"close\";s:5:\"23:59\";}i:5;a:3:{s:3:\"day\";s:8:\"Saturday\";s:4:\"open\";s:5:\"00:00\";s:5:\"close\";s:5:\"23:59\";}i:6;a:3:{s:3:\"day\";s:6:\"Sunday\";s:4:\"open\";s:5:\"00:00\";s:5:\"close\";s:5:\"23:59\";}}}s:13:\"cart_contents\";a:5:{s:32:\"7f39f8317fbdb1988ef4c628eba02591\";a:7:{s:5:\"rowid\";s:32:\"7f39f8317fbdb1988ef4c628eba02591\";s:2:\"id\";s:2:\"61\";s:4:\"name\";s:45:\"FRIED TILAPIA FILLET WITH RICE AND VEGETABLES\";s:3:\"qty\";s:2:\"20\";s:5:\"price\";s:5:\"20.00\";s:7:\"options\";a:0:{}s:8:\"subtotal\";d:400;}s:32:\"6364d3f0f495b6ab9dcf8d3b5c6e0b01\";a:7:{s:5:\"rowid\";s:32:\"6364d3f0f495b6ab9dcf8d3b5c6e0b01\";s:2:\"id\";s:2:\"32\";s:4:\"name\";s:10:\"SCOTCH EGG\";s:3:\"qty\";s:2:\"20\";s:5:\"price\";s:6:\"200.00\";s:7:\"options\";a:0:{}s:8:\"subtotal\";d:4000;}s:32:\"c16a5320fa475530d9583c34fd356ef5\";a:7:{s:5:\"rowid\";s:32:\"c16a5320fa475530d9583c34fd356ef5\";s:2:\"id\";s:2:\"31\";s:4:\"name\";s:9:\"CHIN-CHIN\";s:3:\"qty\";s:2:\"20\";s:5:\"price\";s:6:\"200.00\";s:7:\"options\";a:0:{}s:8:\"subtotal\";d:4000;}s:11:\"total_items\";i:60;s:10:\"cart_total\";d:8400;}s:13:\"order_details\";a:15:{s:17:\"order_location_id\";s:3:\"135\";s:17:\"order_customer_id\";s:2:\"22\";s:5:\"email\";s:22:\"samadepoyigi@gmail.com\";s:10:\"first_name\";s:5:\"Demo2\";s:9:\"last_name\";s:5:\"Demo2\";s:9:\"telephone\";s:8:\"33333333\";s:10:\"order_type\";i:1;s:10:\"order_time\";s:8:\"01:20:00\";s:10:\"date_added\";s:10:\"2013/11/22\";s:16:\"order_address_id\";i:19;s:7:\"payment\";s:6:\"paypal\";s:11:\"order_total\";d:8400;s:11:\"total_items\";i:60;s:10:\"ip_address\";s:14:\"172.16.251.194\";s:10:\"user_agent\";s:90:\"Mozilla/5.0 (X11; Ubuntu; Linux x86_64; rv:25.0) Gecko/20100101 Firefox/25.0 FirePHP/0.7.4\";}}', '');
INSERT INTO ci_sessions (`session_id`, `ip_address`, `user_agent`, `last_activity`, `user_data`, `nearest_location`) VALUES ('8022ea9b4083777f3982b70785266248', '172.16.251.218', 'Mozilla/5.0 (X11; Ubuntu; Linux x86_64; rv:26.0) Gecko/20100101 Firefox/26.0 FirePHP/0.7.4', 1387415281, 'a:1:{s:9:\"user_data\";s:0:\"\";}', '');
INSERT INTO ci_sessions (`session_id`, `ip_address`, `user_agent`, `last_activity`, `user_data`, `nearest_location`) VALUES ('805da2be3c39d78bd16a29d934fa337b', '172.16.251.216', 'Mozilla/5.0 (X11; Ubuntu; Linux x86_64; rv:26.0) Gecko/20100101 Firefox/26.0 FirePHP/0.7.4', 1387336834, 'a:1:{s:9:\"user_data\";s:0:\"\";}', '');
INSERT INTO ci_sessions (`session_id`, `ip_address`, `user_agent`, `last_activity`, `user_data`, `nearest_location`) VALUES ('8170b6982ab655e20bf5674fc8da8ddd', '::1', 'Mozilla/5.0 (Macintosh; Intel Mac OS X 10.8; rv:24.0) Gecko/20100101 Firefox/24.0', 1382146959, 'a:2:{s:9:\"user_data\";s:0:\"\";s:15:\"flash:old:alert\";s:66:\"<p class=\"warning\">Please, add some menus before you checkout!</p>\";}', '');
INSERT INTO ci_sessions (`session_id`, `ip_address`, `user_agent`, `last_activity`, `user_data`, `nearest_location`) VALUES ('817e4c196c4d91017c0181268a7c0f83', '172.16.251.194', 'Mozilla/5.0 (X11; Ubuntu; Linux x86_64; rv:25.0) Gecko/20100101 Firefox/25.0 FirePHP/0.7.4', 1385079099, 'a:6:{s:9:\"user_data\";s:0:\"\";s:14:\"local_location\";a:3:{s:6:\"status\";s:2:\"OK\";s:4:\"data\";a:13:{s:11:\"location_id\";s:3:\"135\";s:13:\"location_name\";s:22:\"Excel Local Restaurant\";s:18:\"location_address_1\";s:17:\"1 Western Gateway\";s:18:\"location_address_2\";s:19:\"Royal Victoria Dock\";s:13:\"location_city\";s:14:\"Greater London\";s:17:\"location_postcode\";s:7:\"E16 1XL\";s:19:\"location_country_id\";s:3:\"222\";s:18:\"location_telephone\";s:11:\"02088279114\";s:12:\"location_lat\";s:9:\"51.508492\";s:12:\"location_lng\";s:8:\"0.025040\";s:15:\"location_radius\";s:2:\"25\";s:15:\"location_status\";s:1:\"1\";s:8:\"distance\";s:19:\"0.09233552063599738\";}s:13:\"opening_hours\";a:7:{i:0;a:3:{s:3:\"day\";s:6:\"Monday\";s:4:\"open\";s:5:\"00:00\";s:5:\"close\";s:5:\"23:59\";}i:1;a:3:{s:3:\"day\";s:7:\"Tuesday\";s:4:\"open\";s:5:\"00:00\";s:5:\"close\";s:5:\"23:59\";}i:2;a:3:{s:3:\"day\";s:9:\"Wednesday\";s:4:\"open\";s:5:\"00:00\";s:5:\"close\";s:5:\"23:59\";}i:3;a:3:{s:3:\"day\";s:8:\"Thursday\";s:4:\"open\";s:5:\"00:00\";s:5:\"close\";s:5:\"23:59\";}i:4;a:3:{s:3:\"day\";s:6:\"Friday\";s:4:\"open\";s:5:\"00:00\";s:5:\"close\";s:5:\"23:59\";}i:5;a:3:{s:3:\"day\";s:8:\"Saturday\";s:4:\"open\";s:5:\"00:00\";s:5:\"close\";s:5:\"23:59\";}i:6;a:3:{s:3:\"day\";s:6:\"Sunday\";s:4:\"open\";s:5:\"00:00\";s:5:\"close\";s:5:\"23:59\";}}}s:11:\"customer_id\";s:2:\"23\";s:14:\"customer_email\";s:17:\"eesyboi@gmail.com\";s:13:\"cart_contents\";a:5:{s:32:\"7f39f8317fbdb1988ef4c628eba02591\";a:7:{s:5:\"rowid\";s:32:\"7f39f8317fbdb1988ef4c628eba02591\";s:2:\"id\";s:2:\"61\";s:4:\"name\";s:45:\"FRIED TILAPIA FILLET WITH RICE AND VEGETABLES\";s:3:\"qty\";s:2:\"20\";s:5:\"price\";s:5:\"20.00\";s:7:\"options\";a:0:{}s:8:\"subtotal\";d:400;}s:32:\"66f041e16a60928b05a7e228a89c3799\";a:7:{s:5:\"rowid\";s:32:\"66f041e16a60928b05a7e228a89c3799\";s:2:\"id\";s:2:\"58\";s:4:\"name\";s:29:\"GRILLED CHICKEN SPINACH SALAD\";s:3:\"qty\";s:2:\"20\";s:5:\"price\";s:4:\"4.99\";s:7:\"options\";a:0:{}s:8:\"subtotal\";d:99.80000000000001136868377216160297393798828125;}s:32:\"072b030ba126b2f4b2374f342be9ed44\";a:7:{s:5:\"rowid\";s:32:\"072b030ba126b2f4b2374f342be9ed44\";s:2:\"id\";s:2:\"60\";s:4:\"name\";s:47:\"SAUTEED CATFISH FILLET WITH RICE AND VEGETABLES\";s:3:\"qty\";s:2:\"20\";s:5:\"price\";s:5:\"20.00\";s:7:\"options\";a:0:{}s:8:\"subtotal\";d:400;}s:11:\"total_items\";i:60;s:10:\"cart_total\";d:899.799999999999954525264911353588104248046875;}s:13:\"order_details\";a:14:{s:17:\"order_location_id\";s:3:\"135\";s:17:\"order_customer_id\";s:2:\"23\";s:5:\"email\";s:17:\"eesyboi@gmail.com\";s:10:\"first_name\";s:3:\"Sam\";s:9:\"last_name\";s:3:\"Sam\";s:9:\"telephone\";s:7:\"1234567\";s:10:\"order_type\";i:2;s:10:\"order_time\";s:8:\"00:56:00\";s:10:\"date_added\";s:10:\"2013/11/22\";s:7:\"payment\";s:6:\"paypal\";s:11:\"order_total\";d:899.799999999999954525264911353588104248046875;s:11:\"total_items\";i:60;s:10:\"ip_address\";s:14:\"172.16.251.194\";s:10:\"user_agent\";s:90:\"Mozilla/5.0 (X11; Ubuntu; Linux x86_64; rv:25.0) Gecko/20100101 Firefox/25.0 FirePHP/0.7.4\";}}', '');
INSERT INTO ci_sessions (`session_id`, `ip_address`, `user_agent`, `last_activity`, `user_data`, `nearest_location`) VALUES ('821b93d2f6074c5e82e2dcef1109997a', '172.16.251.194', 'Mozilla/5.0 (X11; Ubuntu; Linux x86_64; rv:25.0) Gecko/20100101 Firefox/25.0', 1385071189, 'a:3:{s:9:\"user_data\";s:0:\"\";s:7:\"user_id\";s:2:\"15\";s:8:\"username\";s:10:\"tastyadmin\";}', '');
INSERT INTO ci_sessions (`session_id`, `ip_address`, `user_agent`, `last_activity`, `user_data`, `nearest_location`) VALUES ('82ea8d877414fa05a12288988afccffe', '172.16.251.214', 'Mozilla/5.0 (X11; Ubuntu; Linux x86_64; rv:26.0) Gecko/20100101 Firefox/26.0 FirePHP/0.7.4', 1387142483, 'a:6:{s:9:\"user_data\";s:0:\"\";s:7:\"user_id\";s:2:\"15\";s:8:\"username\";s:10:\"tastyadmin\";s:11:\"customer_id\";s:2:\"31\";s:14:\"customer_email\";s:13:\"demo@demo.com\";s:14:\"local_location\";a:3:{s:6:\"status\";s:2:\"OK\";s:4:\"data\";a:13:{s:11:\"location_id\";s:3:\"115\";s:13:\"location_name\";s:6:\"Harrow\";s:18:\"location_address_1\";s:13:\"14 Lime Close\";s:18:\"location_address_2\";s:0:\"\";s:13:\"location_city\";s:14:\"Greater London\";s:17:\"location_postcode\";s:7:\"HA3 7JD\";s:19:\"location_country_id\";s:3:\"222\";s:18:\"location_telephone\";s:11:\"02088279101\";s:12:\"location_lat\";s:9:\"51.600262\";s:12:\"location_lng\";s:9:\"-0.325915\";s:15:\"location_radius\";s:2:\"25\";s:15:\"location_status\";s:1:\"1\";s:8:\"distance\";s:18:\"0.5223584785177914\";}s:13:\"opening_hours\";a:7:{i:0;a:3:{s:3:\"day\";s:6:\"Monday\";s:4:\"open\";s:5:\"11:00\";s:5:\"close\";s:5:\"23:00\";}i:1;a:3:{s:3:\"day\";s:7:\"Tuesday\";s:4:\"open\";s:5:\"11:00\";s:5:\"close\";s:5:\"23:00\";}i:2;a:3:{s:3:\"day\";s:9:\"Wednesday\";s:4:\"open\";s:5:\"11:00\";s:5:\"close\";s:5:\"23:00\";}i:3;a:3:{s:3:\"day\";s:8:\"Thursday\";s:4:\"open\";s:5:\"11:00\";s:5:\"close\";s:5:\"23:00\";}i:4;a:3:{s:3:\"day\";s:6:\"Friday\";s:4:\"open\";s:5:\"11:00\";s:5:\"close\";s:5:\"23:00\";}i:5;a:3:{s:3:\"day\";s:8:\"Saturday\";s:4:\"open\";s:5:\"11:00\";s:5:\"close\";s:5:\"23:00\";}i:6;a:3:{s:3:\"day\";s:6:\"Sunday\";s:4:\"open\";s:5:\"11:00\";s:5:\"close\";s:5:\"23:00\";}}}}', '');
INSERT INTO ci_sessions (`session_id`, `ip_address`, `user_agent`, `last_activity`, `user_data`, `nearest_location`) VALUES ('82f6d26c1bd024ee4cb7f8d749fa5c30', '::1', 'Mozilla/5.0 (Macintosh; Intel Mac OS X 10.8; rv:23.0) Gecko/20100101 Firefox/23.0', 1378394939, '', '');
INSERT INTO ci_sessions (`session_id`, `ip_address`, `user_agent`, `last_activity`, `user_data`, `nearest_location`) VALUES ('83f3569b87b067b87ce41490c70e2a94', '192.168.1.81', 'Mozilla/5.0 (Macintosh; Intel Mac OS X 10.8; rv:24.0) Gecko/20100101 Firefox/24.0', 1382480983, 'a:4:{s:9:\"user_data\";s:0:\"\";s:14:\"local_location\";a:3:{s:6:\"status\";s:2:\"OK\";s:4:\"data\";a:13:{s:11:\"location_id\";s:3:\"135\";s:13:\"location_name\";s:22:\"Excel Local Restaurant\";s:18:\"location_address_1\";s:17:\"1 Western Gateway\";s:18:\"location_address_2\";s:19:\"Royal Victoria Dock\";s:13:\"location_city\";s:14:\"Greater London\";s:17:\"location_postcode\";s:7:\"E16 1XL\";s:19:\"location_country_id\";s:3:\"222\";s:18:\"location_telephone\";s:11:\"02088279114\";s:12:\"location_lat\";s:9:\"51.508492\";s:12:\"location_lng\";s:8:\"0.025040\";s:15:\"location_radius\";s:2:\"25\";s:6:\"status\";s:1:\"0\";s:8:\"distance\";s:18:\"0.0923355206359974\";}s:13:\"opening_hours\";a:7:{i:0;a:3:{s:3:\"day\";s:6:\"Monday\";s:4:\"open\";s:5:\"00:00\";s:5:\"close\";s:5:\"23:59\";}i:1;a:3:{s:3:\"day\";s:7:\"Tuesday\";s:4:\"open\";s:5:\"00:00\";s:5:\"close\";s:5:\"23:59\";}i:2;a:3:{s:3:\"day\";s:9:\"Wednesday\";s:4:\"open\";s:5:\"00:00\";s:5:\"close\";s:5:\"23:59\";}i:3;a:3:{s:3:\"day\";s:8:\"Thursday\";s:4:\"open\";s:5:\"00:00\";s:5:\"close\";s:5:\"23:59\";}i:4;a:3:{s:3:\"day\";s:6:\"Friday\";s:4:\"open\";s:5:\"00:00\";s:5:\"close\";s:5:\"23:59\";}i:5;a:3:{s:3:\"day\";s:8:\"Saturday\";s:4:\"open\";s:5:\"00:00\";s:5:\"close\";s:5:\"23:59\";}i:6;a:3:{s:3:\"day\";s:6:\"Sunday\";s:4:\"open\";s:5:\"00:00\";s:5:\"close\";s:5:\"23:59\";}}}s:11:\"customer_id\";s:2:\"31\";s:14:\"customer_email\";s:13:\"demo@demo.com\";}', '');
INSERT INTO ci_sessions (`session_id`, `ip_address`, `user_agent`, `last_activity`, `user_data`, `nearest_location`) VALUES ('8490540fce9c169b9215adea62804ff6', '::1', 'Mozilla/5.0 (Macintosh; Intel Mac OS X 10.8; rv:24.0) Gecko/20100101 Firefox/24.0', 1382147036, 'a:2:{s:9:\"user_data\";s:0:\"\";s:15:\"flash:old:alert\";s:66:\"<p class=\"warning\">Please, add some menus before you checkout!</p>\";}', '');
INSERT INTO ci_sessions (`session_id`, `ip_address`, `user_agent`, `last_activity`, `user_data`, `nearest_location`) VALUES ('8500df266738d5c26998fcf5a9e9805c', '::1', 'Mozilla/5.0 (Macintosh; Intel Mac OS X 10.8; rv:24.0) Gecko/20100101 Firefox/24.0 FirePHP/0.7.4', 1380789105, 'a:2:{s:9:\"user_data\";s:0:\"\";s:13:\"cart_contents\";a:10:{s:32:\"0ee59dc81985547fd2827a6f02476ea9\";a:7:{s:5:\"rowid\";s:32:\"0ee59dc81985547fd2827a6f02476ea9\";s:2:\"id\";s:6:\"mnu_31\";s:4:\"name\";s:9:\"CHIN-CHIN\";s:3:\"qty\";s:1:\"1\";s:5:\"price\";s:6:\"200.00\";s:7:\"options\";a:0:{}s:8:\"subtotal\";d:200;}s:32:\"1107aa632c0962d4d03a44fb9f8ce1a4\";a:7:{s:5:\"rowid\";s:32:\"1107aa632c0962d4d03a44fb9f8ce1a4\";s:2:\"id\";s:6:\"mnu_32\";s:4:\"name\";s:10:\"SCOTCH EGG\";s:3:\"qty\";s:1:\"1\";s:5:\"price\";s:6:\"200.00\";s:7:\"options\";a:0:{}s:8:\"subtotal\";d:200;}s:32:\"28b926a74b8b37d806ab2b239b0586ae\";a:7:{s:5:\"rowid\";s:32:\"28b926a74b8b37d806ab2b239b0586ae\";s:2:\"id\";s:6:\"spl_29\";s:4:\"name\";s:16:\"Fish Pepper Soup\";s:3:\"qty\";s:1:\"1\";s:5:\"price\";s:5:\"30.00\";s:7:\"options\";a:0:{}s:8:\"subtotal\";d:30;}s:32:\"e4170c1f0db1c468ee6bc524f46bb653\";a:7:{s:5:\"rowid\";s:32:\"e4170c1f0db1c468ee6bc524f46bb653\";s:2:\"id\";s:5:\"spl_7\";s:4:\"name\";s:16:\"Amala With Ewedu\";s:3:\"qty\";s:1:\"1\";s:5:\"price\";s:5:\"20.00\";s:7:\"options\";a:0:{}s:8:\"subtotal\";d:20;}s:32:\"77fd097557ef342274ad50bf72903a50\";a:7:{s:5:\"rowid\";s:32:\"77fd097557ef342274ad50bf72903a50\";s:2:\"id\";s:6:\"mnu_25\";s:4:\"name\";s:4:\"BUNS\";s:3:\"qty\";s:2:\"50\";s:5:\"price\";s:6:\"100.00\";s:7:\"options\";a:0:{}s:8:\"subtotal\";d:5000;}s:32:\"9c19f41c345ba61c78301976b02ee941\";a:7:{s:5:\"rowid\";s:32:\"9c19f41c345ba61c78301976b02ee941\";s:2:\"id\";s:6:\"mnu_25\";s:4:\"name\";s:4:\"BUNS\";s:3:\"qty\";s:1:\"1\";s:5:\"price\";s:6:\"120.00\";s:7:\"options\";a:1:{s:4:\"With\";s:11:\"Fish: 20.00\";}s:8:\"subtotal\";d:120;}s:32:\"5d64ec72f4fa2cf3ac1ce8a04482e3f9\";a:7:{s:5:\"rowid\";s:32:\"5d64ec72f4fa2cf3ac1ce8a04482e3f9\";s:2:\"id\";s:6:\"mnu_25\";s:4:\"name\";s:4:\"BUNS\";s:3:\"qty\";s:1:\"1\";s:5:\"price\";s:6:\"120.00\";s:7:\"options\";a:1:{s:4:\"With\";s:11:\"Meat: 20.00\";}s:8:\"subtotal\";d:120;}s:32:\"23f3213fc901390e16ee2c93d97411a9\";a:7:{s:5:\"rowid\";s:32:\"23f3213fc901390e16ee2c93d97411a9\";s:2:\"id\";s:6:\"mnu_32\";s:4:\"name\";s:10:\"SCOTCH EGG\";s:3:\"qty\";s:2:\"50\";s:5:\"price\";s:6:\"220.00\";s:7:\"options\";a:1:{s:4:\"With\";s:15:\"ChickenJ: 20.00\";}s:8:\"subtotal\";d:11000;}s:11:\"total_items\";i:106;s:10:\"cart_total\";d:16690;}}', '');
INSERT INTO ci_sessions (`session_id`, `ip_address`, `user_agent`, `last_activity`, `user_data`, `nearest_location`) VALUES ('8633c09fa153e500fcb217f4444b7e9c', '172.16.251.214', 'Mozilla/5.0 (X11; Ubuntu; Linux x86_64; rv:26.0) Gecko/20100101 Firefox/26.0 FirePHP/0.7.4', 1387078482, 'a:5:{s:9:\"user_data\";s:0:\"\";s:11:\"customer_id\";s:2:\"31\";s:14:\"customer_email\";s:13:\"demo@demo.com\";s:7:\"user_id\";s:2:\"15\";s:8:\"username\";s:10:\"tastyadmin\";}', '');
INSERT INTO ci_sessions (`session_id`, `ip_address`, `user_agent`, `last_activity`, `user_data`, `nearest_location`) VALUES ('86a1dcba510480227babcbcffb18b491', '172.16.251.215', 'Mozilla/5.0 (X11; Ubuntu; Linux x86_64; rv:26.0) Gecko/20100101 Firefox/26.0 FirePHP/0.7.4', 1387318512, 'a:1:{s:9:\"user_data\";s:0:\"\";}', '');
INSERT INTO ci_sessions (`session_id`, `ip_address`, `user_agent`, `last_activity`, `user_data`, `nearest_location`) VALUES ('8705f9b349e9415b015b82755fca72ef', '172.16.251.216', 'Mozilla/5.0 (X11; Ubuntu; Linux x86_64; rv:26.0) Gecko/20100101 Firefox/26.0 FirePHP/0.7.4', 1387339678, 'a:1:{s:9:\"user_data\";s:0:\"\";}', '');
INSERT INTO ci_sessions (`session_id`, `ip_address`, `user_agent`, `last_activity`, `user_data`, `nearest_location`) VALUES ('8736cd95d5638a11522999798e5115bb', '192.168.1.68', 'Mozilla/5.0 (X11; Ubuntu; Linux x86_64; rv:25.0) Gecko/20100101 Firefox/25.0', 1383604158, 'a:6:{s:9:\"user_data\";s:0:\"\";s:14:\"local_location\";a:3:{s:6:\"status\";s:2:\"OK\";s:4:\"data\";a:13:{s:11:\"location_id\";s:3:\"122\";s:13:\"location_name\";s:8:\"Lewisham\";s:18:\"location_address_1\";s:23:\"35 Lewisham High Street\";s:18:\"location_address_2\";s:0:\"\";s:13:\"location_city\";s:14:\"Greater London\";s:17:\"location_postcode\";s:8:\"SE13 7HS\";s:19:\"location_country_id\";s:3:\"222\";s:18:\"location_telephone\";s:11:\"02088279108\";s:12:\"location_lat\";s:9:\"51.461731\";s:12:\"location_lng\";s:9:\"-0.011749\";s:15:\"location_radius\";s:2:\"25\";s:15:\"location_status\";s:1:\"1\";s:8:\"distance\";s:16:\"1.96197567670463\";}s:13:\"opening_hours\";a:7:{i:0;a:3:{s:3:\"day\";s:6:\"Monday\";s:4:\"open\";s:5:\"11:00\";s:5:\"close\";s:5:\"23:00\";}i:1;a:3:{s:3:\"day\";s:7:\"Tuesday\";s:4:\"open\";s:5:\"11:00\";s:5:\"close\";s:5:\"23:00\";}i:2;a:3:{s:3:\"day\";s:9:\"Wednesday\";s:4:\"open\";s:5:\"11:00\";s:5:\"close\";s:5:\"23:00\";}i:3;a:3:{s:3:\"day\";s:8:\"Thursday\";s:4:\"open\";s:5:\"11:00\";s:5:\"close\";s:5:\"23:00\";}i:4;a:3:{s:3:\"day\";s:6:\"Friday\";s:4:\"open\";s:5:\"11:00\";s:5:\"close\";s:5:\"23:00\";}i:5;a:3:{s:3:\"day\";s:8:\"Saturday\";s:4:\"open\";s:5:\"11:00\";s:5:\"close\";s:5:\"23:00\";}i:6;a:3:{s:3:\"day\";s:6:\"Sunday\";s:4:\"open\";s:5:\"11:00\";s:5:\"close\";s:5:\"23:00\";}}}s:11:\"customer_id\";s:2:\"31\";s:14:\"customer_email\";s:13:\"demo@demo.com\";s:7:\"user_id\";s:2:\"15\";s:8:\"username\";s:10:\"tastyadmin\";}', '');
INSERT INTO ci_sessions (`session_id`, `ip_address`, `user_agent`, `last_activity`, `user_data`, `nearest_location`) VALUES ('888622d879127475081a1719a1683579', '172.16.251.216', 'Mozilla/5.0 (X11; Ubuntu; Linux x86_64; rv:26.0) Gecko/20100101 Firefox/26.0 FirePHP/0.7.4', 1387337497, 'a:1:{s:9:\"user_data\";s:0:\"\";}', '');
INSERT INTO ci_sessions (`session_id`, `ip_address`, `user_agent`, `last_activity`, `user_data`, `nearest_location`) VALUES ('8d07bd7418bab9d5c9064b4433c92b0a', '172.16.251.219', 'Mozilla/5.0 (X11; Ubuntu; Linux x86_64; rv:26.0) Gecko/20100101 Firefox/26.0 FirePHP/0.7.4', 1387577500, 'a:3:{s:9:\"user_data\";s:0:\"\";s:11:\"customer_id\";s:2:\"31\";s:14:\"customer_email\";s:13:\"demo@demo.com\";}', '');
INSERT INTO ci_sessions (`session_id`, `ip_address`, `user_agent`, `last_activity`, `user_data`, `nearest_location`) VALUES ('9212525d373d3185c2459effee47296f', '172.16.251.214', 'Mozilla/5.0 (X11; Ubuntu; Linux x86_64; rv:26.0) Gecko/20100101 Firefox/26.0', 1387311091, 'a:3:{s:9:\"user_data\";s:0:\"\";s:7:\"user_id\";s:2:\"15\";s:8:\"username\";s:10:\"tastyadmin\";}', '');
INSERT INTO ci_sessions (`session_id`, `ip_address`, `user_agent`, `last_activity`, `user_data`, `nearest_location`) VALUES ('943e09561494dba1ffe14f522aab2f16', '172.16.251.215', 'Mozilla/5.0 (X11; Ubuntu; Linux x86_64; rv:26.0) Gecko/20100101 Firefox/26.0 FirePHP/0.7.4', 1387311343, 'a:1:{s:9:\"user_data\";s:0:\"\";}', '');
INSERT INTO ci_sessions (`session_id`, `ip_address`, `user_agent`, `last_activity`, `user_data`, `nearest_location`) VALUES ('944805f13db54f437e5ec4a4091409dd', '172.16.251.215', 'Mozilla/5.0 (X11; Ubuntu; Linux x86_64; rv:26.0) Gecko/20100101 Firefox/26.0 FirePHP/0.7.4', 1387311339, 'a:1:{s:9:\"user_data\";s:0:\"\";}', '');
INSERT INTO ci_sessions (`session_id`, `ip_address`, `user_agent`, `last_activity`, `user_data`, `nearest_location`) VALUES ('94a49ad73ceb25f49577658cb4ccd5c6', '172.16.251.204', 'Mozilla/5.0 (X11; Ubuntu; Linux x86_64; rv:25.0) Gecko/20100101 Firefox/25.0', 1385814814, 'a:3:{s:9:\"user_data\";s:0:\"\";s:7:\"user_id\";s:2:\"15\";s:8:\"username\";s:10:\"tastyadmin\";}', '');
INSERT INTO ci_sessions (`session_id`, `ip_address`, `user_agent`, `last_activity`, `user_data`, `nearest_location`) VALUES ('94bc37f58426ebc72acd9d0d709519a1', '172.16.251.218', 'Mozilla/5.0 (X11; Ubuntu; Linux x86_64; rv:26.0) Gecko/20100101 Firefox/26.0 FirePHP/0.7.4', 1387415280, 'a:1:{s:9:\"user_data\";s:0:\"\";}', '');
INSERT INTO ci_sessions (`session_id`, `ip_address`, `user_agent`, `last_activity`, `user_data`, `nearest_location`) VALUES ('94e9759b5b3889b14611fc0c5cb77287', '::1', 'Mozilla/5.0 (Macintosh; Intel Mac OS X 10.8; rv:24.0) Gecko/20100101 Firefox/24.0 FirePHP/0.7.4', 1382101440, 'a:5:{s:9:\"user_data\";s:0:\"\";s:13:\"cart_contents\";a:3:{s:32:\"9d2955646b606c74c02c8af3a1020b85\";a:7:{s:5:\"rowid\";s:32:\"9d2955646b606c74c02c8af3a1020b85\";s:2:\"id\";s:6:\"mnu_26\";s:4:\"name\";s:12:\"STEAMED RICE\";s:3:\"qty\";s:1:\"1\";s:5:\"price\";s:5:\"73.00\";s:7:\"options\";a:1:{s:4:\"With\";s:12:\"Meat: £3.00\";}s:8:\"subtotal\";d:73;}s:11:\"total_items\";i:1;s:10:\"cart_total\";d:73;}s:14:\"local_location\";a:3:{s:6:\"status\";s:2:\"OK\";s:4:\"data\";a:13:{s:11:\"location_id\";s:3:\"135\";s:13:\"location_name\";s:22:\"Excel Local Restaurant\";s:18:\"location_address_1\";s:17:\"1 Western Gateway\";s:18:\"location_address_2\";s:19:\"Royal Victoria Dock\";s:13:\"location_city\";s:14:\"Greater London\";s:17:\"location_postcode\";s:7:\"E16 1XL\";s:19:\"location_country_id\";s:3:\"222\";s:18:\"location_telephone\";s:11:\"02088279114\";s:12:\"location_lat\";s:9:\"51.508492\";s:12:\"location_lng\";s:8:\"0.025040\";s:15:\"location_radius\";s:2:\"25\";s:6:\"status\";s:1:\"0\";s:8:\"distance\";s:18:\"0.0923355206359974\";}s:13:\"opening_hours\";a:7:{i:0;a:3:{s:3:\"day\";s:6:\"Monday\";s:4:\"open\";s:5:\"00:00\";s:5:\"close\";s:5:\"23:59\";}i:1;a:3:{s:3:\"day\";s:7:\"Tuesday\";s:4:\"open\";s:5:\"00:00\";s:5:\"close\";s:5:\"23:59\";}i:2;a:3:{s:3:\"day\";s:9:\"Wednesday\";s:4:\"open\";s:5:\"00:00\";s:5:\"close\";s:5:\"23:59\";}i:3;a:3:{s:3:\"day\";s:8:\"Thursday\";s:4:\"open\";s:5:\"00:00\";s:5:\"close\";s:5:\"23:59\";}i:4;a:3:{s:3:\"day\";s:6:\"Friday\";s:4:\"open\";s:5:\"00:00\";s:5:\"close\";s:5:\"23:59\";}i:5;a:3:{s:3:\"day\";s:8:\"Saturday\";s:4:\"open\";s:5:\"00:00\";s:5:\"close\";s:5:\"23:59\";}i:6;a:3:{s:3:\"day\";s:6:\"Sunday\";s:4:\"open\";s:5:\"00:00\";s:5:\"close\";s:5:\"23:59\";}}}s:11:\"customer_id\";s:2:\"29\";s:14:\"customer_email\";s:17:\"eesyboii@live.com\";}', '');
INSERT INTO ci_sessions (`session_id`, `ip_address`, `user_agent`, `last_activity`, `user_data`, `nearest_location`) VALUES ('952f33864825471dfb844088f5c9eff0', '192.168.1.81', 'Mozilla/5.0 (X11; Ubuntu; Linux x86_64; rv:25.0) Gecko/20100101 Firefox/25.0', 1383931544, 'a:4:{s:9:\"user_data\";s:0:\"\";s:7:\"user_id\";s:2:\"15\";s:8:\"username\";s:10:\"tastyadmin\";s:14:\"local_location\";a:3:{s:6:\"status\";s:2:\"OK\";s:4:\"data\";a:13:{s:11:\"location_id\";s:3:\"122\";s:13:\"location_name\";s:8:\"Lewisham\";s:18:\"location_address_1\";s:23:\"35 Lewisham High Street\";s:18:\"location_address_2\";s:0:\"\";s:13:\"location_city\";s:14:\"Greater London\";s:17:\"location_postcode\";s:8:\"SE13 7HS\";s:19:\"location_country_id\";s:3:\"222\";s:18:\"location_telephone\";s:11:\"02088279108\";s:12:\"location_lat\";s:9:\"51.461731\";s:12:\"location_lng\";s:9:\"-0.011749\";s:15:\"location_radius\";s:2:\"25\";s:15:\"location_status\";s:1:\"1\";s:8:\"distance\";s:18:\"1.9619756767046261\";}s:13:\"opening_hours\";a:7:{i:0;a:3:{s:3:\"day\";s:6:\"Monday\";s:4:\"open\";s:5:\"11:00\";s:5:\"close\";s:5:\"23:00\";}i:1;a:3:{s:3:\"day\";s:7:\"Tuesday\";s:4:\"open\";s:5:\"11:00\";s:5:\"close\";s:5:\"23:00\";}i:2;a:3:{s:3:\"day\";s:9:\"Wednesday\";s:4:\"open\";s:5:\"11:00\";s:5:\"close\";s:5:\"23:00\";}i:3;a:3:{s:3:\"day\";s:8:\"Thursday\";s:4:\"open\";s:5:\"11:00\";s:5:\"close\";s:5:\"23:00\";}i:4;a:3:{s:3:\"day\";s:6:\"Friday\";s:4:\"open\";s:5:\"11:00\";s:5:\"close\";s:5:\"23:00\";}i:5;a:3:{s:3:\"day\";s:8:\"Saturday\";s:4:\"open\";s:5:\"11:00\";s:5:\"close\";s:5:\"23:00\";}i:6;a:3:{s:3:\"day\";s:6:\"Sunday\";s:4:\"open\";s:5:\"11:00\";s:5:\"close\";s:5:\"23:00\";}}}}', '');
INSERT INTO ci_sessions (`session_id`, `ip_address`, `user_agent`, `last_activity`, `user_data`, `nearest_location`) VALUES ('954ff6fddb4871cf16df8aef496ed7da', '172.16.251.194', 'Mozilla/5.0 (X11; Ubuntu; Linux x86_64; rv:25.0) Gecko/20100101 Firefox/25.0', 1385077302, 'a:8:{s:9:\"user_data\";s:0:\"\";s:7:\"user_id\";s:2:\"15\";s:8:\"username\";s:10:\"tastyadmin\";s:11:\"customer_id\";s:2:\"31\";s:14:\"customer_email\";s:13:\"demo@demo.com\";s:14:\"local_location\";a:3:{s:6:\"status\";s:2:\"OK\";s:4:\"data\";a:13:{s:11:\"location_id\";s:3:\"135\";s:13:\"location_name\";s:22:\"Excel Local Restaurant\";s:18:\"location_address_1\";s:17:\"1 Western Gateway\";s:18:\"location_address_2\";s:19:\"Royal Victoria Dock\";s:13:\"location_city\";s:14:\"Greater London\";s:17:\"location_postcode\";s:7:\"E16 1XL\";s:19:\"location_country_id\";s:3:\"222\";s:18:\"location_telephone\";s:11:\"02088279114\";s:12:\"location_lat\";s:9:\"51.508492\";s:12:\"location_lng\";s:8:\"0.025040\";s:15:\"location_radius\";s:2:\"25\";s:15:\"location_status\";s:1:\"1\";s:8:\"distance\";s:19:\"0.09233552063599738\";}s:13:\"opening_hours\";a:7:{i:0;a:3:{s:3:\"day\";s:6:\"Monday\";s:4:\"open\";s:5:\"00:00\";s:5:\"close\";s:5:\"23:59\";}i:1;a:3:{s:3:\"day\";s:7:\"Tuesday\";s:4:\"open\";s:5:\"00:00\";s:5:\"close\";s:5:\"23:59\";}i:2;a:3:{s:3:\"day\";s:9:\"Wednesday\";s:4:\"open\";s:5:\"00:00\";s:5:\"close\";s:5:\"23:59\";}i:3;a:3:{s:3:\"day\";s:8:\"Thursday\";s:4:\"open\";s:5:\"00:00\";s:5:\"close\";s:5:\"23:59\";}i:4;a:3:{s:3:\"day\";s:6:\"Friday\";s:4:\"open\";s:5:\"00:00\";s:5:\"close\";s:5:\"23:59\";}i:5;a:3:{s:3:\"day\";s:8:\"Saturday\";s:4:\"open\";s:5:\"00:00\";s:5:\"close\";s:5:\"23:59\";}i:6;a:3:{s:3:\"day\";s:6:\"Sunday\";s:4:\"open\";s:5:\"00:00\";s:5:\"close\";s:5:\"23:59\";}}}s:13:\"cart_contents\";a:4:{s:32:\"30237189fa6c70aa6629a3cf0aadc11e\";a:7:{s:5:\"rowid\";s:32:\"30237189fa6c70aa6629a3cf0aadc11e\";s:2:\"id\";s:2:\"33\";s:4:\"name\";s:11:\"JOLLOF RICE\";s:3:\"qty\";s:2:\"20\";s:5:\"price\";s:5:\"90.00\";s:7:\"options\";a:1:{s:4:\"With\";s:13:\"Fish: £20.00\";}s:8:\"subtotal\";d:1800;}s:32:\"03c9a29c55ee54e408eef88bb9109a28\";a:7:{s:5:\"rowid\";s:32:\"03c9a29c55ee54e408eef88bb9109a28\";s:2:\"id\";s:2:\"26\";s:4:\"name\";s:12:\"STEAMED RICE\";s:3:\"qty\";s:2:\"10\";s:5:\"price\";s:5:\"84.00\";s:7:\"options\";a:1:{s:4:\"With\";s:16:\"Chicken: £14.00\";}s:8:\"subtotal\";d:840;}s:11:\"total_items\";i:30;s:10:\"cart_total\";d:2640;}s:15:\"flash:old:alert\";s:52:\"<p class=\"success\">Settings Updated Sucessfully!</p>\";}', '');
INSERT INTO ci_sessions (`session_id`, `ip_address`, `user_agent`, `last_activity`, `user_data`, `nearest_location`) VALUES ('9636e4ec4ab3aa114412c6e90977a42c', '172.16.251.219', 'Mozilla/5.0 (X11; Ubuntu; Linux x86_64; rv:26.0) Gecko/20100101 Firefox/26.0 FirePHP/0.7.4', 1387586105, 'a:1:{s:9:\"user_data\";s:0:\"\";}', '');
INSERT INTO ci_sessions (`session_id`, `ip_address`, `user_agent`, `last_activity`, `user_data`, `nearest_location`) VALUES ('966f80c050d1535ff01ee9009518f8b9', '172.16.251.218', 'Mozilla/5.0 (X11; Ubuntu; Linux x86_64; rv:26.0) Gecko/20100101 Firefox/26.0 FirePHP/0.7.4', 1387419661, 'a:1:{s:9:\"user_data\";s:0:\"\";}', '');
INSERT INTO ci_sessions (`session_id`, `ip_address`, `user_agent`, `last_activity`, `user_data`, `nearest_location`) VALUES ('96f99212f5b388e7094ac827de2ee209', '172.16.251.215', 'Mozilla/5.0 (X11; Ubuntu; Linux x86_64; rv:26.0) Gecko/20100101 Firefox/26.0 FirePHP/0.7.4', 1387317190, 'a:1:{s:9:\"user_data\";s:0:\"\";}', '');
INSERT INTO ci_sessions (`session_id`, `ip_address`, `user_agent`, `last_activity`, `user_data`, `nearest_location`) VALUES ('9750d833331875fb0fde747b249bad0f', '172.16.251.219', 'Mozilla/5.0 (X11; Ubuntu; Linux x86_64; rv:26.0) Gecko/20100101 Firefox/26.0 FirePHP/0.7.4', 1387506030, 'a:1:{s:9:\"user_data\";s:0:\"\";}', '');
INSERT INTO ci_sessions (`session_id`, `ip_address`, `user_agent`, `last_activity`, `user_data`, `nearest_location`) VALUES ('9861673ab87f084d88e2a93ec8e69b01', '172.16.251.216', 'Mozilla/5.0 (X11; Ubuntu; Linux x86_64; rv:26.0) Gecko/20100101 Firefox/26.0 FirePHP/0.7.4', 1387333465, 'a:1:{s:9:\"user_data\";s:0:\"\";}', '');
INSERT INTO ci_sessions (`session_id`, `ip_address`, `user_agent`, `last_activity`, `user_data`, `nearest_location`) VALUES ('996c61b3a20eac59c021f3ef07861ed8', '172.16.251.215', 'Mozilla/5.0 (X11; Ubuntu; Linux x86_64; rv:26.0) Gecko/20100101 Firefox/26.0 FirePHP/0.7.4', 1387315851, 'a:1:{s:9:\"user_data\";s:0:\"\";}', '');
INSERT INTO ci_sessions (`session_id`, `ip_address`, `user_agent`, `last_activity`, `user_data`, `nearest_location`) VALUES ('9af606ac3616a3547037d78649446937', '172.16.251.215', 'Mozilla/5.0 (X11; Ubuntu; Linux x86_64; rv:26.0) Gecko/20100101 Firefox/26.0 FirePHP/0.7.4', 1387317162, 'a:2:{s:9:\"user_data\";s:0:\"\";s:13:\"table_details\";a:5:{s:11:\"location_id\";i:115;s:9:\"guest_num\";i:2;s:12:\"reserve_date\";s:10:\"18-12-2013\";s:12:\"reserve_time\";s:8:\"14:00:00\";s:8:\"occasion\";i:0;}}', '');
INSERT INTO ci_sessions (`session_id`, `ip_address`, `user_agent`, `last_activity`, `user_data`, `nearest_location`) VALUES ('9b66d283349b1395074c6c147780df0b', '192.168.1.81', 'Mozilla/5.0 (X11; Ubuntu; Linux x86_64; rv:25.0) Gecko/20100101 Firefox/25.0', 1383931546, 'a:1:{s:9:\"user_data\";s:0:\"\";}', '');
INSERT INTO ci_sessions (`session_id`, `ip_address`, `user_agent`, `last_activity`, `user_data`, `nearest_location`) VALUES ('9e132066c772f45e17eb9a1c756eca98', '172.16.251.219', 'Mozilla/5.0 (X11; Ubuntu; Linux x86_64; rv:26.0) Gecko/20100101 Firefox/26.0 FirePHP/0.7.4', 1387500273, 'a:1:{s:9:\"user_data\";s:0:\"\";}', '');
INSERT INTO ci_sessions (`session_id`, `ip_address`, `user_agent`, `last_activity`, `user_data`, `nearest_location`) VALUES ('9e9debaaee25918fd5a7fc4a900c9658', '172.16.251.219', 'Mozilla/5.0 (X11; Ubuntu; Linux x86_64; rv:26.0) Gecko/20100101 Firefox/26.0 FirePHP/0.7.4', 1387562280, 'a:1:{s:9:\"user_data\";s:0:\"\";}', '');
INSERT INTO ci_sessions (`session_id`, `ip_address`, `user_agent`, `last_activity`, `user_data`, `nearest_location`) VALUES ('9fa1c2abf894b7f69bdc27e660481e84', '172.16.251.200', 'Mozilla/5.0 (X11; Ubuntu; Linux x86_64; rv:25.0) Gecko/20100101 Firefox/25.0', 1385659219, 'a:1:{s:9:\"user_data\";s:0:\"\";}', '');
INSERT INTO ci_sessions (`session_id`, `ip_address`, `user_agent`, `last_activity`, `user_data`, `nearest_location`) VALUES ('a1b9d6b5822e8ad8717d323ef5d6e936', '172.16.251.194', 'Mozilla/5.0 (X11; Ubuntu; Linux x86_64; rv:25.0) Gecko/20100101 Firefox/25.0 FirePHP/0.7.4', 1385079266, 'a:6:{s:9:\"user_data\";s:0:\"\";s:14:\"local_location\";a:3:{s:6:\"status\";s:2:\"OK\";s:4:\"data\";a:13:{s:11:\"location_id\";s:3:\"135\";s:13:\"location_name\";s:22:\"Excel Local Restaurant\";s:18:\"location_address_1\";s:17:\"1 Western Gateway\";s:18:\"location_address_2\";s:19:\"Royal Victoria Dock\";s:13:\"location_city\";s:14:\"Greater London\";s:17:\"location_postcode\";s:7:\"E16 1XL\";s:19:\"location_country_id\";s:3:\"222\";s:18:\"location_telephone\";s:11:\"02088279114\";s:12:\"location_lat\";s:9:\"51.508492\";s:12:\"location_lng\";s:8:\"0.025040\";s:15:\"location_radius\";s:2:\"25\";s:15:\"location_status\";s:1:\"1\";s:8:\"distance\";s:19:\"0.09233552063599738\";}s:13:\"opening_hours\";a:7:{i:0;a:3:{s:3:\"day\";s:6:\"Monday\";s:4:\"open\";s:5:\"00:00\";s:5:\"close\";s:5:\"23:59\";}i:1;a:3:{s:3:\"day\";s:7:\"Tuesday\";s:4:\"open\";s:5:\"00:00\";s:5:\"close\";s:5:\"23:59\";}i:2;a:3:{s:3:\"day\";s:9:\"Wednesday\";s:4:\"open\";s:5:\"00:00\";s:5:\"close\";s:5:\"23:59\";}i:3;a:3:{s:3:\"day\";s:8:\"Thursday\";s:4:\"open\";s:5:\"00:00\";s:5:\"close\";s:5:\"23:59\";}i:4;a:3:{s:3:\"day\";s:6:\"Friday\";s:4:\"open\";s:5:\"00:00\";s:5:\"close\";s:5:\"23:59\";}i:5;a:3:{s:3:\"day\";s:8:\"Saturday\";s:4:\"open\";s:5:\"00:00\";s:5:\"close\";s:5:\"23:59\";}i:6;a:3:{s:3:\"day\";s:6:\"Sunday\";s:4:\"open\";s:5:\"00:00\";s:5:\"close\";s:5:\"23:59\";}}}s:13:\"cart_contents\";a:6:{s:32:\"8e296a067a37563370ded05f5a3bf3ec\";a:7:{s:5:\"rowid\";s:32:\"8e296a067a37563370ded05f5a3bf3ec\";s:2:\"id\";s:2:\"25\";s:4:\"name\";s:4:\"BUNS\";s:3:\"qty\";s:1:\"5\";s:5:\"price\";s:6:\"100.00\";s:7:\"options\";a:0:{}s:8:\"subtotal\";d:500;}s:32:\"4e732ced3463d06de0ca9a15b6153677\";a:7:{s:5:\"rowid\";s:32:\"4e732ced3463d06de0ca9a15b6153677\";s:2:\"id\";s:2:\"26\";s:4:\"name\";s:12:\"STEAMED RICE\";s:3:\"qty\";s:1:\"6\";s:5:\"price\";s:5:\"70.00\";s:7:\"options\";a:0:{}s:8:\"subtotal\";d:420;}s:32:\"c16a5320fa475530d9583c34fd356ef5\";a:7:{s:5:\"rowid\";s:32:\"c16a5320fa475530d9583c34fd356ef5\";s:2:\"id\";s:2:\"31\";s:4:\"name\";s:9:\"CHIN-CHIN\";s:3:\"qty\";s:2:\"10\";s:5:\"price\";s:6:\"200.00\";s:7:\"options\";a:0:{}s:8:\"subtotal\";d:2000;}s:32:\"7f39f8317fbdb1988ef4c628eba02591\";a:7:{s:5:\"rowid\";s:32:\"7f39f8317fbdb1988ef4c628eba02591\";s:2:\"id\";s:2:\"61\";s:4:\"name\";s:45:\"FRIED TILAPIA FILLET WITH RICE AND VEGETABLES\";s:3:\"qty\";s:2:\"10\";s:5:\"price\";s:5:\"20.00\";s:7:\"options\";a:0:{}s:8:\"subtotal\";d:200;}s:11:\"total_items\";i:31;s:10:\"cart_total\";d:3120;}s:11:\"customer_id\";s:2:\"23\";s:14:\"customer_email\";s:17:\"eesyboi@gmail.com\";s:13:\"order_details\";a:14:{s:17:\"order_location_id\";s:3:\"135\";s:17:\"order_customer_id\";s:2:\"23\";s:5:\"email\";s:17:\"eesyboi@gmail.com\";s:10:\"first_name\";s:3:\"Sam\";s:9:\"last_name\";s:3:\"Sam\";s:9:\"telephone\";s:7:\"1234567\";s:10:\"order_type\";i:2;s:10:\"order_time\";s:8:\"02:29:00\";s:10:\"date_added\";s:10:\"2013/11/22\";s:7:\"payment\";s:6:\"paypal\";s:11:\"order_total\";d:3120;s:11:\"total_items\";i:31;s:10:\"ip_address\";s:14:\"172.16.251.194\";s:10:\"user_agent\";s:90:\"Mozilla/5.0 (X11; Ubuntu; Linux x86_64; rv:25.0) Gecko/20100101 Firefox/25.0 FirePHP/0.7.4\";}}', '');
INSERT INTO ci_sessions (`session_id`, `ip_address`, `user_agent`, `last_activity`, `user_data`, `nearest_location`) VALUES ('a25bcc8ea91cddc8f7166beb7bc8bb53', '172.16.251.212', 'Mozilla/5.0 (X11; Ubuntu; Linux x86_64; rv:25.0) Gecko/20100101 Firefox/25.0 FirePHP/0.7.4', 1386517677, 'a:8:{s:9:\"user_data\";s:0:\"\";s:7:\"user_id\";s:2:\"15\";s:8:\"username\";s:10:\"tastyadmin\";s:11:\"customer_id\";s:2:\"31\";s:14:\"customer_email\";s:13:\"demo@demo.com\";s:14:\"local_location\";a:3:{s:6:\"status\";s:2:\"OK\";s:4:\"data\";a:13:{s:11:\"location_id\";s:3:\"122\";s:13:\"location_name\";s:8:\"Lewisham\";s:18:\"location_address_1\";s:23:\"35 Lewisham High Street\";s:18:\"location_address_2\";s:0:\"\";s:13:\"location_city\";s:14:\"Greater London\";s:17:\"location_postcode\";s:8:\"SE13 7HS\";s:19:\"location_country_id\";s:3:\"222\";s:18:\"location_telephone\";s:11:\"02088279108\";s:12:\"location_lat\";s:9:\"51.461731\";s:12:\"location_lng\";s:9:\"-0.011749\";s:15:\"location_radius\";s:2:\"25\";s:15:\"location_status\";s:1:\"1\";s:8:\"distance\";s:18:\"1.9619756767046261\";}s:13:\"opening_hours\";a:7:{i:0;a:3:{s:3:\"day\";s:6:\"Monday\";s:4:\"open\";s:5:\"11:00\";s:5:\"close\";s:5:\"23:00\";}i:1;a:3:{s:3:\"day\";s:7:\"Tuesday\";s:4:\"open\";s:5:\"11:00\";s:5:\"close\";s:5:\"23:00\";}i:2;a:3:{s:3:\"day\";s:9:\"Wednesday\";s:4:\"open\";s:5:\"11:00\";s:5:\"close\";s:5:\"23:00\";}i:3;a:3:{s:3:\"day\";s:8:\"Thursday\";s:4:\"open\";s:5:\"11:00\";s:5:\"close\";s:5:\"23:00\";}i:4;a:3:{s:3:\"day\";s:6:\"Friday\";s:4:\"open\";s:5:\"11:00\";s:5:\"close\";s:5:\"23:00\";}i:5;a:3:{s:3:\"day\";s:8:\"Saturday\";s:4:\"open\";s:5:\"11:00\";s:5:\"close\";s:5:\"23:00\";}i:6;a:3:{s:3:\"day\";s:6:\"Sunday\";s:4:\"open\";s:5:\"11:00\";s:5:\"close\";s:5:\"23:00\";}}}s:13:\"cart_contents\";a:6:{s:32:\"4f01682a65927cf6e7cad108b33f285e\";a:7:{s:5:\"rowid\";s:32:\"4f01682a65927cf6e7cad108b33f285e\";s:2:\"id\";s:2:\"26\";s:4:\"name\";s:12:\"STEAMED RICE\";s:3:\"qty\";s:1:\"4\";s:5:\"price\";s:5:\"84.00\";s:7:\"options\";a:1:{s:4:\"With\";s:17:\"Chicken: €14.00\";}s:8:\"subtotal\";d:336;}s:32:\"8e296a067a37563370ded05f5a3bf3ec\";a:7:{s:5:\"rowid\";s:32:\"8e296a067a37563370ded05f5a3bf3ec\";s:2:\"id\";s:2:\"25\";s:4:\"name\";s:4:\"BUNS\";s:3:\"qty\";s:1:\"5\";s:5:\"price\";s:6:\"100.00\";s:7:\"options\";a:0:{}s:8:\"subtotal\";d:500;}s:32:\"660206596a81e5ad10d12ac5fea9b877\";a:7:{s:5:\"rowid\";s:32:\"660206596a81e5ad10d12ac5fea9b877\";s:2:\"id\";s:2:\"33\";s:4:\"name\";s:11:\"JOLLOF RICE\";s:3:\"qty\";s:1:\"1\";s:5:\"price\";s:5:\"84.00\";s:7:\"options\";a:1:{s:4:\"With\";s:17:\"Chicken: €14.00\";}s:8:\"subtotal\";d:84;}s:32:\"6364d3f0f495b6ab9dcf8d3b5c6e0b01\";a:7:{s:5:\"rowid\";s:32:\"6364d3f0f495b6ab9dcf8d3b5c6e0b01\";s:2:\"id\";s:2:\"32\";s:4:\"name\";s:10:\"SCOTCH EGG\";s:3:\"qty\";s:1:\"1\";s:5:\"price\";s:6:\"200.00\";s:7:\"options\";a:0:{}s:8:\"subtotal\";d:200;}s:11:\"total_items\";i:11;s:10:\"cart_total\";d:1120;}s:13:\"order_details\";a:17:{s:17:\"order_location_id\";s:3:\"122\";s:17:\"order_customer_id\";s:2:\"31\";s:5:\"email\";s:13:\"demo@demo.com\";s:10:\"first_name\";s:4:\"Demo\";s:9:\"last_name\";s:4:\"Acct\";s:9:\"telephone\";s:6:\"999999\";s:10:\"order_type\";i:1;s:10:\"order_time\";s:8:\"17:01:00\";s:10:\"date_added\";s:10:\"2013/12/08\";s:13:\"date_modified\";s:10:\"2013/12/08\";s:16:\"order_address_id\";i:25;s:7:\"payment\";s:6:\"paypal\";s:7:\"comment\";s:92:\"If this is your first Joomla! site or your first web site, you have come to the right place.\";s:11:\"order_total\";d:1120;s:11:\"total_items\";i:11;s:10:\"ip_address\";s:14:\"172.16.251.213\";s:10:\"user_agent\";s:90:\"Mozilla/5.0 (X11; Ubuntu; Linux x86_64; rv:25.0) Gecko/20100101 Firefox/25.0 FirePHP/0.7.4\";}}', '');
INSERT INTO ci_sessions (`session_id`, `ip_address`, `user_agent`, `last_activity`, `user_data`, `nearest_location`) VALUES ('a30d8322c689dd22919a687f327e1d0a', '172.16.251.215', 'Mozilla/5.0 (X11; Ubuntu; Linux x86_64; rv:26.0) Gecko/20100101 Firefox/26.0 FirePHP/0.7.4', 1387313810, 'a:3:{s:9:\"user_data\";s:0:\"\";s:7:\"user_id\";s:2:\"15\";s:8:\"username\";s:10:\"tastyadmin\";}', '');
INSERT INTO ci_sessions (`session_id`, `ip_address`, `user_agent`, `last_activity`, `user_data`, `nearest_location`) VALUES ('a4c0cc4a26eae4d646d35e3e1e8cc4cf', '::1', 'Mozilla/5.0 (Macintosh; Intel Mac OS X 10.8; rv:24.0) Gecko/20100101 Firefox/24.0 FirePHP/0.7.4', 1382145491, 'a:6:{s:9:\"user_data\";s:0:\"\";s:13:\"cart_contents\";a:4:{s:32:\"3d9d87c3a4d83f48c3bc2cd70f75095a\";a:7:{s:5:\"rowid\";s:32:\"3d9d87c3a4d83f48c3bc2cd70f75095a\";s:2:\"id\";s:6:\"mnu_26\";s:4:\"name\";s:12:\"STEAMED RICE\";s:3:\"qty\";s:1:\"1\";s:5:\"price\";s:5:\"70.00\";s:7:\"options\";a:0:{}s:8:\"subtotal\";d:70;}s:32:\"77fd097557ef342274ad50bf72903a50\";a:7:{s:5:\"rowid\";s:32:\"77fd097557ef342274ad50bf72903a50\";s:2:\"id\";s:6:\"mnu_25\";s:4:\"name\";s:4:\"BUNS\";s:3:\"qty\";s:1:\"1\";s:5:\"price\";s:6:\"100.00\";s:7:\"options\";a:0:{}s:8:\"subtotal\";d:100;}s:11:\"total_items\";i:2;s:10:\"cart_total\";d:170;}s:11:\"customer_id\";s:2:\"29\";s:14:\"customer_email\";s:17:\"eesyboii@live.com\";s:14:\"local_location\";a:3:{s:6:\"status\";s:2:\"OK\";s:4:\"data\";a:13:{s:11:\"location_id\";s:3:\"135\";s:13:\"location_name\";s:22:\"Excel Local Restaurant\";s:18:\"location_address_1\";s:17:\"1 Western Gateway\";s:18:\"location_address_2\";s:19:\"Royal Victoria Dock\";s:13:\"location_city\";s:14:\"Greater London\";s:17:\"location_postcode\";s:7:\"E16 1XL\";s:19:\"location_country_id\";s:3:\"222\";s:18:\"location_telephone\";s:11:\"02088279114\";s:12:\"location_lat\";s:9:\"51.508492\";s:12:\"location_lng\";s:8:\"0.025040\";s:15:\"location_radius\";s:2:\"25\";s:6:\"status\";s:1:\"0\";s:8:\"distance\";s:18:\"0.0923355206359974\";}s:13:\"opening_hours\";a:7:{i:0;a:3:{s:3:\"day\";s:6:\"Monday\";s:4:\"open\";s:5:\"00:00\";s:5:\"close\";s:5:\"23:59\";}i:1;a:3:{s:3:\"day\";s:7:\"Tuesday\";s:4:\"open\";s:5:\"00:00\";s:5:\"close\";s:5:\"23:59\";}i:2;a:3:{s:3:\"day\";s:9:\"Wednesday\";s:4:\"open\";s:5:\"00:00\";s:5:\"close\";s:5:\"23:59\";}i:3;a:3:{s:3:\"day\";s:8:\"Thursday\";s:4:\"open\";s:5:\"00:00\";s:5:\"close\";s:5:\"23:59\";}i:4;a:3:{s:3:\"day\";s:6:\"Friday\";s:4:\"open\";s:5:\"00:00\";s:5:\"close\";s:5:\"23:59\";}i:5;a:3:{s:3:\"day\";s:8:\"Saturday\";s:4:\"open\";s:5:\"00:00\";s:5:\"close\";s:5:\"23:59\";}i:6;a:3:{s:3:\"day\";s:6:\"Sunday\";s:4:\"open\";s:5:\"00:00\";s:5:\"close\";s:5:\"23:59\";}}}s:13:\"order_details\";a:15:{s:17:\"order_location_id\";s:3:\"135\";s:11:\"customer_id\";s:2:\"29\";s:5:\"email\";s:17:\"eesyboii@live.com\";s:10:\"first_name\";s:7:\"Temi Df\";s:9:\"last_name\";s:6:\"Demo2f\";s:9:\"telephone\";s:7:\"3332222\";s:10:\"order_type\";i:1;s:10:\"time_added\";s:5:\"02:18\";s:10:\"date_added\";s:10:\"2013/10/19\";s:10:\"address_id\";i:23;s:7:\"payment\";s:6:\"paypal\";s:11:\"order_total\";d:170;s:11:\"total_items\";i:2;s:10:\"ip_address\";s:3:\"::1\";s:10:\"user_agent\";s:95:\"Mozilla/5.0 (Macintosh; Intel Mac OS X 10.8; rv:24.0) Gecko/20100101 Firefox/24.0 FirePHP/0.7.4\";}}', '');
INSERT INTO ci_sessions (`session_id`, `ip_address`, `user_agent`, `last_activity`, `user_data`, `nearest_location`) VALUES ('a598719aed83c14b4902df4387fea539', '172.16.251.216', 'Mozilla/5.0 (X11; Ubuntu; Linux x86_64; rv:26.0) Gecko/20100101 Firefox/26.0 FirePHP/0.7.4', 1387339676, 'a:1:{s:9:\"user_data\";s:0:\"\";}', '');
INSERT INTO ci_sessions (`session_id`, `ip_address`, `user_agent`, `last_activity`, `user_data`, `nearest_location`) VALUES ('a5c604bfa05fc42018a023a521f49ef1', '172.16.251.216', 'Mozilla/5.0 (X11; Ubuntu; Linux x86_64; rv:26.0) Gecko/20100101 Firefox/26.0 FirePHP/0.7.4', 1387336834, 'a:1:{s:9:\"user_data\";s:0:\"\";}', '');
INSERT INTO ci_sessions (`session_id`, `ip_address`, `user_agent`, `last_activity`, `user_data`, `nearest_location`) VALUES ('a79e9440828300173057d2b660b565af', '::1', 'Mozilla/5.0 (Macintosh; Intel Mac OS X 10.8; rv:24.0) Gecko/20100101 Firefox/24.0', 1380723221, 'a:1:{s:9:\"user_data\";s:0:\"\";}', '');
INSERT INTO ci_sessions (`session_id`, `ip_address`, `user_agent`, `last_activity`, `user_data`, `nearest_location`) VALUES ('a7b3cb591af09d380f57459eabc474ba', '172.16.251.216', 'Mozilla/5.0 (X11; Ubuntu; Linux x86_64; rv:26.0) Gecko/20100101 Firefox/26.0 FirePHP/0.7.4', 1387336766, 'a:1:{s:9:\"user_data\";s:0:\"\";}', '');
INSERT INTO ci_sessions (`session_id`, `ip_address`, `user_agent`, `last_activity`, `user_data`, `nearest_location`) VALUES ('a7f821ddf93e79a38243810cd2b4c7b5', '172.16.251.214', 'Mozilla/5.0 (X11; Ubuntu; Linux x86_64; rv:26.0) Gecko/20100101 Firefox/26.0 FirePHP/0.7.4', 1387190051, 'a:6:{s:9:\"user_data\";s:0:\"\";s:14:\"local_location\";a:3:{s:6:\"status\";s:2:\"OK\";s:4:\"data\";a:13:{s:11:\"location_id\";s:3:\"122\";s:13:\"location_name\";s:8:\"Lewisham\";s:18:\"location_address_1\";s:23:\"35 Lewisham High Street\";s:18:\"location_address_2\";s:0:\"\";s:13:\"location_city\";s:14:\"Greater London\";s:17:\"location_postcode\";s:8:\"SE13 7HS\";s:19:\"location_country_id\";s:3:\"222\";s:18:\"location_telephone\";s:11:\"02088279108\";s:12:\"location_lat\";s:9:\"51.461731\";s:12:\"location_lng\";s:9:\"-0.011749\";s:15:\"location_radius\";s:2:\"25\";s:15:\"location_status\";s:1:\"1\";s:8:\"distance\";s:18:\"1.9619756767046261\";}s:13:\"opening_hours\";a:7:{i:0;a:3:{s:3:\"day\";s:6:\"Monday\";s:4:\"open\";s:5:\"11:00\";s:5:\"close\";s:5:\"23:00\";}i:1;a:3:{s:3:\"day\";s:7:\"Tuesday\";s:4:\"open\";s:5:\"11:00\";s:5:\"close\";s:5:\"23:00\";}i:2;a:3:{s:3:\"day\";s:9:\"Wednesday\";s:4:\"open\";s:5:\"11:00\";s:5:\"close\";s:5:\"23:00\";}i:3;a:3:{s:3:\"day\";s:8:\"Thursday\";s:4:\"open\";s:5:\"11:00\";s:5:\"close\";s:5:\"23:00\";}i:4;a:3:{s:3:\"day\";s:6:\"Friday\";s:4:\"open\";s:5:\"11:00\";s:5:\"close\";s:5:\"23:00\";}i:5;a:3:{s:3:\"day\";s:8:\"Saturday\";s:4:\"open\";s:5:\"11:00\";s:5:\"close\";s:5:\"23:00\";}i:6;a:3:{s:3:\"day\";s:6:\"Sunday\";s:4:\"open\";s:5:\"11:00\";s:5:\"close\";s:5:\"23:00\";}}}s:7:\"user_id\";s:2:\"15\";s:8:\"username\";s:10:\"tastyadmin\";s:11:\"customer_id\";s:2:\"31\";s:14:\"customer_email\";s:13:\"demo@demo.com\";}', '');
INSERT INTO ci_sessions (`session_id`, `ip_address`, `user_agent`, `last_activity`, `user_data`, `nearest_location`) VALUES ('a859dd0457cd7ebf8e3ba52213f88927', '192.168.1.81', 'Mozilla/5.0 (Macintosh; Intel Mac OS X 10.8; rv:23.0) Gecko/20100101 Firefox/23.0', 1378193802, 'a:4:{s:9:\"user_data\";s:0:\"\";s:20:\"customer_id_to_reset\";s:2:\"29\";s:7:\"user_id\";s:2:\"15\";s:8:\"username\";s:10:\"tastyadmin\";}', '');
INSERT INTO ci_sessions (`session_id`, `ip_address`, `user_agent`, `last_activity`, `user_data`, `nearest_location`) VALUES ('a8cb8ad7b683a0b3363a9c10b5b2d423', '172.16.251.222', 'Mozilla/5.0 (X11; Ubuntu; Linux x86_64; rv:26.0) Gecko/20100101 Firefox/26.0 FirePHP/0.7.4', 1388001635, 'a:5:{s:9:\"user_data\";s:0:\"\";s:11:\"customer_id\";s:2:\"31\";s:14:\"customer_email\";s:13:\"demo@demo.com\";s:14:\"local_location\";a:3:{s:6:\"status\";s:2:\"OK\";s:4:\"data\";a:18:{s:11:\"location_id\";s:3:\"122\";s:13:\"location_name\";s:8:\"Lewisham\";s:14:\"location_email\";s:0:\"\";s:18:\"location_address_1\";s:23:\"35 Lewisham High Street\";s:18:\"location_address_2\";s:0:\"\";s:13:\"location_city\";s:14:\"Greater London\";s:17:\"location_postcode\";s:8:\"SE13 7HS\";s:19:\"location_country_id\";s:3:\"222\";s:18:\"location_telephone\";s:11:\"02088279108\";s:12:\"location_lat\";s:9:\"51.461731\";s:12:\"location_lng\";s:9:\"-0.011749\";s:15:\"location_radius\";s:2:\"25\";s:14:\"offer_delivery\";s:1:\"0\";s:10:\"ready_time\";s:1:\"0\";s:15:\"delivery_charge\";s:4:\"0.00\";s:19:\"min_delivery_charge\";s:4:\"0.00\";s:15:\"location_status\";s:1:\"1\";s:8:\"distance\";s:18:\"1.9619756767046261\";}s:13:\"opening_hours\";a:7:{i:0;a:3:{s:3:\"day\";s:6:\"Monday\";s:4:\"open\";s:5:\"11:00\";s:5:\"close\";s:5:\"23:00\";}i:1;a:3:{s:3:\"day\";s:7:\"Tuesday\";s:4:\"open\";s:5:\"11:00\";s:5:\"close\";s:5:\"23:00\";}i:2;a:3:{s:3:\"day\";s:9:\"Wednesday\";s:4:\"open\";s:5:\"11:00\";s:5:\"close\";s:5:\"23:00\";}i:3;a:3:{s:3:\"day\";s:8:\"Thursday\";s:4:\"open\";s:5:\"11:00\";s:5:\"close\";s:5:\"23:00\";}i:4;a:3:{s:3:\"day\";s:6:\"Friday\";s:4:\"open\";s:5:\"11:00\";s:5:\"close\";s:5:\"23:00\";}i:5;a:3:{s:3:\"day\";s:8:\"Saturday\";s:4:\"open\";s:5:\"11:00\";s:5:\"close\";s:5:\"23:00\";}i:6;a:3:{s:3:\"day\";s:6:\"Sunday\";s:4:\"open\";s:5:\"11:00\";s:5:\"close\";s:5:\"23:00\";}}}s:13:\"cart_contents\";a:3:{s:32:\"c16a5320fa475530d9583c34fd356ef5\";a:7:{s:5:\"rowid\";s:32:\"c16a5320fa475530d9583c34fd356ef5\";s:2:\"id\";s:2:\"31\";s:4:\"name\";s:9:\"CHIN-CHIN\";s:3:\"qty\";s:1:\"1\";s:5:\"price\";s:6:\"200.00\";s:7:\"options\";a:0:{}s:8:\"subtotal\";d:200;}s:11:\"total_items\";i:1;s:10:\"cart_total\";d:200;}}', '');
INSERT INTO ci_sessions (`session_id`, `ip_address`, `user_agent`, `last_activity`, `user_data`, `nearest_location`) VALUES ('a91b1ef7ae2c517e112fe37c0d614634', '172.16.251.218', 'Mozilla/5.0 (X11; Ubuntu; Linux x86_64; rv:26.0) Gecko/20100101 Firefox/26.0 FirePHP/0.7.4', 1387420324, 'a:4:{s:9:\"user_data\";s:0:\"\";s:7:\"user_id\";s:2:\"15\";s:8:\"username\";s:10:\"tastyadmin\";s:13:\"table_details\";a:6:{s:8:\"postcode\";s:19:\"Harrow - 1.53 miles\";s:11:\"location_id\";s:3:\"115\";s:9:\"guest_num\";s:1:\"2\";s:12:\"reserve_date\";s:10:\"20-12-2013\";s:12:\"reserve_time\";s:8:\"11:00:00\";s:8:\"occasion\";s:1:\"0\";}}', '');
INSERT INTO ci_sessions (`session_id`, `ip_address`, `user_agent`, `last_activity`, `user_data`, `nearest_location`) VALUES ('a92812c2696c57f4ca76b3c98e1be592', '::1', 'Mozilla/5.0 (Macintosh; Intel Mac OS X 10.8; rv:24.0) Gecko/20100101 Firefox/24.0 FirePHP/0.7.4', 1379951911, 'a:4:{s:9:\"user_data\";s:0:\"\";s:7:\"user_id\";s:2:\"15\";s:8:\"username\";s:10:\"tastyadmin\";s:14:\"local_location\";a:3:{s:6:\"status\";s:2:\"OK\";s:4:\"data\";a:13:{s:11:\"location_id\";s:3:\"135\";s:13:\"location_name\";s:5:\"Excel\";s:18:\"location_address_1\";s:17:\"1 Western Gateway\";s:18:\"location_address_2\";s:19:\"Royal Victoria Dock\";s:13:\"location_city\";s:14:\"Greater London\";s:17:\"location_postcode\";s:7:\"E16 1XL\";s:19:\"location_country_id\";s:3:\"222\";s:18:\"location_telephone\";s:11:\"02088279114\";s:12:\"location_lat\";s:9:\"51.508492\";s:12:\"location_lng\";s:8:\"0.025040\";s:15:\"location_radius\";s:2:\"25\";s:6:\"status\";s:1:\"0\";s:8:\"distance\";s:18:\"0.0923355206359974\";}s:13:\"opening_hours\";a:7:{i:0;a:3:{s:3:\"day\";s:6:\"Monday\";s:4:\"open\";s:5:\"01:00\";s:5:\"close\";s:5:\"23:59\";}i:1;a:3:{s:3:\"day\";s:7:\"Tuesday\";s:4:\"open\";s:5:\"01:00\";s:5:\"close\";s:5:\"23:59\";}i:2;a:3:{s:3:\"day\";s:9:\"Wednesday\";s:4:\"open\";s:5:\"01:00\";s:5:\"close\";s:5:\"23:59\";}i:3;a:3:{s:3:\"day\";s:8:\"Thursday\";s:4:\"open\";s:5:\"01:00\";s:5:\"close\";s:5:\"23:59\";}i:4;a:3:{s:3:\"day\";s:6:\"Friday\";s:4:\"open\";s:5:\"01:00\";s:5:\"close\";s:5:\"23:59\";}i:5;a:3:{s:3:\"day\";s:8:\"Saturday\";s:4:\"open\";s:5:\"01:00\";s:5:\"close\";s:5:\"23:59\";}i:6;a:3:{s:3:\"day\";s:6:\"Sunday\";s:4:\"open\";s:5:\"01:00\";s:5:\"close\";s:5:\"23:59\";}}}}', '');
INSERT INTO ci_sessions (`session_id`, `ip_address`, `user_agent`, `last_activity`, `user_data`, `nearest_location`) VALUES ('a9708ffddaa9b4018e18dc9f9f56bc53', '::1', 'Mozilla/5.0 (Macintosh; Intel Mac OS X 10.8; rv:23.0) Gecko/20100101 Firefox/23.0', 1378437440, 'a:1:{s:14:\"local_location\";a:3:{s:6:\"status\";s:2:\"OK\";s:4:\"data\";a:13:{s:11:\"location_id\";s:3:\"135\";s:13:\"location_name\";s:5:\"Excel\";s:18:\"location_address_1\";s:17:\"1 Western Gateway\";s:18:\"location_address_2\";s:19:\"Royal Victoria Dock\";s:13:\"location_city\";s:14:\"Greater London\";s:17:\"location_postcode\";s:7:\"E16 1XL\";s:19:\"location_country_id\";s:3:\"222\";s:18:\"location_telephone\";s:11:\"02088279114\";s:12:\"location_lat\";s:9:\"51.508492\";s:12:\"location_lng\";s:8:\"0.025040\";s:15:\"location_radius\";s:2:\"25\";s:6:\"status\";s:1:\"0\";s:8:\"distance\";s:16:\"1.74972695048429\";}s:13:\"opening_hours\";a:7:{i:0;a:3:{s:3:\"day\";s:6:\"Monday\";s:4:\"open\";s:5:\"01:00\";s:5:\"close\";s:5:\"23:59\";}i:1;a:3:{s:3:\"day\";s:7:\"Tuesday\";s:4:\"open\";s:5:\"01:00\";s:5:\"close\";s:5:\"23:59\";}i:2;a:3:{s:3:\"day\";s:9:\"Wednesday\";s:4:\"open\";s:5:\"01:00\";s:5:\"close\";s:5:\"23:59\";}i:3;a:3:{s:3:\"day\";s:8:\"Thursday\";s:4:\"open\";s:5:\"01:00\";s:5:\"close\";s:5:\"23:59\";}i:4;a:3:{s:3:\"day\";s:6:\"Friday\";s:4:\"open\";s:5:\"01:00\";s:5:\"close\";s:5:\"23:59\";}i:5;a:3:{s:3:\"day\";s:8:\"Saturday\";s:4:\"open\";s:5:\"01:00\";s:5:\"close\";s:5:\"23:59\";}i:6;a:3:{s:3:\"day\";s:6:\"Sunday\";s:4:\"open\";s:5:\"01:00\";s:5:\"close\";s:5:\"23:59\";}}}}', '');
INSERT INTO ci_sessions (`session_id`, `ip_address`, `user_agent`, `last_activity`, `user_data`, `nearest_location`) VALUES ('a995894f0012030407f165020d67851e', '::1', 'Mozilla/5.0 (Macintosh; Intel Mac OS X 10.8; rv:24.0) Gecko/20100101 Firefox/24.0 FirePHP/0.7.4', 1382195217, 'a:3:{s:9:\"user_data\";s:0:\"\";s:7:\"user_id\";s:2:\"15\";s:8:\"username\";s:10:\"tastyadmin\";}', '');
INSERT INTO ci_sessions (`session_id`, `ip_address`, `user_agent`, `last_activity`, `user_data`, `nearest_location`) VALUES ('aaaf08fcc1172db35eadbba78999c4be', '172.16.251.216', 'Mozilla/5.0 (X11; Ubuntu; Linux x86_64; rv:26.0) Gecko/20100101 Firefox/26.0 FirePHP/0.7.4', 1387337496, 'a:1:{s:9:\"user_data\";s:0:\"\";}', '');
INSERT INTO ci_sessions (`session_id`, `ip_address`, `user_agent`, `last_activity`, `user_data`, `nearest_location`) VALUES ('aaf0a184be84a1223cbcb8829e018adf', '::1', 'Mozilla/5.0 (Macintosh; Intel Mac OS X 10.8; rv:24.0) Gecko/20100101 Firefox/24.0 FirePHP/0.7.4', 1381694408, 'a:3:{s:9:\"user_data\";s:0:\"\";s:7:\"user_id\";s:2:\"15\";s:8:\"username\";s:10:\"tastyadmin\";}', '');
INSERT INTO ci_sessions (`session_id`, `ip_address`, `user_agent`, `last_activity`, `user_data`, `nearest_location`) VALUES ('abb37fae04b29c680ddb7744c2ca9cd6', '172.16.251.185', 'Mozilla/5.0 (X11; Ubuntu; Linux x86_64; rv:25.0) Gecko/20100101 Firefox/25.0', 1384267459, 'a:5:{s:9:\"user_data\";s:0:\"\";s:14:\"local_location\";a:3:{s:6:\"status\";s:2:\"OK\";s:4:\"data\";a:13:{s:11:\"location_id\";s:3:\"122\";s:13:\"location_name\";s:8:\"Lewisham\";s:18:\"location_address_1\";s:23:\"35 Lewisham High Street\";s:18:\"location_address_2\";s:0:\"\";s:13:\"location_city\";s:14:\"Greater London\";s:17:\"location_postcode\";s:8:\"SE13 7HS\";s:19:\"location_country_id\";s:3:\"222\";s:18:\"location_telephone\";s:11:\"02088279108\";s:12:\"location_lat\";s:9:\"51.461731\";s:12:\"location_lng\";s:9:\"-0.011749\";s:15:\"location_radius\";s:2:\"25\";s:15:\"location_status\";s:1:\"1\";s:8:\"distance\";s:18:\"1.9619756767046261\";}s:13:\"opening_hours\";a:7:{i:0;a:3:{s:3:\"day\";s:6:\"Monday\";s:4:\"open\";s:5:\"11:00\";s:5:\"close\";s:5:\"23:00\";}i:1;a:3:{s:3:\"day\";s:7:\"Tuesday\";s:4:\"open\";s:5:\"11:00\";s:5:\"close\";s:5:\"23:00\";}i:2;a:3:{s:3:\"day\";s:9:\"Wednesday\";s:4:\"open\";s:5:\"11:00\";s:5:\"close\";s:5:\"23:00\";}i:3;a:3:{s:3:\"day\";s:8:\"Thursday\";s:4:\"open\";s:5:\"11:00\";s:5:\"close\";s:5:\"23:00\";}i:4;a:3:{s:3:\"day\";s:6:\"Friday\";s:4:\"open\";s:5:\"11:00\";s:5:\"close\";s:5:\"23:00\";}i:5;a:3:{s:3:\"day\";s:8:\"Saturday\";s:4:\"open\";s:5:\"11:00\";s:5:\"close\";s:5:\"23:00\";}i:6;a:3:{s:3:\"day\";s:6:\"Sunday\";s:4:\"open\";s:5:\"11:00\";s:5:\"close\";s:5:\"23:00\";}}}s:13:\"cart_contents\";a:6:{s:32:\"6364d3f0f495b6ab9dcf8d3b5c6e0b01\";a:7:{s:5:\"rowid\";s:32:\"6364d3f0f495b6ab9dcf8d3b5c6e0b01\";s:2:\"id\";s:2:\"32\";s:4:\"name\";s:10:\"SCOTCH EGG\";s:3:\"qty\";s:2:\"10\";s:5:\"price\";s:6:\"200.00\";s:7:\"options\";a:0:{}s:8:\"subtotal\";d:2000;}s:32:\"182be0c5cdcd5072bb1864cdee4d3d6e\";a:7:{s:5:\"rowid\";s:32:\"182be0c5cdcd5072bb1864cdee4d3d6e\";s:2:\"id\";s:2:\"33\";s:4:\"name\";s:11:\"JOLLOF RICE\";s:3:\"qty\";s:2:\"20\";s:5:\"price\";s:5:\"70.00\";s:7:\"options\";a:0:{}s:8:\"subtotal\";d:1400;}s:32:\"7f39f8317fbdb1988ef4c628eba02591\";a:7:{s:5:\"rowid\";s:32:\"7f39f8317fbdb1988ef4c628eba02591\";s:2:\"id\";s:2:\"61\";s:4:\"name\";s:45:\"FRIED TILAPIA FILLET WITH RICE AND VEGETABLES\";s:3:\"qty\";s:1:\"7\";s:5:\"price\";s:5:\"20.00\";s:7:\"options\";a:0:{}s:8:\"subtotal\";d:140;}s:32:\"66f041e16a60928b05a7e228a89c3799\";a:7:{s:5:\"rowid\";s:32:\"66f041e16a60928b05a7e228a89c3799\";s:2:\"id\";s:2:\"58\";s:4:\"name\";s:29:\"GRILLED CHICKEN SPINACH SALAD\";s:3:\"qty\";s:2:\"10\";s:5:\"price\";s:4:\"4.99\";s:7:\"options\";a:0:{}s:8:\"subtotal\";d:49.900000000000005684341886080801486968994140625;}s:11:\"total_items\";i:47;s:10:\"cart_total\";d:3589.90000000000009094947017729282379150390625;}s:7:\"user_id\";s:2:\"15\";s:8:\"username\";s:10:\"tastyadmin\";}', '');
INSERT INTO ci_sessions (`session_id`, `ip_address`, `user_agent`, `last_activity`, `user_data`, `nearest_location`) VALUES ('ac91d3401f8697afdc5a70e310d00388', '172.16.251.219', 'Mozilla/5.0 (X11; Ubuntu; Linux x86_64; rv:26.0) Gecko/20100101 Firefox/26.0 FirePHP/0.7.4', 1387562279, 'a:1:{s:9:\"user_data\";s:0:\"\";}', '');
INSERT INTO ci_sessions (`session_id`, `ip_address`, `user_agent`, `last_activity`, `user_data`, `nearest_location`) VALUES ('ae4f30059ecd77b6ffcad33b282a9505', '172.16.251.213', 'Mozilla/5.0 (X11; Ubuntu; Linux x86_64; rv:25.0) Gecko/20100101 Firefox/25.0', 1386517706, 'a:2:{s:9:\"user_data\";s:0:\"\";s:15:\"flash:old:alert\";s:66:\"<p class=\"warning\">Please, add some menus before you checkout!</p>\";}', '');
INSERT INTO ci_sessions (`session_id`, `ip_address`, `user_agent`, `last_activity`, `user_data`, `nearest_location`) VALUES ('aef8455b6dd7f9ed99397809b92259a8', '172.16.251.219', 'Mozilla/5.0 (X11; Ubuntu; Linux x86_64; rv:26.0) Gecko/20100101 Firefox/26.0 FirePHP/0.7.4', 1387578382, 'a:1:{s:9:\"user_data\";s:0:\"\";}', '');
INSERT INTO ci_sessions (`session_id`, `ip_address`, `user_agent`, `last_activity`, `user_data`, `nearest_location`) VALUES ('b1e6577f9705bf2f5592fc658879bf59', '172.16.251.194', 'Mozilla/5.0 (X11; Ubuntu; Linux x86_64; rv:25.0) Gecko/20100101 Firefox/25.0', 1385079126, 'a:1:{s:9:\"user_data\";s:0:\"\";}', '');
INSERT INTO ci_sessions (`session_id`, `ip_address`, `user_agent`, `last_activity`, `user_data`, `nearest_location`) VALUES ('b284b43f027c944bcc4d2f54c6743a2e', '::1', 'Mozilla/5.0 (Macintosh; Intel Mac OS X 10.8; rv:24.0) Gecko/20100101 Firefox/24.0 FirePHP/0.7.4', 1380032728, 'a:3:{s:9:\"user_data\";s:0:\"\";s:7:\"user_id\";s:2:\"15\";s:8:\"username\";s:10:\"tastyadmin\";}', '');
INSERT INTO ci_sessions (`session_id`, `ip_address`, `user_agent`, `last_activity`, `user_data`, `nearest_location`) VALUES ('b336780595444ed69b6fa15094c8394c', '172.16.251.194', 'Mozilla/5.0 (X11; Ubuntu; Linux x86_64; rv:25.0) Gecko/20100101 Firefox/25.0', 1385032841, 'a:1:{s:9:\"user_data\";s:0:\"\";}', '');
INSERT INTO ci_sessions (`session_id`, `ip_address`, `user_agent`, `last_activity`, `user_data`, `nearest_location`) VALUES ('b35ae10d2f53db2612af4633c230cf46', '192.168.1.81', 'Mozilla/5.0 (X11; Ubuntu; Linux x86_64; rv:24.0) Gecko/20100101 Firefox/24.0', 1382146772, 'a:1:{s:9:\"user_data\";s:0:\"\";}', '');
INSERT INTO ci_sessions (`session_id`, `ip_address`, `user_agent`, `last_activity`, `user_data`, `nearest_location`) VALUES ('b4108df99d56d769d16629c110249947', '::1', 'Mozilla/5.0 (Macintosh; Intel Mac OS X 10.8; rv:24.0) Gecko/20100101 Firefox/24.0 FirePHP/0.7.4', 1380110618, 'a:2:{s:9:\"user_data\";s:0:\"\";s:14:\"local_location\";a:3:{s:6:\"status\";s:2:\"OK\";s:4:\"data\";a:13:{s:11:\"location_id\";s:3:\"131\";s:13:\"location_name\";s:12:\"Canary Wharf\";s:18:\"location_address_1\";s:17:\"8 Firmount Avenue\";s:18:\"location_address_2\";s:0:\"\";s:13:\"location_city\";s:14:\"Greater London\";s:17:\"location_postcode\";s:7:\"E14 9HH\";s:19:\"location_country_id\";s:3:\"222\";s:18:\"location_telephone\";s:11:\"02088279101\";s:12:\"location_lat\";s:9:\"51.506569\";s:12:\"location_lng\";s:9:\"-0.004563\";s:15:\"location_radius\";s:2:\"25\";s:6:\"status\";s:1:\"0\";s:8:\"distance\";s:17:\"0.602027954480978\";}s:13:\"opening_hours\";a:7:{i:0;a:3:{s:3:\"day\";s:6:\"Monday\";s:4:\"open\";s:5:\"10:00\";s:5:\"close\";s:5:\"20:00\";}i:1;a:3:{s:3:\"day\";s:7:\"Tuesday\";s:4:\"open\";s:5:\"00:00\";s:5:\"close\";s:5:\"00:00\";}i:2;a:3:{s:3:\"day\";s:9:\"Wednesday\";s:4:\"open\";s:5:\"11:00\";s:5:\"close\";s:5:\"20:00\";}i:3;a:3:{s:3:\"day\";s:8:\"Thursday\";s:4:\"open\";s:5:\"00:00\";s:5:\"close\";s:5:\"00:00\";}i:4;a:3:{s:3:\"day\";s:6:\"Friday\";s:4:\"open\";s:5:\"00:00\";s:5:\"close\";s:5:\"00:00\";}i:5;a:3:{s:3:\"day\";s:8:\"Saturday\";s:4:\"open\";s:5:\"00:00\";s:5:\"close\";s:5:\"00:00\";}i:6;a:3:{s:3:\"day\";s:6:\"Sunday\";s:4:\"open\";s:5:\"00:00\";s:5:\"close\";s:5:\"00:00\";}}}}', '');
INSERT INTO ci_sessions (`session_id`, `ip_address`, `user_agent`, `last_activity`, `user_data`, `nearest_location`) VALUES ('b422b76963a8ccbc975c3cdedd9484aa', '192.168.1.81', 'Mozilla/5.0 (compatible; MSIE 10.0; Windows NT 6.2; Trident/6.0)', 1384387856, 'a:2:{s:9:\"user_data\";s:0:\"\";s:13:\"cart_contents\";a:4:{s:32:\"072b030ba126b2f4b2374f342be9ed44\";a:7:{s:5:\"rowid\";s:32:\"072b030ba126b2f4b2374f342be9ed44\";s:2:\"id\";s:2:\"60\";s:4:\"name\";s:47:\"SAUTEED CATFISH FILLET WITH RICE AND VEGETABLES\";s:3:\"qty\";s:1:\"1\";s:5:\"price\";s:5:\"20.00\";s:7:\"options\";a:0:{}s:8:\"subtotal\";d:20;}s:32:\"7f39f8317fbdb1988ef4c628eba02591\";a:7:{s:5:\"rowid\";s:32:\"7f39f8317fbdb1988ef4c628eba02591\";s:2:\"id\";s:2:\"61\";s:4:\"name\";s:45:\"FRIED TILAPIA FILLET WITH RICE AND VEGETABLES\";s:3:\"qty\";s:1:\"1\";s:5:\"price\";s:5:\"20.00\";s:7:\"options\";a:0:{}s:8:\"subtotal\";d:20;}s:11:\"total_items\";i:2;s:10:\"cart_total\";d:40;}}', '');
INSERT INTO ci_sessions (`session_id`, `ip_address`, `user_agent`, `last_activity`, `user_data`, `nearest_location`) VALUES ('b4c23fccad13c3d19f52ab4fa3d94350', '172.16.251.219', 'Mozilla/5.0 (X11; Ubuntu; Linux x86_64; rv:26.0) Gecko/20100101 Firefox/26.0 FirePHP/0.7.4', 1387580659, 'a:5:{s:9:\"user_data\";s:0:\"\";s:7:\"user_id\";s:2:\"15\";s:8:\"username\";s:10:\"tastyadmin\";s:11:\"customer_id\";s:2:\"23\";s:14:\"customer_email\";s:17:\"eesyboi@gmail.com\";}', '');
INSERT INTO ci_sessions (`session_id`, `ip_address`, `user_agent`, `last_activity`, `user_data`, `nearest_location`) VALUES ('b57c348b0843740af13f36a15c4dc670', '::1', 'Mozilla/5.0 (Macintosh; Intel Mac OS X 10.8; rv:23.0) Gecko/20100101 Firefox/23.0 FirePHP/0.7.4', 1379495863, 'a:5:{s:7:\"user_id\";s:2:\"15\";s:8:\"username\";s:10:\"tastyadmin\";s:11:\"customer_id\";s:2:\"29\";s:14:\"customer_email\";s:17:\"eesyboii@live.com\";s:13:\"cart_contents\";a:5:{s:32:\"19bb6070c743e6c06d34a5cefaefd70a\";a:7:{s:5:\"rowid\";s:32:\"19bb6070c743e6c06d34a5cefaefd70a\";s:2:\"id\";s:4:\"FD31\";s:4:\"name\";s:9:\"CHIN-CHIN\";s:3:\"qty\";s:1:\"1\";s:5:\"price\";s:6:\"200.00\";s:7:\"options\";a:0:{}s:8:\"subtotal\";d:200;}s:32:\"3f56688764aa35b628bd1b608a437f47\";a:7:{s:5:\"rowid\";s:32:\"3f56688764aa35b628bd1b608a437f47\";s:2:\"id\";s:4:\"FD32\";s:4:\"name\";s:10:\"SCOTCH EGG\";s:3:\"qty\";s:1:\"1\";s:5:\"price\";s:6:\"200.00\";s:7:\"options\";a:0:{}s:8:\"subtotal\";d:200;}s:32:\"b25330a15c8c7d0c510ca3c98fb85230\";a:7:{s:5:\"rowid\";s:32:\"b25330a15c8c7d0c510ca3c98fb85230\";s:2:\"id\";s:4:\"FD26\";s:4:\"name\";s:12:\"STEAMED RICE\";s:3:\"qty\";s:1:\"2\";s:5:\"price\";s:5:\"72.00\";s:7:\"options\";a:1:{s:4:\"With\";s:10:\"Meat: 2.00\";}s:8:\"subtotal\";d:144;}s:11:\"total_items\";i:4;s:10:\"cart_total\";d:544;}}', '');
INSERT INTO ci_sessions (`session_id`, `ip_address`, `user_agent`, `last_activity`, `user_data`, `nearest_location`) VALUES ('b5cfedd549e550da50e6b20b9dd11e24', '::1', 'Mozilla/5.0 (Macintosh; Intel Mac OS X 10.8; rv:24.0) Gecko/20100101 Firefox/24.0 FirePHP/0.7.4', 1380629929, 'a:7:{s:9:\"user_data\";s:0:\"\";s:7:\"user_id\";s:2:\"15\";s:8:\"username\";s:10:\"tastyadmin\";s:14:\"local_location\";a:3:{s:6:\"status\";s:2:\"OK\";s:4:\"data\";a:13:{s:11:\"location_id\";s:3:\"136\";s:13:\"location_name\";s:10:\"Manchester\";s:18:\"location_address_1\";s:18:\"Sir Matt Busby Way\";s:18:\"location_address_2\";s:12:\"Old Trafford\";s:13:\"location_city\";s:18:\"Greater Manchester\";s:17:\"location_postcode\";s:7:\"M16 0RA\";s:19:\"location_country_id\";s:3:\"222\";s:18:\"location_telephone\";s:11:\"02088279114\";s:12:\"location_lat\";s:9:\"53.462559\";s:12:\"location_lng\";s:9:\"-2.291032\";s:15:\"location_radius\";s:2:\"25\";s:6:\"status\";s:1:\"0\";s:8:\"distance\";s:1:\"0\";}s:13:\"opening_hours\";a:7:{i:0;a:3:{s:3:\"day\";s:6:\"Monday\";s:4:\"open\";s:5:\"00:00\";s:5:\"close\";s:5:\"00:00\";}i:1;a:3:{s:3:\"day\";s:7:\"Tuesday\";s:4:\"open\";s:5:\"00:00\";s:5:\"close\";s:5:\"00:00\";}i:2;a:3:{s:3:\"day\";s:9:\"Wednesday\";s:4:\"open\";s:5:\"00:00\";s:5:\"close\";s:5:\"00:00\";}i:3;a:3:{s:3:\"day\";s:8:\"Thursday\";s:4:\"open\";s:5:\"00:00\";s:5:\"close\";s:5:\"00:00\";}i:4;a:3:{s:3:\"day\";s:6:\"Friday\";s:4:\"open\";s:5:\"00:00\";s:5:\"close\";s:5:\"00:00\";}i:5;a:3:{s:3:\"day\";s:8:\"Saturday\";s:4:\"open\";s:5:\"00:00\";s:5:\"close\";s:5:\"00:00\";}i:6;a:3:{s:3:\"day\";s:6:\"Sunday\";s:4:\"open\";s:5:\"00:00\";s:5:\"close\";s:5:\"00:00\";}}}s:11:\"customer_id\";s:2:\"22\";s:14:\"customer_email\";s:22:\"samadepoyigi@gmail.com\";s:15:\"flash:old:alert\";s:34:\"Address Added/Updated Sucessfully!\";}', '');
INSERT INTO ci_sessions (`session_id`, `ip_address`, `user_agent`, `last_activity`, `user_data`, `nearest_location`) VALUES ('b74e2d74e6a1c57ab92c171515af91db', '192.168.1.81', 'Mozilla/5.0 (X11; Ubuntu; Linux x86_64; rv:24.0) Gecko/20100101 Firefox/24.0', 1383654482, 'a:5:{s:9:\"user_data\";s:0:\"\";s:7:\"user_id\";s:2:\"15\";s:8:\"username\";s:10:\"tastyadmin\";s:11:\"customer_id\";s:2:\"31\";s:14:\"customer_email\";s:13:\"demo@demo.com\";}', '');
INSERT INTO ci_sessions (`session_id`, `ip_address`, `user_agent`, `last_activity`, `user_data`, `nearest_location`) VALUES ('b78577b089b52bcbd3b244494781d8b7', '172.16.251.222', 'Mozilla/5.0 (X11; Ubuntu; Linux x86_64; rv:26.0) Gecko/20100101 Firefox/26.0 FirePHP/0.7.4', 1388000911, 'a:3:{s:9:\"user_data\";s:0:\"\";s:7:\"user_id\";s:2:\"15\";s:8:\"username\";s:10:\"tastyadmin\";}', '');
INSERT INTO ci_sessions (`session_id`, `ip_address`, `user_agent`, `last_activity`, `user_data`, `nearest_location`) VALUES ('b90169d15ab77e14169764971e53c695', '192.168.1.104', 'Mozilla/5.0 (iPhone; CPU iPhone OS 7_0 like Mac OS X) AppleWebKit/537.51.1 (KHTML, like Gecko) CriOS/30.0.1599.12 Mobile', 1379779774, 'a:2:{s:9:\"user_data\";s:0:\"\";s:14:\"local_location\";a:3:{s:6:\"status\";s:2:\"OK\";s:4:\"data\";a:13:{s:11:\"location_id\";s:3:\"122\";s:13:\"location_name\";s:8:\"Lewisham\";s:18:\"location_address_1\";s:23:\"35 Lewisham High Street\";s:18:\"location_address_2\";s:0:\"\";s:13:\"location_city\";s:14:\"Greater London\";s:17:\"location_postcode\";s:8:\"SE13 7HS\";s:19:\"location_country_id\";s:1:\"0\";s:18:\"location_telephone\";s:11:\"02088279108\";s:12:\"location_lat\";s:9:\"51.461731\";s:12:\"location_lng\";s:9:\"-0.011749\";s:15:\"location_radius\";s:2:\"25\";s:6:\"status\";s:1:\"0\";s:8:\"distance\";s:16:\"1.96197567670463\";}s:13:\"opening_hours\";a:7:{i:0;a:3:{s:3:\"day\";s:6:\"Monday\";s:4:\"open\";s:5:\"11:00\";s:5:\"close\";s:5:\"23:00\";}i:1;a:3:{s:3:\"day\";s:7:\"Tuesday\";s:4:\"open\";s:5:\"11:00\";s:5:\"close\";s:5:\"23:00\";}i:2;a:3:{s:3:\"day\";s:9:\"Wednesday\";s:4:\"open\";s:5:\"11:00\";s:5:\"close\";s:5:\"23:00\";}i:3;a:3:{s:3:\"day\";s:8:\"Thursday\";s:4:\"open\";s:5:\"11:00\";s:5:\"close\";s:5:\"23:00\";}i:4;a:3:{s:3:\"day\";s:6:\"Friday\";s:4:\"open\";s:5:\"11:00\";s:5:\"close\";s:5:\"23:00\";}i:5;a:3:{s:3:\"day\";s:8:\"Saturday\";s:4:\"open\";s:5:\"11:00\";s:5:\"close\";s:5:\"23:00\";}i:6;a:3:{s:3:\"day\";s:6:\"Sunday\";s:4:\"open\";s:5:\"11:00\";s:5:\"close\";s:5:\"23:00\";}}}}', '');
INSERT INTO ci_sessions (`session_id`, `ip_address`, `user_agent`, `last_activity`, `user_data`, `nearest_location`) VALUES ('ba02d331a12de92f9a543a96948adc2d', '172.16.251.222', 'Mozilla/5.0 (X11; Ubuntu; Linux x86_64; rv:26.0) Gecko/20100101 Firefox/26.0 FirePHP/0.7.4', 1388000566, 'a:7:{s:9:\"user_data\";s:0:\"\";s:7:\"user_id\";s:2:\"15\";s:8:\"username\";s:10:\"tastyadmin\";s:14:\"local_location\";a:3:{s:6:\"status\";s:2:\"OK\";s:4:\"data\";a:18:{s:11:\"location_id\";s:3:\"122\";s:13:\"location_name\";s:8:\"Lewisham\";s:14:\"location_email\";s:0:\"\";s:18:\"location_address_1\";s:23:\"35 Lewisham High Street\";s:18:\"location_address_2\";s:0:\"\";s:13:\"location_city\";s:14:\"Greater London\";s:17:\"location_postcode\";s:8:\"SE13 7HS\";s:19:\"location_country_id\";s:3:\"222\";s:18:\"location_telephone\";s:11:\"02088279108\";s:12:\"location_lat\";s:9:\"51.461731\";s:12:\"location_lng\";s:9:\"-0.011749\";s:15:\"location_radius\";s:2:\"25\";s:14:\"offer_delivery\";s:1:\"0\";s:10:\"ready_time\";s:1:\"0\";s:15:\"delivery_charge\";s:4:\"0.00\";s:19:\"min_delivery_charge\";s:4:\"0.00\";s:15:\"location_status\";s:1:\"1\";s:8:\"distance\";s:18:\"1.9619756767046261\";}s:13:\"opening_hours\";a:7:{i:0;a:3:{s:3:\"day\";s:6:\"Monday\";s:4:\"open\";s:5:\"11:00\";s:5:\"close\";s:5:\"23:00\";}i:1;a:3:{s:3:\"day\";s:7:\"Tuesday\";s:4:\"open\";s:5:\"11:00\";s:5:\"close\";s:5:\"23:00\";}i:2;a:3:{s:3:\"day\";s:9:\"Wednesday\";s:4:\"open\";s:5:\"11:00\";s:5:\"close\";s:5:\"23:00\";}i:3;a:3:{s:3:\"day\";s:8:\"Thursday\";s:4:\"open\";s:5:\"11:00\";s:5:\"close\";s:5:\"23:00\";}i:4;a:3:{s:3:\"day\";s:6:\"Friday\";s:4:\"open\";s:5:\"11:00\";s:5:\"close\";s:5:\"23:00\";}i:5;a:3:{s:3:\"day\";s:8:\"Saturday\";s:4:\"open\";s:5:\"11:00\";s:5:\"close\";s:5:\"23:00\";}i:6;a:3:{s:3:\"day\";s:6:\"Sunday\";s:4:\"open\";s:5:\"11:00\";s:5:\"close\";s:5:\"23:00\";}}}s:13:\"cart_contents\";a:3:{s:32:\"8e296a067a37563370ded05f5a3bf3ec\";a:7:{s:5:\"rowid\";s:32:\"8e296a067a37563370ded05f5a3bf3ec\";s:2:\"id\";s:2:\"25\";s:4:\"name\";s:4:\"BUNS\";s:3:\"qty\";s:1:\"1\";s:5:\"price\";s:6:\"100.00\";s:7:\"options\";a:0:{}s:8:\"subtotal\";d:100;}s:11:\"total_items\";i:1;s:10:\"cart_total\";d:100;}s:11:\"customer_id\";s:2:\"31\";s:14:\"customer_email\";s:13:\"demo@demo.com\";}', '');
INSERT INTO ci_sessions (`session_id`, `ip_address`, `user_agent`, `last_activity`, `user_data`, `nearest_location`) VALUES ('bc209dea44928e4d7df7657d8eb71570', '::1', 'Mozilla/5.0 (Macintosh; Intel Mac OS X 10.8; rv:24.0) Gecko/20100101 Firefox/24.0 FirePHP/0.7.4', 1381878819, 'a:8:{s:9:\"user_data\";s:0:\"\";s:11:\"customer_id\";s:2:\"29\";s:14:\"customer_email\";s:17:\"eesyboii@live.com\";s:14:\"local_location\";a:3:{s:6:\"status\";s:2:\"OK\";s:4:\"data\";a:13:{s:11:\"location_id\";s:3:\"135\";s:13:\"location_name\";s:22:\"Excel Local Restaurant\";s:18:\"location_address_1\";s:17:\"1 Western Gateway\";s:18:\"location_address_2\";s:19:\"Royal Victoria Dock\";s:13:\"location_city\";s:14:\"Greater London\";s:17:\"location_postcode\";s:7:\"E16 1XL\";s:19:\"location_country_id\";s:3:\"222\";s:18:\"location_telephone\";s:11:\"02088279114\";s:12:\"location_lat\";s:9:\"51.508492\";s:12:\"location_lng\";s:8:\"0.025040\";s:15:\"location_radius\";s:2:\"25\";s:6:\"status\";s:1:\"0\";s:8:\"distance\";s:18:\"0.0923355206359974\";}s:13:\"opening_hours\";a:7:{i:0;a:3:{s:3:\"day\";s:6:\"Monday\";s:4:\"open\";s:5:\"00:00\";s:5:\"close\";s:5:\"23:59\";}i:1;a:3:{s:3:\"day\";s:7:\"Tuesday\";s:4:\"open\";s:5:\"00:00\";s:5:\"close\";s:5:\"23:59\";}i:2;a:3:{s:3:\"day\";s:9:\"Wednesday\";s:4:\"open\";s:5:\"00:00\";s:5:\"close\";s:5:\"23:59\";}i:3;a:3:{s:3:\"day\";s:8:\"Thursday\";s:4:\"open\";s:5:\"00:00\";s:5:\"close\";s:5:\"23:59\";}i:4;a:3:{s:3:\"day\";s:6:\"Friday\";s:4:\"open\";s:5:\"00:00\";s:5:\"close\";s:5:\"23:59\";}i:5;a:3:{s:3:\"day\";s:8:\"Saturday\";s:4:\"open\";s:5:\"00:00\";s:5:\"close\";s:5:\"23:59\";}i:6;a:3:{s:3:\"day\";s:6:\"Sunday\";s:4:\"open\";s:5:\"00:00\";s:5:\"close\";s:5:\"23:59\";}}}s:7:\"user_id\";s:2:\"15\";s:8:\"username\";s:10:\"tastyadmin\";s:13:\"cart_contents\";a:5:{s:32:\"1107aa632c0962d4d03a44fb9f8ce1a4\";a:7:{s:5:\"rowid\";s:32:\"1107aa632c0962d4d03a44fb9f8ce1a4\";s:2:\"id\";s:6:\"mnu_32\";s:4:\"name\";s:10:\"SCOTCH EGG\";s:3:\"qty\";s:1:\"8\";s:5:\"price\";s:6:\"200.00\";s:7:\"options\";a:0:{}s:8:\"subtotal\";d:1600;}s:32:\"5c017416410694c30b1f77edecfcccf5\";a:7:{s:5:\"rowid\";s:32:\"5c017416410694c30b1f77edecfcccf5\";s:2:\"id\";s:6:\"mnu_52\";s:4:\"name\";s:13:\"Spinach Salad\";s:3:\"qty\";s:1:\"4\";s:5:\"price\";s:4:\"3.00\";s:7:\"options\";a:0:{}s:8:\"subtotal\";d:12;}s:32:\"77fd097557ef342274ad50bf72903a50\";a:7:{s:5:\"rowid\";s:32:\"77fd097557ef342274ad50bf72903a50\";s:2:\"id\";s:6:\"mnu_25\";s:4:\"name\";s:4:\"BUNS\";s:3:\"qty\";s:2:\"20\";s:5:\"price\";s:6:\"100.00\";s:7:\"options\";a:0:{}s:8:\"subtotal\";d:2000;}s:11:\"total_items\";i:32;s:10:\"cart_total\";d:3612;}s:15:\"flash:old:alert\";s:16:\"Nothing Updated!\";}', '');
INSERT INTO ci_sessions (`session_id`, `ip_address`, `user_agent`, `last_activity`, `user_data`, `nearest_location`) VALUES ('bc45a1a997e168905e7b323f343774ea', '::1', 'Mozilla/5.0 (Macintosh; Intel Mac OS X 10_9_0) AppleWebKit/537.36 (KHTML, like Gecko) Chrome/30.0.1599.101 Safari/537.36', 1383653399, 'a:1:{s:9:\"user_data\";s:0:\"\";}', '');
INSERT INTO ci_sessions (`session_id`, `ip_address`, `user_agent`, `last_activity`, `user_data`, `nearest_location`) VALUES ('bcd6ba1e7b8f295646123fc67210d195', '::1', 'Mozilla/5.0 (Macintosh; Intel Mac OS X 10.8; rv:24.0) Gecko/20100101 Firefox/24.0 FirePHP/0.7.4', 1380639138, 'a:2:{s:9:\"user_data\";s:0:\"\";s:13:\"cart_contents\";a:3:{s:32:\"19bb6070c743e6c06d34a5cefaefd70a\";a:7:{s:5:\"rowid\";s:32:\"19bb6070c743e6c06d34a5cefaefd70a\";s:2:\"id\";s:4:\"FD31\";s:4:\"name\";s:9:\"CHIN-CHIN\";s:3:\"qty\";s:1:\"1\";s:5:\"price\";s:6:\"200.00\";s:7:\"options\";a:0:{}s:8:\"subtotal\";d:200;}s:11:\"total_items\";i:1;s:10:\"cart_total\";d:200;}}', '');
INSERT INTO ci_sessions (`session_id`, `ip_address`, `user_agent`, `last_activity`, `user_data`, `nearest_location`) VALUES ('bd4ab3ec7fd3fa0b147b9c6fb83761fd', '172.16.251.214', 'Mozilla/5.0 (X11; Ubuntu; Linux x86_64; rv:26.0) Gecko/20100101 Firefox/26.0 FirePHP/0.7.4', 1386851938, 'a:8:{s:9:\"user_data\";s:0:\"\";s:7:\"user_id\";s:2:\"15\";s:8:\"username\";s:10:\"tastyadmin\";s:14:\"local_location\";a:3:{s:6:\"status\";s:2:\"OK\";s:4:\"data\";a:13:{s:11:\"location_id\";s:3:\"141\";s:13:\"location_name\";s:13:\"Chaucer Place\";s:18:\"location_address_1\";s:18:\"40 Princess Street\";s:18:\"location_address_2\";s:0:\"\";s:13:\"location_city\";s:6:\"London\";s:17:\"location_postcode\";s:6:\"SE16JS\";s:19:\"location_country_id\";s:3:\"222\";s:18:\"location_telephone\";s:10:\"0230302023\";s:12:\"location_lat\";s:9:\"51.495560\";s:12:\"location_lng\";s:9:\"-0.102558\";s:15:\"location_radius\";s:2:\"30\";s:15:\"location_status\";s:1:\"1\";s:8:\"distance\";s:20:\"0.030070586846028355\";}s:13:\"opening_hours\";a:7:{i:0;a:3:{s:3:\"day\";s:6:\"Monday\";s:4:\"open\";s:5:\"09:00\";s:5:\"close\";s:5:\"23:00\";}i:1;a:3:{s:3:\"day\";s:7:\"Tuesday\";s:4:\"open\";s:5:\"09:00\";s:5:\"close\";s:5:\"23:00\";}i:2;a:3:{s:3:\"day\";s:9:\"Wednesday\";s:4:\"open\";s:5:\"09:00\";s:5:\"close\";s:5:\"23:00\";}i:3;a:3:{s:3:\"day\";s:8:\"Thursday\";s:4:\"open\";s:5:\"09:00\";s:5:\"close\";s:5:\"23:00\";}i:4;a:3:{s:3:\"day\";s:6:\"Friday\";s:4:\"open\";s:5:\"09:00\";s:5:\"close\";s:5:\"23:00\";}i:5;a:3:{s:3:\"day\";s:8:\"Saturday\";s:4:\"open\";s:5:\"09:00\";s:5:\"close\";s:5:\"23:00\";}i:6;a:3:{s:3:\"day\";s:6:\"Sunday\";s:4:\"open\";s:5:\"09:00\";s:5:\"close\";s:5:\"23:00\";}}}s:13:\"cart_contents\";a:5:{s:32:\"8e296a067a37563370ded05f5a3bf3ec\";a:7:{s:5:\"rowid\";s:32:\"8e296a067a37563370ded05f5a3bf3ec\";s:2:\"id\";s:2:\"25\";s:4:\"name\";s:4:\"BUNS\";s:3:\"qty\";s:1:\"4\";s:5:\"price\";s:6:\"100.00\";s:7:\"options\";a:0:{}s:8:\"subtotal\";d:400;}s:32:\"4e732ced3463d06de0ca9a15b6153677\";a:7:{s:5:\"rowid\";s:32:\"4e732ced3463d06de0ca9a15b6153677\";s:2:\"id\";s:2:\"26\";s:4:\"name\";s:12:\"STEAMED RICE\";s:3:\"qty\";s:1:\"4\";s:5:\"price\";s:5:\"70.00\";s:7:\"options\";a:0:{}s:8:\"subtotal\";d:280;}s:32:\"7581b3dd2132a2c97b7029fb44084e58\";a:7:{s:5:\"rowid\";s:32:\"7581b3dd2132a2c97b7029fb44084e58\";s:2:\"id\";s:2:\"33\";s:4:\"name\";s:11:\"JOLLOF RICE\";s:3:\"qty\";s:1:\"8\";s:5:\"price\";s:5:\"90.00\";s:7:\"options\";a:1:{s:4:\"With\";s:14:\"Fish: €20.00\";}s:8:\"subtotal\";d:720;}s:11:\"total_items\";i:16;s:10:\"cart_total\";d:1400;}s:11:\"customer_id\";s:2:\"23\";s:14:\"customer_email\";s:17:\"eesyboi@gmail.com\";s:13:\"order_details\";a:14:{s:17:\"order_location_id\";s:3:\"141\";s:17:\"order_customer_id\";s:2:\"23\";s:5:\"email\";s:17:\"eesyboi@gmail.com\";s:10:\"first_name\";s:3:\"Sam\";s:9:\"last_name\";s:3:\"Sam\";s:9:\"telephone\";s:7:\"1234567\";s:10:\"order_type\";i:2;s:10:\"order_time\";s:8:\"13:06:00\";s:10:\"date_added\";s:10:\"2013/12/12\";s:13:\"date_modified\";s:10:\"2013/12/12\";s:11:\"order_total\";d:1400;s:11:\"total_items\";i:16;s:10:\"ip_address\";s:14:\"172.16.251.214\";s:10:\"user_agent\";s:90:\"Mozilla/5.0 (X11; Ubuntu; Linux x86_64; rv:26.0) Gecko/20100101 Firefox/26.0 FirePHP/0.7.4\";}}', '');
INSERT INTO ci_sessions (`session_id`, `ip_address`, `user_agent`, `last_activity`, `user_data`, `nearest_location`) VALUES ('bef8564b518d8f9929a1b4cb1de5156e', '::1', 'Mozilla/5.0 (Macintosh; Intel Mac OS X 10.8; rv:24.0) Gecko/20100101 Firefox/24.0 FirePHP/0.7.4', 1381193101, 'a:8:{s:9:\"user_data\";s:0:\"\";s:7:\"user_id\";s:2:\"15\";s:16:\"staff_department\";s:1:\"1\";s:8:\"username\";s:10:\"tastyadmin\";s:11:\"customer_id\";s:2:\"29\";s:14:\"customer_email\";s:17:\"eesyboii@live.com\";s:13:\"cart_contents\";a:5:{s:32:\"77fd097557ef342274ad50bf72903a50\";a:7:{s:5:\"rowid\";s:32:\"77fd097557ef342274ad50bf72903a50\";s:2:\"id\";s:6:\"mnu_25\";s:4:\"name\";s:4:\"BUNS\";s:3:\"qty\";s:2:\"90\";s:5:\"price\";s:6:\"100.00\";s:7:\"options\";a:0:{}s:8:\"subtotal\";d:9000;}s:32:\"0ee59dc81985547fd2827a6f02476ea9\";a:7:{s:5:\"rowid\";s:32:\"0ee59dc81985547fd2827a6f02476ea9\";s:2:\"id\";s:6:\"mnu_31\";s:4:\"name\";s:9:\"CHIN-CHIN\";s:3:\"qty\";s:2:\"10\";s:5:\"price\";s:6:\"200.00\";s:7:\"options\";a:0:{}s:8:\"subtotal\";d:2000;}s:32:\"3d9d87c3a4d83f48c3bc2cd70f75095a\";a:7:{s:5:\"rowid\";s:32:\"3d9d87c3a4d83f48c3bc2cd70f75095a\";s:2:\"id\";s:6:\"mnu_26\";s:4:\"name\";s:12:\"STEAMED RICE\";s:3:\"qty\";s:2:\"10\";s:5:\"price\";s:5:\"70.00\";s:7:\"options\";a:0:{}s:8:\"subtotal\";d:700;}s:11:\"total_items\";i:110;s:10:\"cart_total\";d:11700;}s:14:\"local_location\";a:3:{s:6:\"status\";s:2:\"OK\";s:4:\"data\";a:13:{s:11:\"location_id\";s:3:\"130\";s:13:\"location_name\";s:11:\"Westminster\";s:18:\"location_address_1\";s:15:\"2 Caxton Street\";s:18:\"location_address_2\";s:0:\"\";s:13:\"location_city\";s:14:\"Greater London\";s:17:\"location_postcode\";s:8:\"SW1H 0QW\";s:19:\"location_country_id\";s:3:\"222\";s:18:\"location_telephone\";s:11:\"02088279101\";s:12:\"location_lat\";s:9:\"51.498798\";s:12:\"location_lng\";s:9:\"-0.134334\";s:15:\"location_radius\";s:2:\"25\";s:6:\"status\";s:1:\"0\";s:8:\"distance\";s:16:\"3.98473896857598\";}s:13:\"opening_hours\";a:7:{i:0;a:3:{s:3:\"day\";s:6:\"Monday\";s:4:\"open\";s:5:\"00:00\";s:5:\"close\";s:5:\"20:00\";}i:1;a:3:{s:3:\"day\";s:7:\"Tuesday\";s:4:\"open\";s:5:\"00:00\";s:5:\"close\";s:5:\"20:00\";}i:2;a:3:{s:3:\"day\";s:9:\"Wednesday\";s:4:\"open\";s:5:\"00:00\";s:5:\"close\";s:5:\"00:00\";}i:3;a:3:{s:3:\"day\";s:8:\"Thursday\";s:4:\"open\";s:5:\"00:00\";s:5:\"close\";s:5:\"00:00\";}i:4;a:3:{s:3:\"day\";s:6:\"Friday\";s:4:\"open\";s:5:\"00:00\";s:5:\"close\";s:5:\"00:00\";}i:5;a:3:{s:3:\"day\";s:8:\"Saturday\";s:4:\"open\";s:5:\"00:00\";s:5:\"close\";s:5:\"00:00\";}i:6;a:3:{s:3:\"day\";s:6:\"Sunday\";s:4:\"open\";s:5:\"00:00\";s:5:\"close\";s:5:\"20:00\";}}}}', '');
INSERT INTO ci_sessions (`session_id`, `ip_address`, `user_agent`, `last_activity`, `user_data`, `nearest_location`) VALUES ('bf9032062c65e4fdcf98cdf3041be4fc', '172.16.251.216', 'Mozilla/5.0 (X11; Ubuntu; Linux x86_64; rv:26.0) Gecko/20100101 Firefox/26.0 FirePHP/0.7.4', 1387333466, 'a:1:{s:9:\"user_data\";s:0:\"\";}', '');
INSERT INTO ci_sessions (`session_id`, `ip_address`, `user_agent`, `last_activity`, `user_data`, `nearest_location`) VALUES ('c06eb55dbd2df74559d521e547093626', '172.16.251.214', 'Mozilla/5.0 (X11; Ubuntu; Linux x86_64; rv:26.0) Gecko/20100101 Firefox/26.0 FirePHP/0.7.4', 1386967991, 'a:6:{s:9:\"user_data\";s:0:\"\";s:14:\"local_location\";a:3:{s:6:\"status\";s:2:\"OK\";s:4:\"data\";a:13:{s:11:\"location_id\";s:3:\"141\";s:13:\"location_name\";s:13:\"Chaucer Place\";s:18:\"location_address_1\";s:18:\"40 Princess Street\";s:18:\"location_address_2\";s:0:\"\";s:13:\"location_city\";s:6:\"London\";s:17:\"location_postcode\";s:6:\"SE16JS\";s:19:\"location_country_id\";s:3:\"222\";s:18:\"location_telephone\";s:10:\"0230302023\";s:12:\"location_lat\";s:9:\"51.495560\";s:12:\"location_lng\";s:9:\"-0.102558\";s:15:\"location_radius\";s:2:\"30\";s:15:\"location_status\";s:1:\"1\";s:8:\"distance\";s:20:\"0.030070586846028355\";}s:13:\"opening_hours\";a:7:{i:0;a:3:{s:3:\"day\";s:6:\"Monday\";s:4:\"open\";s:5:\"09:00\";s:5:\"close\";s:5:\"23:00\";}i:1;a:3:{s:3:\"day\";s:7:\"Tuesday\";s:4:\"open\";s:5:\"09:00\";s:5:\"close\";s:5:\"23:00\";}i:2;a:3:{s:3:\"day\";s:9:\"Wednesday\";s:4:\"open\";s:5:\"09:00\";s:5:\"close\";s:5:\"23:00\";}i:3;a:3:{s:3:\"day\";s:8:\"Thursday\";s:4:\"open\";s:5:\"09:00\";s:5:\"close\";s:5:\"23:00\";}i:4;a:3:{s:3:\"day\";s:6:\"Friday\";s:4:\"open\";s:5:\"09:00\";s:5:\"close\";s:5:\"23:00\";}i:5;a:3:{s:3:\"day\";s:8:\"Saturday\";s:4:\"open\";s:5:\"09:00\";s:5:\"close\";s:5:\"23:00\";}i:6;a:3:{s:3:\"day\";s:6:\"Sunday\";s:4:\"open\";s:5:\"09:00\";s:5:\"close\";s:5:\"23:00\";}}}s:11:\"customer_id\";s:2:\"23\";s:14:\"customer_email\";s:17:\"eesyboi@gmail.com\";s:7:\"user_id\";s:2:\"15\";s:8:\"username\";s:10:\"tastyadmin\";}', '');
INSERT INTO ci_sessions (`session_id`, `ip_address`, `user_agent`, `last_activity`, `user_data`, `nearest_location`) VALUES ('c09e1195b23c3a61cf00179595affd19', '172.16.251.215', 'Mozilla/5.0 (X11; Ubuntu; Linux x86_64; rv:26.0) Gecko/20100101 Firefox/26.0 FirePHP/0.7.4', 1387318511, 'a:1:{s:9:\"user_data\";s:0:\"\";}', '');
INSERT INTO ci_sessions (`session_id`, `ip_address`, `user_agent`, `last_activity`, `user_data`, `nearest_location`) VALUES ('c104871741391964daec368544dbd4ba', '172.16.251.215', 'Mozilla/5.0 (X11; Ubuntu; Linux x86_64; rv:26.0) Gecko/20100101 Firefox/26.0 FirePHP/0.7.4', 1387311332, 'a:3:{s:9:\"user_data\";s:0:\"\";s:7:\"user_id\";s:2:\"15\";s:8:\"username\";s:10:\"tastyadmin\";}', '');
INSERT INTO ci_sessions (`session_id`, `ip_address`, `user_agent`, `last_activity`, `user_data`, `nearest_location`) VALUES ('c29d23ebfbb14704995d5b4fabed1112', '172.16.251.219', 'Mozilla/5.0 (X11; Ubuntu; Linux x86_64; rv:26.0) Gecko/20100101 Firefox/26.0 FirePHP/0.7.4', 1387586105, 'a:1:{s:9:\"user_data\";s:0:\"\";}', '');
INSERT INTO ci_sessions (`session_id`, `ip_address`, `user_agent`, `last_activity`, `user_data`, `nearest_location`) VALUES ('c2fe276bca8af2548becdd73c3c323ed', '192.168.1.81', 'Mozilla/5.0 (Macintosh; Intel Mac OS X 10_8_5) AppleWebKit/537.36 (KHTML, like Gecko) Chrome/30.0.1599.69 Safari/537.36', 1381509879, 'a:4:{s:9:\"user_data\";s:0:\"\";s:14:\"local_location\";a:3:{s:6:\"status\";s:2:\"OK\";s:4:\"data\";a:13:{s:11:\"location_id\";s:3:\"122\";s:13:\"location_name\";s:8:\"Lewisham\";s:18:\"location_address_1\";s:23:\"35 Lewisham High Street\";s:18:\"location_address_2\";s:0:\"\";s:13:\"location_city\";s:14:\"Greater London\";s:17:\"location_postcode\";s:8:\"SE13 7HS\";s:19:\"location_country_id\";s:1:\"0\";s:18:\"location_telephone\";s:11:\"02088279108\";s:12:\"location_lat\";s:9:\"51.461731\";s:12:\"location_lng\";s:9:\"-0.011749\";s:15:\"location_radius\";s:2:\"25\";s:6:\"status\";s:1:\"0\";s:8:\"distance\";s:16:\"1.96197567670463\";}s:13:\"opening_hours\";a:7:{i:0;a:3:{s:3:\"day\";s:6:\"Monday\";s:4:\"open\";s:5:\"11:00\";s:5:\"close\";s:5:\"23:00\";}i:1;a:3:{s:3:\"day\";s:7:\"Tuesday\";s:4:\"open\";s:5:\"11:00\";s:5:\"close\";s:5:\"23:00\";}i:2;a:3:{s:3:\"day\";s:9:\"Wednesday\";s:4:\"open\";s:5:\"11:00\";s:5:\"close\";s:5:\"23:00\";}i:3;a:3:{s:3:\"day\";s:8:\"Thursday\";s:4:\"open\";s:5:\"11:00\";s:5:\"close\";s:5:\"23:00\";}i:4;a:3:{s:3:\"day\";s:6:\"Friday\";s:4:\"open\";s:5:\"11:00\";s:5:\"close\";s:5:\"23:00\";}i:5;a:3:{s:3:\"day\";s:8:\"Saturday\";s:4:\"open\";s:5:\"11:00\";s:5:\"close\";s:5:\"23:00\";}i:6;a:3:{s:3:\"day\";s:6:\"Sunday\";s:4:\"open\";s:5:\"11:00\";s:5:\"close\";s:5:\"23:00\";}}}s:11:\"customer_id\";s:2:\"29\";s:14:\"customer_email\";s:17:\"eesyboii@live.com\";}', '');
INSERT INTO ci_sessions (`session_id`, `ip_address`, `user_agent`, `last_activity`, `user_data`, `nearest_location`) VALUES ('c3abc6486f4597da2f81b7e4aa63b114', '172.16.251.218', 'Mozilla/5.0 (X11; Ubuntu; Linux x86_64; rv:26.0) Gecko/20100101 Firefox/26.0 FirePHP/0.7.4', 1387415278, 'a:1:{s:9:\"user_data\";s:0:\"\";}', '');
INSERT INTO ci_sessions (`session_id`, `ip_address`, `user_agent`, `last_activity`, `user_data`, `nearest_location`) VALUES ('c432398ae4fb44c7019792179a2778f6', '192.168.1.81', 'Mozilla/5.0 (Macintosh; Intel Mac OS X 10.8; rv:24.0) Gecko/20100101 Firefox/24.0', 1382155051, 'a:1:{s:9:\"user_data\";s:0:\"\";}', '');
INSERT INTO ci_sessions (`session_id`, `ip_address`, `user_agent`, `last_activity`, `user_data`, `nearest_location`) VALUES ('c44ca6c3caab9c2cc2fb9e15153064b2', '172.16.251.216', 'Mozilla/5.0 (X11; Ubuntu; Linux x86_64; rv:26.0) Gecko/20100101 Firefox/26.0 FirePHP/0.7.4', 1387336766, 'a:1:{s:9:\"user_data\";s:0:\"\";}', '');
INSERT INTO ci_sessions (`session_id`, `ip_address`, `user_agent`, `last_activity`, `user_data`, `nearest_location`) VALUES ('c52faebf84f0ff0a43e8857b0943ebea', '192.168.1.81', 'Mozilla/5.0 (X11; Ubuntu; Linux x86_64; rv:24.0) Gecko/20100101 Firefox/24.0', 1382146767, 'a:1:{s:9:\"user_data\";s:0:\"\";}', '');
INSERT INTO ci_sessions (`session_id`, `ip_address`, `user_agent`, `last_activity`, `user_data`, `nearest_location`) VALUES ('c577fdc4d50820aee253dad5102f7a97', '192.168.1.81', 'Mozilla/5.0 (X11; Ubuntu; Linux x86_64; rv:24.0) Gecko/20100101 Firefox/24.0', 1382146777, 'a:3:{s:9:\"user_data\";s:0:\"\";s:7:\"user_id\";s:2:\"15\";s:8:\"username\";s:10:\"tastyadmin\";}', '');
INSERT INTO ci_sessions (`session_id`, `ip_address`, `user_agent`, `last_activity`, `user_data`, `nearest_location`) VALUES ('c70bb43a9364fb2917f686d561682125', '172.16.251.215', 'Mozilla/5.0 (X11; Ubuntu; Linux x86_64; rv:26.0) Gecko/20100101 Firefox/26.0 FirePHP/0.7.4', 1387315851, 'a:1:{s:9:\"user_data\";s:0:\"\";}', '');
INSERT INTO ci_sessions (`session_id`, `ip_address`, `user_agent`, `last_activity`, `user_data`, `nearest_location`) VALUES ('c776eaf2dd340e211d6234d888e54f63', '::1', 'Mozilla/5.0 (Macintosh; Intel Mac OS X 10.8; rv:24.0) Gecko/20100101 Firefox/24.0', 1382129238, 'a:2:{s:9:\"user_data\";s:0:\"\";s:15:\"flash:old:alert\";s:66:\"<p class=\"warning\">Please, add some menus before you checkout!</p>\";}', '');
INSERT INTO ci_sessions (`session_id`, `ip_address`, `user_agent`, `last_activity`, `user_data`, `nearest_location`) VALUES ('c8036251deedb17a495b638bbd396b0d', '172.16.251.216', 'Mozilla/5.0 (X11; Ubuntu; Linux x86_64; rv:26.0) Gecko/20100101 Firefox/26.0 FirePHP/0.7.4', 1387336835, 'a:1:{s:9:\"user_data\";s:0:\"\";}', '');
INSERT INTO ci_sessions (`session_id`, `ip_address`, `user_agent`, `last_activity`, `user_data`, `nearest_location`) VALUES ('c89666646b9f61cc51ec412a327ea237', '172.16.251.219', 'Mozilla/5.0 (X11; Ubuntu; Linux x86_64; rv:26.0) Gecko/20100101 Firefox/26.0 FirePHP/0.7.4', 1387577010, 'a:1:{s:9:\"user_data\";s:0:\"\";}', '');
INSERT INTO ci_sessions (`session_id`, `ip_address`, `user_agent`, `last_activity`, `user_data`, `nearest_location`) VALUES ('c971b474d39afacb99c410ef21fe2e93', '172.16.251.219', 'Mozilla/5.0 (X11; Ubuntu; Linux x86_64; rv:26.0) Gecko/20100101 Firefox/26.0 FirePHP/0.7.4', 1387578382, 'a:5:{s:9:\"user_data\";s:0:\"\";s:11:\"customer_id\";s:2:\"31\";s:14:\"customer_email\";s:13:\"demo@demo.com\";s:7:\"user_id\";s:2:\"15\";s:8:\"username\";s:10:\"tastyadmin\";}', '');
INSERT INTO ci_sessions (`session_id`, `ip_address`, `user_agent`, `last_activity`, `user_data`, `nearest_location`) VALUES ('ca93d49e7f5617d0c34cb079b668eed0', '192.168.227.1', 'Mozilla/5.0 (Macintosh; Intel Mac OS X 10_9_0) AppleWebKit/537.36 (KHTML, like Gecko) Chrome/31.0.1650.63 Safari/537.36', 1386695593, 'a:4:{s:9:\"user_data\";s:0:\"\";s:11:\"customer_id\";s:2:\"22\";s:14:\"customer_email\";s:22:\"samadepoyigi@gmail.com\";s:15:\"flash:old:alert\";s:39:\"<p class=\"warning\">No Changes Made!</p>\";}', '');
INSERT INTO ci_sessions (`session_id`, `ip_address`, `user_agent`, `last_activity`, `user_data`, `nearest_location`) VALUES ('cae5822ba301b838f01c39e66b97a8d3', '::1', 'Mozilla/5.0 (Macintosh; Intel Mac OS X 10.8; rv:23.0) Gecko/20100101 Firefox/23.0', 1378437301, 'a:1:{s:14:\"local_location\";a:3:{s:6:\"status\";s:2:\"OK\";s:4:\"data\";a:13:{s:11:\"location_id\";s:3:\"135\";s:13:\"location_name\";s:5:\"Excel\";s:18:\"location_address_1\";s:17:\"1 Western Gateway\";s:18:\"location_address_2\";s:19:\"Royal Victoria Dock\";s:13:\"location_city\";s:14:\"Greater London\";s:17:\"location_postcode\";s:7:\"E16 1XL\";s:19:\"location_country_id\";s:3:\"222\";s:18:\"location_telephone\";s:11:\"02088279114\";s:12:\"location_lat\";s:9:\"51.508492\";s:12:\"location_lng\";s:8:\"0.025040\";s:15:\"location_radius\";s:2:\"25\";s:6:\"status\";s:1:\"0\";s:8:\"distance\";s:16:\"1.74972695048429\";}s:13:\"opening_hours\";a:7:{i:0;a:3:{s:3:\"day\";s:6:\"Monday\";s:4:\"open\";s:5:\"01:00\";s:5:\"close\";s:5:\"23:59\";}i:1;a:3:{s:3:\"day\";s:7:\"Tuesday\";s:4:\"open\";s:5:\"01:00\";s:5:\"close\";s:5:\"23:59\";}i:2;a:3:{s:3:\"day\";s:9:\"Wednesday\";s:4:\"open\";s:5:\"01:00\";s:5:\"close\";s:5:\"23:59\";}i:3;a:3:{s:3:\"day\";s:8:\"Thursday\";s:4:\"open\";s:5:\"01:00\";s:5:\"close\";s:5:\"23:59\";}i:4;a:3:{s:3:\"day\";s:6:\"Friday\";s:4:\"open\";s:5:\"01:00\";s:5:\"close\";s:5:\"23:59\";}i:5;a:3:{s:3:\"day\";s:8:\"Saturday\";s:4:\"open\";s:5:\"01:00\";s:5:\"close\";s:5:\"23:59\";}i:6;a:3:{s:3:\"day\";s:6:\"Sunday\";s:4:\"open\";s:5:\"01:00\";s:5:\"close\";s:5:\"23:59\";}}}}', '');
INSERT INTO ci_sessions (`session_id`, `ip_address`, `user_agent`, `last_activity`, `user_data`, `nearest_location`) VALUES ('cbae6a70e4326b815cb137bce56dac8d', '::1', 'Mozilla/5.0 (Macintosh; Intel Mac OS X 10.8; rv:24.0) Gecko/20100101 Firefox/24.0 FirePHP/0.7.4', 1382104346, 'a:6:{s:9:\"user_data\";s:0:\"\";s:11:\"customer_id\";s:2:\"29\";s:14:\"customer_email\";s:17:\"eesyboii@live.com\";s:14:\"local_location\";a:3:{s:6:\"status\";s:2:\"OK\";s:4:\"data\";a:13:{s:11:\"location_id\";s:3:\"135\";s:13:\"location_name\";s:22:\"Excel Local Restaurant\";s:18:\"location_address_1\";s:17:\"1 Western Gateway\";s:18:\"location_address_2\";s:19:\"Royal Victoria Dock\";s:13:\"location_city\";s:14:\"Greater London\";s:17:\"location_postcode\";s:7:\"E16 1XL\";s:19:\"location_country_id\";s:3:\"222\";s:18:\"location_telephone\";s:11:\"02088279114\";s:12:\"location_lat\";s:9:\"51.508492\";s:12:\"location_lng\";s:8:\"0.025040\";s:15:\"location_radius\";s:2:\"25\";s:6:\"status\";s:1:\"0\";s:8:\"distance\";s:18:\"0.0923355206359974\";}s:13:\"opening_hours\";a:7:{i:0;a:3:{s:3:\"day\";s:6:\"Monday\";s:4:\"open\";s:5:\"00:00\";s:5:\"close\";s:5:\"23:59\";}i:1;a:3:{s:3:\"day\";s:7:\"Tuesday\";s:4:\"open\";s:5:\"00:00\";s:5:\"close\";s:5:\"23:59\";}i:2;a:3:{s:3:\"day\";s:9:\"Wednesday\";s:4:\"open\";s:5:\"00:00\";s:5:\"close\";s:5:\"23:59\";}i:3;a:3:{s:3:\"day\";s:8:\"Thursday\";s:4:\"open\";s:5:\"00:00\";s:5:\"close\";s:5:\"23:59\";}i:4;a:3:{s:3:\"day\";s:6:\"Friday\";s:4:\"open\";s:5:\"00:00\";s:5:\"close\";s:5:\"23:59\";}i:5;a:3:{s:3:\"day\";s:8:\"Saturday\";s:4:\"open\";s:5:\"00:00\";s:5:\"close\";s:5:\"23:59\";}i:6;a:3:{s:3:\"day\";s:6:\"Sunday\";s:4:\"open\";s:5:\"00:00\";s:5:\"close\";s:5:\"23:59\";}}}s:13:\"cart_contents\";a:3:{s:32:\"9d2955646b606c74c02c8af3a1020b85\";a:7:{s:5:\"rowid\";s:32:\"9d2955646b606c74c02c8af3a1020b85\";s:2:\"id\";s:6:\"mnu_26\";s:4:\"name\";s:12:\"STEAMED RICE\";s:3:\"qty\";s:1:\"1\";s:5:\"price\";s:5:\"73.00\";s:7:\"options\";a:1:{s:4:\"With\";s:12:\"Meat: £3.00\";}s:8:\"subtotal\";d:73;}s:11:\"total_items\";i:1;s:10:\"cart_total\";d:73;}s:13:\"order_details\";a:15:{s:17:\"order_location_id\";s:3:\"135\";s:11:\"customer_id\";s:2:\"29\";s:5:\"email\";s:17:\"eesyboii@live.com\";s:10:\"first_name\";s:7:\"Temi Df\";s:9:\"last_name\";s:6:\"Demo2f\";s:9:\"telephone\";s:7:\"3332222\";s:10:\"order_type\";i:1;s:10:\"time_added\";s:5:\"14:52\";s:10:\"date_added\";s:10:\"2013/10/18\";s:10:\"address_id\";i:23;s:7:\"payment\";s:6:\"paypal\";s:11:\"order_total\";d:73;s:11:\"total_items\";i:1;s:10:\"ip_address\";s:3:\"::1\";s:10:\"user_agent\";s:95:\"Mozilla/5.0 (Macintosh; Intel Mac OS X 10.8; rv:24.0) Gecko/20100101 Firefox/24.0 FirePHP/0.7.4\";}}', '');
INSERT INTO ci_sessions (`session_id`, `ip_address`, `user_agent`, `last_activity`, `user_data`, `nearest_location`) VALUES ('ccfd43a86b09c258eb61973fe97a6bd8', '::1', 'Mozilla/5.0 (Macintosh; Intel Mac OS X 10.8; rv:24.0) Gecko/20100101 Firefox/24.0', 1381836405, 'a:1:{s:9:\"user_data\";s:0:\"\";}', '');
INSERT INTO ci_sessions (`session_id`, `ip_address`, `user_agent`, `last_activity`, `user_data`, `nearest_location`) VALUES ('cda0775e1f40f8a26ee4fe9aec07ab83', '192.168.1.81', 'Mozilla/5.0 (X11; Ubuntu; Linux x86_64; rv:24.0) Gecko/20100101 Firefox/24.0', 1382205106, 'a:8:{s:9:\"user_data\";s:0:\"\";s:7:\"user_id\";s:2:\"15\";s:8:\"username\";s:10:\"tastyadmin\";s:13:\"cart_contents\";a:5:{s:32:\"3d9d87c3a4d83f48c3bc2cd70f75095a\";a:7:{s:5:\"rowid\";s:32:\"3d9d87c3a4d83f48c3bc2cd70f75095a\";s:2:\"id\";s:6:\"mnu_26\";s:4:\"name\";s:12:\"STEAMED RICE\";s:3:\"qty\";s:1:\"1\";s:5:\"price\";s:5:\"70.00\";s:7:\"options\";a:0:{}s:8:\"subtotal\";d:70;}s:32:\"0ee59dc81985547fd2827a6f02476ea9\";a:7:{s:5:\"rowid\";s:32:\"0ee59dc81985547fd2827a6f02476ea9\";s:2:\"id\";s:6:\"mnu_31\";s:4:\"name\";s:9:\"CHIN-CHIN\";s:3:\"qty\";s:1:\"1\";s:5:\"price\";s:6:\"200.00\";s:7:\"options\";a:0:{}s:8:\"subtotal\";d:200;}s:32:\"1107aa632c0962d4d03a44fb9f8ce1a4\";a:7:{s:5:\"rowid\";s:32:\"1107aa632c0962d4d03a44fb9f8ce1a4\";s:2:\"id\";s:6:\"mnu_32\";s:4:\"name\";s:10:\"SCOTCH EGG\";s:3:\"qty\";s:1:\"1\";s:5:\"price\";s:6:\"200.00\";s:7:\"options\";a:0:{}s:8:\"subtotal\";d:200;}s:11:\"total_items\";i:3;s:10:\"cart_total\";d:470;}s:14:\"local_location\";a:3:{s:6:\"status\";s:2:\"OK\";s:4:\"data\";a:13:{s:11:\"location_id\";s:3:\"135\";s:13:\"location_name\";s:22:\"Excel Local Restaurant\";s:18:\"location_address_1\";s:17:\"1 Western Gateway\";s:18:\"location_address_2\";s:19:\"Royal Victoria Dock\";s:13:\"location_city\";s:14:\"Greater London\";s:17:\"location_postcode\";s:7:\"E16 1XL\";s:19:\"location_country_id\";s:3:\"222\";s:18:\"location_telephone\";s:11:\"02088279114\";s:12:\"location_lat\";s:9:\"51.508492\";s:12:\"location_lng\";s:8:\"0.025040\";s:15:\"location_radius\";s:2:\"25\";s:6:\"status\";s:1:\"0\";s:8:\"distance\";s:18:\"0.0923355206359974\";}s:13:\"opening_hours\";a:7:{i:0;a:3:{s:3:\"day\";s:6:\"Monday\";s:4:\"open\";s:5:\"00:00\";s:5:\"close\";s:5:\"23:59\";}i:1;a:3:{s:3:\"day\";s:7:\"Tuesday\";s:4:\"open\";s:5:\"00:00\";s:5:\"close\";s:5:\"23:59\";}i:2;a:3:{s:3:\"day\";s:9:\"Wednesday\";s:4:\"open\";s:5:\"00:00\";s:5:\"close\";s:5:\"23:59\";}i:3;a:3:{s:3:\"day\";s:8:\"Thursday\";s:4:\"open\";s:5:\"00:00\";s:5:\"close\";s:5:\"23:59\";}i:4;a:3:{s:3:\"day\";s:6:\"Friday\";s:4:\"open\";s:5:\"00:00\";s:5:\"close\";s:5:\"23:59\";}i:5;a:3:{s:3:\"day\";s:8:\"Saturday\";s:4:\"open\";s:5:\"00:00\";s:5:\"close\";s:5:\"23:59\";}i:6;a:3:{s:3:\"day\";s:6:\"Sunday\";s:4:\"open\";s:5:\"00:00\";s:5:\"close\";s:5:\"23:59\";}}}s:11:\"customer_id\";s:2:\"31\";s:14:\"customer_email\";s:13:\"demo@demo.com\";s:13:\"order_details\";a:15:{s:17:\"order_location_id\";s:3:\"135\";s:17:\"order_customer_id\";s:2:\"31\";s:5:\"email\";s:13:\"demo@demo.com\";s:10:\"first_name\";s:4:\"Demo\";s:9:\"last_name\";s:4:\"Acct\";s:9:\"telephone\";s:6:\"999999\";s:10:\"order_type\";i:1;s:10:\"time_added\";s:5:\"18:40\";s:10:\"date_added\";s:10:\"2013/10/19\";s:16:\"order_address_id\";i:25;s:7:\"payment\";s:6:\"paypal\";s:11:\"order_total\";d:470;s:11:\"total_items\";i:3;s:10:\"ip_address\";s:12:\"192.168.1.81\";s:10:\"user_agent\";s:76:\"Mozilla/5.0 (X11; Ubuntu; Linux x86_64; rv:24.0) Gecko/20100101 Firefox/24.0\";}}', '');
INSERT INTO ci_sessions (`session_id`, `ip_address`, `user_agent`, `last_activity`, `user_data`, `nearest_location`) VALUES ('cec03ab013f94afadb2197d29794f8a5', '172.16.251.222', 'Mozilla/5.0 (X11; Ubuntu; Linux x86_64; rv:26.0) Gecko/20100101 Firefox/26.0 FirePHP/0.7.4', 1388001698, 'a:2:{s:9:\"user_data\";s:0:\"\";s:14:\"local_location\";a:3:{s:6:\"status\";s:2:\"OK\";s:4:\"data\";a:18:{s:11:\"location_id\";s:3:\"122\";s:13:\"location_name\";s:8:\"Lewisham\";s:14:\"location_email\";s:0:\"\";s:18:\"location_address_1\";s:23:\"35 Lewisham High Street\";s:18:\"location_address_2\";s:0:\"\";s:13:\"location_city\";s:14:\"Greater London\";s:17:\"location_postcode\";s:8:\"SE13 7HS\";s:19:\"location_country_id\";s:3:\"222\";s:18:\"location_telephone\";s:11:\"02088279108\";s:12:\"location_lat\";s:9:\"51.461731\";s:12:\"location_lng\";s:9:\"-0.011749\";s:15:\"location_radius\";s:2:\"25\";s:14:\"offer_delivery\";s:1:\"0\";s:10:\"ready_time\";s:1:\"0\";s:15:\"delivery_charge\";s:4:\"0.00\";s:19:\"min_delivery_charge\";s:4:\"0.00\";s:15:\"location_status\";s:1:\"1\";s:8:\"distance\";s:18:\"1.9619756767046261\";}s:13:\"opening_hours\";a:7:{i:0;a:3:{s:3:\"day\";s:6:\"Monday\";s:4:\"open\";s:5:\"11:00\";s:5:\"close\";s:5:\"23:00\";}i:1;a:3:{s:3:\"day\";s:7:\"Tuesday\";s:4:\"open\";s:5:\"11:00\";s:5:\"close\";s:5:\"23:00\";}i:2;a:3:{s:3:\"day\";s:9:\"Wednesday\";s:4:\"open\";s:5:\"11:00\";s:5:\"close\";s:5:\"23:00\";}i:3;a:3:{s:3:\"day\";s:8:\"Thursday\";s:4:\"open\";s:5:\"11:00\";s:5:\"close\";s:5:\"23:00\";}i:4;a:3:{s:3:\"day\";s:6:\"Friday\";s:4:\"open\";s:5:\"11:00\";s:5:\"close\";s:5:\"23:00\";}i:5;a:3:{s:3:\"day\";s:8:\"Saturday\";s:4:\"open\";s:5:\"11:00\";s:5:\"close\";s:5:\"23:00\";}i:6;a:3:{s:3:\"day\";s:6:\"Sunday\";s:4:\"open\";s:5:\"11:00\";s:5:\"close\";s:5:\"23:00\";}}}}', '');
INSERT INTO ci_sessions (`session_id`, `ip_address`, `user_agent`, `last_activity`, `user_data`, `nearest_location`) VALUES ('cf90fac6e7d5bbdb1277c2377722d06e', '::1', 'Mozilla/5.0 (Macintosh; Intel Mac OS X 10.8; rv:24.0) Gecko/20100101 Firefox/24.0', 1382145372, 'a:2:{s:9:\"user_data\";s:0:\"\";s:15:\"flash:old:alert\";s:66:\"<p class=\"warning\">Please, add some menus before you checkout!</p>\";}', '');
INSERT INTO ci_sessions (`session_id`, `ip_address`, `user_agent`, `last_activity`, `user_data`, `nearest_location`) VALUES ('d066d6c5232ab033f8cc4411d809192d', '172.16.251.214', 'Mozilla/5.0 (X11; Ubuntu; Linux x86_64; rv:26.0) Gecko/20100101 Firefox/26.0 FirePHP/0.7.4', 1386967992, 'a:1:{s:9:\"user_data\";s:0:\"\";}', '');
INSERT INTO ci_sessions (`session_id`, `ip_address`, `user_agent`, `last_activity`, `user_data`, `nearest_location`) VALUES ('d1e438dfe14b9226c90aee5bc099df69', '::1', 'Mozilla/5.0 (Macintosh; Intel Mac OS X 10.8; rv:24.0) Gecko/20100101 Firefox/24.0', 1381058921, 'a:4:{s:9:\"user_data\";s:0:\"\";s:7:\"user_id\";s:2:\"15\";s:16:\"staff_department\";s:1:\"1\";s:8:\"username\";s:10:\"tastyadmin\";}', '');
INSERT INTO ci_sessions (`session_id`, `ip_address`, `user_agent`, `last_activity`, `user_data`, `nearest_location`) VALUES ('d33847c4f23c24a1daa8af33aa98da4d', '172.16.251.218', 'Mozilla/5.0 (X11; Ubuntu; Linux x86_64; rv:26.0) Gecko/20100101 Firefox/26.0 FirePHP/0.7.4', 1387415276, 'a:1:{s:9:\"user_data\";s:0:\"\";}', '');
INSERT INTO ci_sessions (`session_id`, `ip_address`, `user_agent`, `last_activity`, `user_data`, `nearest_location`) VALUES ('d34caedf365ee59e57b53d4fa86d26e5', '172.16.251.215', 'Mozilla/5.0 (X11; Ubuntu; Linux x86_64; rv:26.0) Gecko/20100101 Firefox/26.0 FirePHP/0.7.4', 1387311340, 'a:1:{s:9:\"user_data\";s:0:\"\";}', '');
INSERT INTO ci_sessions (`session_id`, `ip_address`, `user_agent`, `last_activity`, `user_data`, `nearest_location`) VALUES ('d3a2d1b9301c66eb60e6cc6d7591e6cf', '::1', 'Mozilla/5.0 (Macintosh; Intel Mac OS X 10.8; rv:24.0) Gecko/20100101 Firefox/24.0 FirePHP/0.7.4', 1382129140, 'a:6:{s:9:\"user_data\";s:0:\"\";s:14:\"local_location\";a:3:{s:6:\"status\";s:2:\"OK\";s:4:\"data\";a:13:{s:11:\"location_id\";s:3:\"135\";s:13:\"location_name\";s:22:\"Excel Local Restaurant\";s:18:\"location_address_1\";s:17:\"1 Western Gateway\";s:18:\"location_address_2\";s:19:\"Royal Victoria Dock\";s:13:\"location_city\";s:14:\"Greater London\";s:17:\"location_postcode\";s:7:\"E16 1XL\";s:19:\"location_country_id\";s:3:\"222\";s:18:\"location_telephone\";s:11:\"02088279114\";s:12:\"location_lat\";s:9:\"51.508492\";s:12:\"location_lng\";s:8:\"0.025040\";s:15:\"location_radius\";s:2:\"25\";s:6:\"status\";s:1:\"0\";s:8:\"distance\";s:18:\"0.0923355206359974\";}s:13:\"opening_hours\";a:7:{i:0;a:3:{s:3:\"day\";s:6:\"Monday\";s:4:\"open\";s:5:\"00:00\";s:5:\"close\";s:5:\"23:59\";}i:1;a:3:{s:3:\"day\";s:7:\"Tuesday\";s:4:\"open\";s:5:\"00:00\";s:5:\"close\";s:5:\"23:59\";}i:2;a:3:{s:3:\"day\";s:9:\"Wednesday\";s:4:\"open\";s:5:\"00:00\";s:5:\"close\";s:5:\"23:59\";}i:3;a:3:{s:3:\"day\";s:8:\"Thursday\";s:4:\"open\";s:5:\"00:00\";s:5:\"close\";s:5:\"23:59\";}i:4;a:3:{s:3:\"day\";s:6:\"Friday\";s:4:\"open\";s:5:\"00:00\";s:5:\"close\";s:5:\"23:59\";}i:5;a:3:{s:3:\"day\";s:8:\"Saturday\";s:4:\"open\";s:5:\"00:00\";s:5:\"close\";s:5:\"23:59\";}i:6;a:3:{s:3:\"day\";s:6:\"Sunday\";s:4:\"open\";s:5:\"00:00\";s:5:\"close\";s:5:\"23:59\";}}}s:13:\"cart_contents\";a:3:{s:32:\"77fd097557ef342274ad50bf72903a50\";a:7:{s:5:\"rowid\";s:32:\"77fd097557ef342274ad50bf72903a50\";s:2:\"id\";s:6:\"mnu_25\";s:4:\"name\";s:4:\"BUNS\";s:3:\"qty\";s:1:\"1\";s:5:\"price\";s:6:\"100.00\";s:7:\"options\";a:0:{}s:8:\"subtotal\";d:100;}s:11:\"total_items\";i:1;s:10:\"cart_total\";d:100;}s:11:\"customer_id\";s:2:\"29\";s:14:\"customer_email\";s:17:\"eesyboii@live.com\";s:13:\"order_details\";a:14:{s:17:\"order_location_id\";s:3:\"135\";s:11:\"customer_id\";s:2:\"29\";s:5:\"email\";s:17:\"eesyboii@live.com\";s:10:\"first_name\";s:7:\"Temi Df\";s:9:\"last_name\";s:6:\"Demo2f\";s:9:\"telephone\";s:7:\"3332222\";s:10:\"order_type\";i:2;s:10:\"time_added\";s:5:\"21:45\";s:10:\"date_added\";s:10:\"2013/10/18\";s:7:\"payment\";s:6:\"paypal\";s:11:\"order_total\";d:100;s:11:\"total_items\";i:1;s:10:\"ip_address\";s:3:\"::1\";s:10:\"user_agent\";s:95:\"Mozilla/5.0 (Macintosh; Intel Mac OS X 10.8; rv:24.0) Gecko/20100101 Firefox/24.0 FirePHP/0.7.4\";}}', '');
INSERT INTO ci_sessions (`session_id`, `ip_address`, `user_agent`, `last_activity`, `user_data`, `nearest_location`) VALUES ('d5066090b120aad7324a6b1f67341afc', '172.16.251.191', 'Mozilla/5.0 (X11; Ubuntu; Linux x86_64; rv:25.0) Gecko/20100101 Firefox/25.0 FirePHP/0.7.4', 1384532077, 'a:1:{s:9:\"user_data\";s:0:\"\";}', '');
INSERT INTO ci_sessions (`session_id`, `ip_address`, `user_agent`, `last_activity`, `user_data`, `nearest_location`) VALUES ('d5640ec60e6898a9f4e7209f5cc841cc', '172.16.251.219', 'Mozilla/5.0 (X11; Ubuntu; Linux x86_64; rv:26.0) Gecko/20100101 Firefox/26.0 FirePHP/0.7.4', 1387562279, 'a:1:{s:9:\"user_data\";s:0:\"\";}', '');
INSERT INTO ci_sessions (`session_id`, `ip_address`, `user_agent`, `last_activity`, `user_data`, `nearest_location`) VALUES ('d59aebbac9ce67f495a65c9aebb0c8e7', '10.179.224.34', 'Mozilla/5.0 (X11; Ubuntu; Linux x86_64; rv:25.0) Gecko/20100101 Firefox/25.0', 1383258608, 'a:5:{s:9:\"user_data\";s:0:\"\";s:7:\"user_id\";s:2:\"15\";s:8:\"username\";s:10:\"tastyadmin\";s:11:\"customer_id\";s:2:\"31\";s:14:\"customer_email\";s:13:\"demo@demo.com\";}', '');
INSERT INTO ci_sessions (`session_id`, `ip_address`, `user_agent`, `last_activity`, `user_data`, `nearest_location`) VALUES ('d6c1d444af71ea112a1b13d7f0ac8c15', '172.16.251.219', 'Mozilla/5.0 (X11; Ubuntu; Linux x86_64; rv:26.0) Gecko/20100101 Firefox/26.0', 1387730891, 'a:4:{s:9:\"user_data\";s:0:\"\";s:7:\"user_id\";s:2:\"15\";s:8:\"username\";s:10:\"tastyadmin\";s:15:\"flash:old:alert\";s:50:\"<p class=\"success\">Status Updated Sucessfully!</p>\";}', '');
INSERT INTO ci_sessions (`session_id`, `ip_address`, `user_agent`, `last_activity`, `user_data`, `nearest_location`) VALUES ('d7e81d31e7d87a81dfd5878eaaa26a4c', '192.168.1.81', 'Mozilla/5.0 (Macintosh; Intel Mac OS X 10.9; rv:25.0) Gecko/20100101 Firefox/25.0', 1387036824, 'a:3:{s:9:\"user_data\";s:0:\"\";s:7:\"user_id\";s:2:\"15\";s:8:\"username\";s:10:\"tastyadmin\";}', '');
INSERT INTO ci_sessions (`session_id`, `ip_address`, `user_agent`, `last_activity`, `user_data`, `nearest_location`) VALUES ('d83e6a437868fd26040e6dde8ec2997e', '172.16.251.219', 'Mozilla/5.0 (X11; Ubuntu; Linux x86_64; rv:26.0) Gecko/20100101 Firefox/26.0 FirePHP/0.7.4', 1387514409, 'a:1:{s:9:\"user_data\";s:0:\"\";}', '');
INSERT INTO ci_sessions (`session_id`, `ip_address`, `user_agent`, `last_activity`, `user_data`, `nearest_location`) VALUES ('d933c4be42a3f8fd3d98d9c8eefa8d88', '172.16.251.216', 'Mozilla/5.0 (X11; Ubuntu; Linux x86_64; rv:26.0) Gecko/20100101 Firefox/26.0 FirePHP/0.7.4', 1387341407, 'a:1:{s:9:\"user_data\";s:0:\"\";}', '');
INSERT INTO ci_sessions (`session_id`, `ip_address`, `user_agent`, `last_activity`, `user_data`, `nearest_location`) VALUES ('d9b7b055182fc959e9779d970f299584', '172.16.251.216', 'Mozilla/5.0 (X11; Ubuntu; Linux x86_64; rv:26.0) Gecko/20100101 Firefox/26.0 FirePHP/0.7.4', 1387337497, 'a:1:{s:9:\"user_data\";s:0:\"\";}', '');
INSERT INTO ci_sessions (`session_id`, `ip_address`, `user_agent`, `last_activity`, `user_data`, `nearest_location`) VALUES ('da52b00c388b556b1b7245716fcbcbdf', '172.16.251.219', 'Mozilla/5.0 (X11; Ubuntu; Linux x86_64; rv:26.0) Gecko/20100101 Firefox/26.0 FirePHP/0.7.4', 1387578384, 'a:1:{s:9:\"user_data\";s:0:\"\";}', '');
INSERT INTO ci_sessions (`session_id`, `ip_address`, `user_agent`, `last_activity`, `user_data`, `nearest_location`) VALUES ('dabc00392ea455873fe2963d190149df', '::1', 'Mozilla/5.0 (Macintosh; Intel Mac OS X 10.8; rv:24.0) Gecko/20100101 Firefox/24.0 FirePHP/0.7.4', 1380850478, 'a:6:{s:9:\"user_data\";s:0:\"\";s:14:\"local_location\";a:3:{s:6:\"status\";s:2:\"OK\";s:4:\"data\";a:13:{s:11:\"location_id\";s:3:\"121\";s:13:\"location_name\";s:9:\"Greenwich\";s:18:\"location_address_1\";s:16:\"50 Vanbrugh Hill\";s:18:\"location_address_2\";s:0:\"\";s:13:\"location_city\";s:14:\"Greater London\";s:17:\"location_postcode\";s:8:\"SE10 9HF\";s:19:\"location_country_id\";s:3:\"222\";s:18:\"location_telephone\";s:11:\"02088279107\";s:12:\"location_lat\";s:9:\"51.483055\";s:12:\"location_lng\";s:9:\"-0.003908\";s:15:\"location_radius\";s:2:\"25\";s:6:\"status\";s:1:\"0\";s:8:\"distance\";s:17:\"0.570164692757935\";}s:13:\"opening_hours\";a:7:{i:0;a:3:{s:3:\"day\";s:6:\"Monday\";s:4:\"open\";s:5:\"05:00\";s:5:\"close\";s:5:\"23:00\";}i:1;a:3:{s:3:\"day\";s:7:\"Tuesday\";s:4:\"open\";s:5:\"01:00\";s:5:\"close\";s:5:\"23:00\";}i:2;a:3:{s:3:\"day\";s:9:\"Wednesday\";s:4:\"open\";s:5:\"01:00\";s:5:\"close\";s:5:\"23:00\";}i:3;a:3:{s:3:\"day\";s:8:\"Thursday\";s:4:\"open\";s:5:\"15:00\";s:5:\"close\";s:5:\"23:00\";}i:4;a:3:{s:3:\"day\";s:6:\"Friday\";s:4:\"open\";s:5:\"15:00\";s:5:\"close\";s:5:\"23:00\";}i:5;a:3:{s:3:\"day\";s:8:\"Saturday\";s:4:\"open\";s:5:\"01:00\";s:5:\"close\";s:5:\"23:00\";}i:6;a:3:{s:3:\"day\";s:6:\"Sunday\";s:4:\"open\";s:5:\"01:00\";s:5:\"close\";s:5:\"23:00\";}}}s:11:\"customer_id\";s:2:\"22\";s:14:\"customer_email\";s:22:\"samadepoyigi@gmail.com\";s:7:\"user_id\";s:2:\"15\";s:8:\"username\";s:10:\"tastyadmin\";}', '');
INSERT INTO ci_sessions (`session_id`, `ip_address`, `user_agent`, `last_activity`, `user_data`, `nearest_location`) VALUES ('dbe897d157b1a0668579267cc69078e1', '::1', 'Mozilla/5.0 (Macintosh; Intel Mac OS X 10_8_5) AppleWebKit/537.36 (KHTML, like Gecko) Chrome/30.0.1599.69 Safari/537.36', 1381508074, 'a:3:{s:9:\"user_data\";s:0:\"\";s:14:\"local_location\";a:3:{s:6:\"status\";s:2:\"OK\";s:4:\"data\";a:13:{s:11:\"location_id\";s:3:\"122\";s:13:\"location_name\";s:8:\"Lewisham\";s:18:\"location_address_1\";s:23:\"35 Lewisham High Street\";s:18:\"location_address_2\";s:0:\"\";s:13:\"location_city\";s:14:\"Greater London\";s:17:\"location_postcode\";s:8:\"SE13 7HS\";s:19:\"location_country_id\";s:1:\"0\";s:18:\"location_telephone\";s:11:\"02088279108\";s:12:\"location_lat\";s:9:\"51.461731\";s:12:\"location_lng\";s:9:\"-0.011749\";s:15:\"location_radius\";s:2:\"25\";s:6:\"status\";s:1:\"0\";s:8:\"distance\";s:16:\"1.96197567670463\";}s:13:\"opening_hours\";a:7:{i:0;a:3:{s:3:\"day\";s:6:\"Monday\";s:4:\"open\";s:5:\"11:00\";s:5:\"close\";s:5:\"23:00\";}i:1;a:3:{s:3:\"day\";s:7:\"Tuesday\";s:4:\"open\";s:5:\"11:00\";s:5:\"close\";s:5:\"23:00\";}i:2;a:3:{s:3:\"day\";s:9:\"Wednesday\";s:4:\"open\";s:5:\"11:00\";s:5:\"close\";s:5:\"23:00\";}i:3;a:3:{s:3:\"day\";s:8:\"Thursday\";s:4:\"open\";s:5:\"11:00\";s:5:\"close\";s:5:\"23:00\";}i:4;a:3:{s:3:\"day\";s:6:\"Friday\";s:4:\"open\";s:5:\"11:00\";s:5:\"close\";s:5:\"23:00\";}i:5;a:3:{s:3:\"day\";s:8:\"Saturday\";s:4:\"open\";s:5:\"11:00\";s:5:\"close\";s:5:\"23:00\";}i:6;a:3:{s:3:\"day\";s:6:\"Sunday\";s:4:\"open\";s:5:\"11:00\";s:5:\"close\";s:5:\"23:00\";}}}s:13:\"cart_contents\";a:5:{s:32:\"3d9d87c3a4d83f48c3bc2cd70f75095a\";a:7:{s:5:\"rowid\";s:32:\"3d9d87c3a4d83f48c3bc2cd70f75095a\";s:2:\"id\";s:6:\"mnu_26\";s:4:\"name\";s:12:\"STEAMED RICE\";s:3:\"qty\";s:1:\"1\";s:5:\"price\";s:5:\"70.00\";s:7:\"options\";a:0:{}s:8:\"subtotal\";d:70;}s:32:\"0ee59dc81985547fd2827a6f02476ea9\";a:7:{s:5:\"rowid\";s:32:\"0ee59dc81985547fd2827a6f02476ea9\";s:2:\"id\";s:6:\"mnu_31\";s:4:\"name\";s:9:\"CHIN-CHIN\";s:3:\"qty\";s:1:\"1\";s:5:\"price\";s:6:\"200.00\";s:7:\"options\";a:0:{}s:8:\"subtotal\";d:200;}s:32:\"1107aa632c0962d4d03a44fb9f8ce1a4\";a:7:{s:5:\"rowid\";s:32:\"1107aa632c0962d4d03a44fb9f8ce1a4\";s:2:\"id\";s:6:\"mnu_32\";s:4:\"name\";s:10:\"SCOTCH EGG\";s:3:\"qty\";s:1:\"1\";s:5:\"price\";s:6:\"200.00\";s:7:\"options\";a:0:{}s:8:\"subtotal\";d:200;}s:11:\"total_items\";i:3;s:10:\"cart_total\";d:470;}}', '');
INSERT INTO ci_sessions (`session_id`, `ip_address`, `user_agent`, `last_activity`, `user_data`, `nearest_location`) VALUES ('ddd06f5986df01912769004aca27b09d', '192.168.1.95', 'Mozilla/5.0 (Macintosh; Intel Mac OS X 10.9; rv:24.0) Gecko/20100101 Firefox/24.0', 1383403523, 'a:1:{s:9:\"user_data\";s:0:\"\";}', '');
INSERT INTO ci_sessions (`session_id`, `ip_address`, `user_agent`, `last_activity`, `user_data`, `nearest_location`) VALUES ('de4d49ce162488cc802813643d822195', '::1', 'Mozilla/5.0 (Macintosh; Intel Mac OS X 10.8; rv:24.0) Gecko/20100101 Firefox/24.0 FirePHP/0.7.4', 1381692381, 'a:6:{s:9:\"user_data\";s:0:\"\";s:11:\"customer_id\";s:2:\"29\";s:14:\"customer_email\";s:17:\"eesyboii@live.com\";s:7:\"user_id\";s:2:\"15\";s:8:\"username\";s:10:\"tastyadmin\";s:14:\"local_location\";a:3:{s:6:\"status\";s:2:\"OK\";s:4:\"data\";a:13:{s:11:\"location_id\";s:3:\"135\";s:13:\"location_name\";s:22:\"Excel Local Restaurant\";s:18:\"location_address_1\";s:17:\"1 Western Gateway\";s:18:\"location_address_2\";s:19:\"Royal Victoria Dock\";s:13:\"location_city\";s:14:\"Greater London\";s:17:\"location_postcode\";s:7:\"E16 1XL\";s:19:\"location_country_id\";s:3:\"222\";s:18:\"location_telephone\";s:11:\"02088279114\";s:12:\"location_lat\";s:9:\"51.508492\";s:12:\"location_lng\";s:8:\"0.025040\";s:15:\"location_radius\";s:2:\"25\";s:6:\"status\";s:1:\"0\";s:8:\"distance\";s:18:\"0.0923355206359974\";}s:13:\"opening_hours\";a:7:{i:0;a:3:{s:3:\"day\";s:6:\"Monday\";s:4:\"open\";s:5:\"00:00\";s:5:\"close\";s:5:\"23:59\";}i:1;a:3:{s:3:\"day\";s:7:\"Tuesday\";s:4:\"open\";s:5:\"00:00\";s:5:\"close\";s:5:\"23:59\";}i:2;a:3:{s:3:\"day\";s:9:\"Wednesday\";s:4:\"open\";s:5:\"00:00\";s:5:\"close\";s:5:\"23:59\";}i:3;a:3:{s:3:\"day\";s:8:\"Thursday\";s:4:\"open\";s:5:\"00:00\";s:5:\"close\";s:5:\"23:59\";}i:4;a:3:{s:3:\"day\";s:6:\"Friday\";s:4:\"open\";s:5:\"00:00\";s:5:\"close\";s:5:\"23:59\";}i:5;a:3:{s:3:\"day\";s:8:\"Saturday\";s:4:\"open\";s:5:\"00:00\";s:5:\"close\";s:5:\"23:59\";}i:6;a:3:{s:3:\"day\";s:6:\"Sunday\";s:4:\"open\";s:5:\"00:00\";s:5:\"close\";s:5:\"23:59\";}}}}', '');
INSERT INTO ci_sessions (`session_id`, `ip_address`, `user_agent`, `last_activity`, `user_data`, `nearest_location`) VALUES ('deb5fe514d2c23cf8a0962bb66b0edd3', '192.168.1.81', 'Mozilla/5.0 (X11; Ubuntu; Linux x86_64; rv:24.0) Gecko/20100101 Firefox/24.0', 1382146772, 'a:1:{s:9:\"user_data\";s:0:\"\";}', '');
INSERT INTO ci_sessions (`session_id`, `ip_address`, `user_agent`, `last_activity`, `user_data`, `nearest_location`) VALUES ('e08e3640a2e6ed4dfed9abf9ff8c8c97', '::1', 'Mozilla/5.0 (Macintosh; Intel Mac OS X 10_8_5) AppleWebKit/536.30.1 (KHTML, like Gecko) QuickLook/4.0', 1381419351, 'a:1:{s:9:\"user_data\";s:0:\"\";}', '');
INSERT INTO ci_sessions (`session_id`, `ip_address`, `user_agent`, `last_activity`, `user_data`, `nearest_location`) VALUES ('e0ec29386c6e64b2a8cb9a1acc073a92', '::1', 'Mozilla/5.0 (Macintosh; Intel Mac OS X 10.8; rv:24.0) Gecko/20100101 Firefox/24.0 FirePHP/0.7.4', 1381415951, 'a:4:{s:9:\"user_data\";s:0:\"\";s:14:\"local_location\";a:3:{s:6:\"status\";s:2:\"OK\";s:4:\"data\";a:13:{s:11:\"location_id\";s:3:\"135\";s:13:\"location_name\";s:22:\"Excel Local Restaurant\";s:18:\"location_address_1\";s:17:\"1 Western Gateway\";s:18:\"location_address_2\";s:19:\"Royal Victoria Dock\";s:13:\"location_city\";s:14:\"Greater London\";s:17:\"location_postcode\";s:7:\"E16 1XL\";s:19:\"location_country_id\";s:3:\"222\";s:18:\"location_telephone\";s:11:\"02088279114\";s:12:\"location_lat\";s:9:\"51.508492\";s:12:\"location_lng\";s:8:\"0.025040\";s:15:\"location_radius\";s:2:\"25\";s:6:\"status\";s:1:\"0\";s:8:\"distance\";s:18:\"0.0923355206359974\";}s:13:\"opening_hours\";a:7:{i:0;a:3:{s:3:\"day\";s:6:\"Monday\";s:4:\"open\";s:5:\"00:00\";s:5:\"close\";s:5:\"23:59\";}i:1;a:3:{s:3:\"day\";s:7:\"Tuesday\";s:4:\"open\";s:5:\"00:00\";s:5:\"close\";s:5:\"23:59\";}i:2;a:3:{s:3:\"day\";s:9:\"Wednesday\";s:4:\"open\";s:5:\"00:00\";s:5:\"close\";s:5:\"23:59\";}i:3;a:3:{s:3:\"day\";s:8:\"Thursday\";s:4:\"open\";s:5:\"00:00\";s:5:\"close\";s:5:\"23:59\";}i:4;a:3:{s:3:\"day\";s:6:\"Friday\";s:4:\"open\";s:5:\"00:00\";s:5:\"close\";s:5:\"23:59\";}i:5;a:3:{s:3:\"day\";s:8:\"Saturday\";s:4:\"open\";s:5:\"00:00\";s:5:\"close\";s:5:\"23:59\";}i:6;a:3:{s:3:\"day\";s:6:\"Sunday\";s:4:\"open\";s:5:\"00:00\";s:5:\"close\";s:5:\"23:59\";}}}s:7:\"user_id\";s:2:\"15\";s:8:\"username\";s:10:\"tastyadmin\";}', '');
INSERT INTO ci_sessions (`session_id`, `ip_address`, `user_agent`, `last_activity`, `user_data`, `nearest_location`) VALUES ('e1e15b63986a0ff65fb6de68012657a2', '192.168.1.81', 'Mozilla/5.0 (X11; Ubuntu; Linux x86_64; rv:24.0) Gecko/20100101 Firefox/24.0', 1382396353, 'a:7:{s:9:\"user_data\";s:0:\"\";s:14:\"local_location\";a:3:{s:6:\"status\";s:2:\"OK\";s:4:\"data\";a:13:{s:11:\"location_id\";s:3:\"135\";s:13:\"location_name\";s:22:\"Excel Local Restaurant\";s:18:\"location_address_1\";s:17:\"1 Western Gateway\";s:18:\"location_address_2\";s:19:\"Royal Victoria Dock\";s:13:\"location_city\";s:14:\"Greater London\";s:17:\"location_postcode\";s:7:\"E16 1XL\";s:19:\"location_country_id\";s:3:\"222\";s:18:\"location_telephone\";s:11:\"02088279114\";s:12:\"location_lat\";s:9:\"51.508492\";s:12:\"location_lng\";s:8:\"0.025040\";s:15:\"location_radius\";s:2:\"25\";s:6:\"status\";s:1:\"0\";s:8:\"distance\";s:18:\"0.0923355206359974\";}s:13:\"opening_hours\";a:7:{i:0;a:3:{s:3:\"day\";s:6:\"Monday\";s:4:\"open\";s:5:\"00:00\";s:5:\"close\";s:5:\"23:59\";}i:1;a:3:{s:3:\"day\";s:7:\"Tuesday\";s:4:\"open\";s:5:\"00:00\";s:5:\"close\";s:5:\"23:59\";}i:2;a:3:{s:3:\"day\";s:9:\"Wednesday\";s:4:\"open\";s:5:\"00:00\";s:5:\"close\";s:5:\"23:59\";}i:3;a:3:{s:3:\"day\";s:8:\"Thursday\";s:4:\"open\";s:5:\"00:00\";s:5:\"close\";s:5:\"23:59\";}i:4;a:3:{s:3:\"day\";s:6:\"Friday\";s:4:\"open\";s:5:\"00:00\";s:5:\"close\";s:5:\"23:59\";}i:5;a:3:{s:3:\"day\";s:8:\"Saturday\";s:4:\"open\";s:5:\"00:00\";s:5:\"close\";s:5:\"23:59\";}i:6;a:3:{s:3:\"day\";s:6:\"Sunday\";s:4:\"open\";s:5:\"00:00\";s:5:\"close\";s:5:\"23:59\";}}}s:11:\"customer_id\";s:2:\"31\";s:14:\"customer_email\";s:13:\"demo@demo.com\";s:7:\"user_id\";s:2:\"15\";s:8:\"username\";s:10:\"tastyadmin\";s:13:\"cart_contents\";a:6:{s:32:\"1107aa632c0962d4d03a44fb9f8ce1a4\";a:7:{s:5:\"rowid\";s:32:\"1107aa632c0962d4d03a44fb9f8ce1a4\";s:2:\"id\";s:6:\"mnu_32\";s:4:\"name\";s:10:\"SCOTCH EGG\";s:3:\"qty\";s:2:\"10\";s:5:\"price\";s:6:\"200.00\";s:7:\"options\";a:0:{}s:8:\"subtotal\";d:2000;}s:32:\"0ee59dc81985547fd2827a6f02476ea9\";a:7:{s:5:\"rowid\";s:32:\"0ee59dc81985547fd2827a6f02476ea9\";s:2:\"id\";s:6:\"mnu_31\";s:4:\"name\";s:9:\"CHIN-CHIN\";s:3:\"qty\";s:2:\"20\";s:5:\"price\";s:6:\"200.00\";s:7:\"options\";a:0:{}s:8:\"subtotal\";d:4000;}s:32:\"9d2955646b606c74c02c8af3a1020b85\";a:7:{s:5:\"rowid\";s:32:\"9d2955646b606c74c02c8af3a1020b85\";s:2:\"id\";s:6:\"mnu_26\";s:4:\"name\";s:12:\"STEAMED RICE\";s:3:\"qty\";s:1:\"9\";s:5:\"price\";s:5:\"73.00\";s:7:\"options\";a:1:{s:4:\"With\";s:12:\"Meat: £3.00\";}s:8:\"subtotal\";d:657;}s:32:\"e0e15bacc15142a6e782179fc3e1f5b2\";a:7:{s:5:\"rowid\";s:32:\"e0e15bacc15142a6e782179fc3e1f5b2\";s:2:\"id\";s:6:\"mnu_38\";s:4:\"name\";s:20:\"VEGETABLE FRIED RICE\";s:3:\"qty\";s:2:\"10\";s:5:\"price\";s:5:\"23.99\";s:7:\"options\";a:1:{s:4:\"With\";s:16:\"Chicken: £14.00\";}s:8:\"subtotal\";d:239.8999999999999772626324556767940521240234375;}s:11:\"total_items\";i:49;s:10:\"cart_total\";d:6896.899999999999636202119290828704833984375;}}', '');
INSERT INTO ci_sessions (`session_id`, `ip_address`, `user_agent`, `last_activity`, `user_data`, `nearest_location`) VALUES ('e20a8e6983b8bab1ff1ce56ea4ed3c26', '172.16.251.219', 'Mozilla/5.0 (X11; Ubuntu; Linux x86_64; rv:26.0) Gecko/20100101 Firefox/26.0 FirePHP/0.7.4', 1387578383, 'a:1:{s:9:\"user_data\";s:0:\"\";}', '');
INSERT INTO ci_sessions (`session_id`, `ip_address`, `user_agent`, `last_activity`, `user_data`, `nearest_location`) VALUES ('e2260b1f9182d38dfff6de69a73fb20b', '172.16.251.216', 'Mozilla/5.0 (X11; Ubuntu; Linux x86_64; rv:26.0) Gecko/20100101 Firefox/26.0 FirePHP/0.7.4', 1387334394, 'a:1:{s:9:\"user_data\";s:0:\"\";}', '');
INSERT INTO ci_sessions (`session_id`, `ip_address`, `user_agent`, `last_activity`, `user_data`, `nearest_location`) VALUES ('e324d14fc35aa2e29fa3c2716aaf44f8', '221.120.202.246', 'Mozilla/4.0 (compatible; MSIE 8.0; Windows NT 5.1; Trident/4.0; .NET CLR 2.0.50727; .NET CLR 3.0.4506.2152; .NET CLR 3.5', 1378496365, '', '');
INSERT INTO ci_sessions (`session_id`, `ip_address`, `user_agent`, `last_activity`, `user_data`, `nearest_location`) VALUES ('e40cf338c001193f9fec3c91a384e699', '172.16.251.219', 'Mozilla/5.0 (X11; Ubuntu; Linux x86_64; rv:26.0) Gecko/20100101 Firefox/26.0 FirePHP/0.7.4', 1387577007, 'a:1:{s:9:\"user_data\";s:0:\"\";}', '');
INSERT INTO ci_sessions (`session_id`, `ip_address`, `user_agent`, `last_activity`, `user_data`, `nearest_location`) VALUES ('e4453bfbfe66c5b65f8133a6b6846ed2', '::1', 'Mozilla/5.0 (Macintosh; Intel Mac OS X 10.8; rv:24.0) Gecko/20100101 Firefox/24.0 FirePHP/0.7.4', 1382110969, 'a:6:{s:9:\"user_data\";s:0:\"\";s:13:\"cart_contents\";a:7:{s:32:\"3d9d87c3a4d83f48c3bc2cd70f75095a\";a:7:{s:5:\"rowid\";s:32:\"3d9d87c3a4d83f48c3bc2cd70f75095a\";s:2:\"id\";s:6:\"mnu_26\";s:4:\"name\";s:12:\"STEAMED RICE\";s:3:\"qty\";s:1:\"3\";s:5:\"price\";s:5:\"70.00\";s:7:\"options\";a:0:{}s:8:\"subtotal\";d:210;}s:32:\"9d2955646b606c74c02c8af3a1020b85\";a:7:{s:5:\"rowid\";s:32:\"9d2955646b606c74c02c8af3a1020b85\";s:2:\"id\";s:6:\"mnu_26\";s:4:\"name\";s:12:\"STEAMED RICE\";s:3:\"qty\";s:1:\"5\";s:5:\"price\";s:5:\"73.00\";s:7:\"options\";a:1:{s:4:\"With\";s:12:\"Meat: £3.00\";}s:8:\"subtotal\";d:365;}s:32:\"0ee59dc81985547fd2827a6f02476ea9\";a:7:{s:5:\"rowid\";s:32:\"0ee59dc81985547fd2827a6f02476ea9\";s:2:\"id\";s:6:\"mnu_31\";s:4:\"name\";s:9:\"CHIN-CHIN\";s:3:\"qty\";s:1:\"5\";s:5:\"price\";s:6:\"200.00\";s:7:\"options\";a:0:{}s:8:\"subtotal\";d:1000;}s:32:\"1107aa632c0962d4d03a44fb9f8ce1a4\";a:7:{s:5:\"rowid\";s:32:\"1107aa632c0962d4d03a44fb9f8ce1a4\";s:2:\"id\";s:6:\"mnu_32\";s:4:\"name\";s:10:\"SCOTCH EGG\";s:3:\"qty\";s:2:\"90\";s:5:\"price\";s:6:\"200.00\";s:7:\"options\";a:0:{}s:8:\"subtotal\";d:18000;}s:32:\"77fd097557ef342274ad50bf72903a50\";a:7:{s:5:\"rowid\";s:32:\"77fd097557ef342274ad50bf72903a50\";s:2:\"id\";s:6:\"mnu_25\";s:4:\"name\";s:4:\"BUNS\";s:3:\"qty\";s:2:\"20\";s:5:\"price\";s:6:\"100.00\";s:7:\"options\";a:0:{}s:8:\"subtotal\";d:2000;}s:11:\"total_items\";i:123;s:10:\"cart_total\";d:21575;}s:14:\"local_location\";a:3:{s:6:\"status\";s:2:\"OK\";s:4:\"data\";a:13:{s:11:\"location_id\";s:3:\"135\";s:13:\"location_name\";s:22:\"Excel Local Restaurant\";s:18:\"location_address_1\";s:17:\"1 Western Gateway\";s:18:\"location_address_2\";s:19:\"Royal Victoria Dock\";s:13:\"location_city\";s:14:\"Greater London\";s:17:\"location_postcode\";s:7:\"E16 1XL\";s:19:\"location_country_id\";s:3:\"222\";s:18:\"location_telephone\";s:11:\"02088279114\";s:12:\"location_lat\";s:9:\"51.508492\";s:12:\"location_lng\";s:8:\"0.025040\";s:15:\"location_radius\";s:2:\"25\";s:6:\"status\";s:1:\"0\";s:8:\"distance\";s:18:\"0.0923355206359974\";}s:13:\"opening_hours\";a:7:{i:0;a:3:{s:3:\"day\";s:6:\"Monday\";s:4:\"open\";s:5:\"00:00\";s:5:\"close\";s:5:\"23:59\";}i:1;a:3:{s:3:\"day\";s:7:\"Tuesday\";s:4:\"open\";s:5:\"00:00\";s:5:\"close\";s:5:\"23:59\";}i:2;a:3:{s:3:\"day\";s:9:\"Wednesday\";s:4:\"open\";s:5:\"00:00\";s:5:\"close\";s:5:\"23:59\";}i:3;a:3:{s:3:\"day\";s:8:\"Thursday\";s:4:\"open\";s:5:\"00:00\";s:5:\"close\";s:5:\"23:59\";}i:4;a:3:{s:3:\"day\";s:6:\"Friday\";s:4:\"open\";s:5:\"00:00\";s:5:\"close\";s:5:\"23:59\";}i:5;a:3:{s:3:\"day\";s:8:\"Saturday\";s:4:\"open\";s:5:\"00:00\";s:5:\"close\";s:5:\"23:59\";}i:6;a:3:{s:3:\"day\";s:6:\"Sunday\";s:4:\"open\";s:5:\"00:00\";s:5:\"close\";s:5:\"23:59\";}}}s:11:\"customer_id\";s:2:\"29\";s:14:\"customer_email\";s:17:\"eesyboii@live.com\";s:13:\"order_details\";a:14:{s:17:\"order_location_id\";s:3:\"135\";s:11:\"customer_id\";s:2:\"29\";s:5:\"email\";s:17:\"eesyboii@live.com\";s:10:\"first_name\";s:7:\"Temi Df\";s:9:\"last_name\";s:6:\"Demo2f\";s:9:\"telephone\";s:7:\"3332222\";s:10:\"order_type\";i:2;s:10:\"time_added\";s:5:\"16:41\";s:10:\"date_added\";s:10:\"2013/10/18\";s:7:\"payment\";s:6:\"paypal\";s:11:\"order_total\";d:21575;s:11:\"total_items\";i:123;s:10:\"ip_address\";s:3:\"::1\";s:10:\"user_agent\";s:95:\"Mozilla/5.0 (Macintosh; Intel Mac OS X 10.8; rv:24.0) Gecko/20100101 Firefox/24.0 FirePHP/0.7.4\";}}', '');
INSERT INTO ci_sessions (`session_id`, `ip_address`, `user_agent`, `last_activity`, `user_data`, `nearest_location`) VALUES ('e4f418902ebfc062b286be8fc7cff4a8', '192.168.1.81', 'Mozilla/5.0 (Macintosh; Intel Mac OS X 10.9; rv:24.0) Gecko/20100101 Firefox/24.0', 1383232852, 'a:1:{s:9:\"user_data\";s:0:\"\";}', '');
INSERT INTO ci_sessions (`session_id`, `ip_address`, `user_agent`, `last_activity`, `user_data`, `nearest_location`) VALUES ('e5c127f88a6153fd204a9ee243eda84a', '172.16.251.213', 'Mozilla/5.0 (X11; Ubuntu; Linux x86_64; rv:25.0) Gecko/20100101 Firefox/25.0 FirePHP/0.7.4', 1386529439, 'a:8:{s:9:\"user_data\";s:0:\"\";s:14:\"local_location\";a:3:{s:6:\"status\";s:2:\"OK\";s:4:\"data\";a:13:{s:11:\"location_id\";s:3:\"122\";s:13:\"location_name\";s:8:\"Lewisham\";s:18:\"location_address_1\";s:23:\"35 Lewisham High Street\";s:18:\"location_address_2\";s:0:\"\";s:13:\"location_city\";s:14:\"Greater London\";s:17:\"location_postcode\";s:8:\"SE13 7HS\";s:19:\"location_country_id\";s:3:\"222\";s:18:\"location_telephone\";s:11:\"02088279108\";s:12:\"location_lat\";s:9:\"51.461731\";s:12:\"location_lng\";s:9:\"-0.011749\";s:15:\"location_radius\";s:2:\"25\";s:15:\"location_status\";s:1:\"1\";s:8:\"distance\";s:18:\"1.9619756767046261\";}s:13:\"opening_hours\";a:7:{i:0;a:3:{s:3:\"day\";s:6:\"Monday\";s:4:\"open\";s:5:\"11:00\";s:5:\"close\";s:5:\"23:00\";}i:1;a:3:{s:3:\"day\";s:7:\"Tuesday\";s:4:\"open\";s:5:\"11:00\";s:5:\"close\";s:5:\"23:00\";}i:2;a:3:{s:3:\"day\";s:9:\"Wednesday\";s:4:\"open\";s:5:\"11:00\";s:5:\"close\";s:5:\"23:00\";}i:3;a:3:{s:3:\"day\";s:8:\"Thursday\";s:4:\"open\";s:5:\"11:00\";s:5:\"close\";s:5:\"23:00\";}i:4;a:3:{s:3:\"day\";s:6:\"Friday\";s:4:\"open\";s:5:\"11:00\";s:5:\"close\";s:5:\"23:00\";}i:5;a:3:{s:3:\"day\";s:8:\"Saturday\";s:4:\"open\";s:5:\"11:00\";s:5:\"close\";s:5:\"23:00\";}i:6;a:3:{s:3:\"day\";s:6:\"Sunday\";s:4:\"open\";s:5:\"11:00\";s:5:\"close\";s:5:\"23:00\";}}}s:7:\"user_id\";s:2:\"15\";s:8:\"username\";s:10:\"tastyadmin\";s:11:\"customer_id\";s:2:\"23\";s:14:\"customer_email\";s:17:\"eesyboi@gmail.com\";s:13:\"order_details\";a:15:{s:17:\"order_location_id\";s:3:\"122\";s:17:\"order_customer_id\";s:2:\"23\";s:5:\"email\";s:17:\"eesyboi@gmail.com\";s:10:\"first_name\";s:3:\"Sam\";s:9:\"last_name\";s:3:\"Sam\";s:9:\"telephone\";s:7:\"1234567\";s:10:\"order_type\";i:1;s:10:\"order_time\";s:8:\"19:45:00\";s:10:\"date_added\";s:10:\"2013/12/08\";s:13:\"date_modified\";s:10:\"2013/12/08\";s:16:\"order_address_id\";i:26;s:11:\"order_total\";d:754;s:11:\"total_items\";i:10;s:10:\"ip_address\";s:14:\"172.16.251.213\";s:10:\"user_agent\";s:90:\"Mozilla/5.0 (X11; Ubuntu; Linux x86_64; rv:25.0) Gecko/20100101 Firefox/25.0 FirePHP/0.7.4\";}s:13:\"cart_contents\";a:5:{s:32:\"8e296a067a37563370ded05f5a3bf3ec\";a:7:{s:5:\"rowid\";s:32:\"8e296a067a37563370ded05f5a3bf3ec\";s:2:\"id\";s:2:\"25\";s:4:\"name\";s:4:\"BUNS\";s:3:\"qty\";s:1:\"1\";s:5:\"price\";s:6:\"100.00\";s:7:\"options\";a:0:{}s:8:\"subtotal\";d:100;}s:32:\"4e732ced3463d06de0ca9a15b6153677\";a:7:{s:5:\"rowid\";s:32:\"4e732ced3463d06de0ca9a15b6153677\";s:2:\"id\";s:2:\"26\";s:4:\"name\";s:12:\"STEAMED RICE\";s:3:\"qty\";s:1:\"1\";s:5:\"price\";s:5:\"70.00\";s:7:\"options\";a:0:{}s:8:\"subtotal\";d:70;}s:32:\"16d94b93284822c2e4dde00281094a27\";a:7:{s:5:\"rowid\";s:32:\"16d94b93284822c2e4dde00281094a27\";s:2:\"id\";s:2:\"26\";s:4:\"name\";s:12:\"STEAMED RICE\";s:3:\"qty\";s:1:\"8\";s:5:\"price\";s:5:\"73.00\";s:7:\"options\";a:1:{s:4:\"With\";s:13:\"Meat: €3.00\";}s:8:\"subtotal\";d:584;}s:11:\"total_items\";i:10;s:10:\"cart_total\";d:754;}}', '');
INSERT INTO ci_sessions (`session_id`, `ip_address`, `user_agent`, `last_activity`, `user_data`, `nearest_location`) VALUES ('e5cbc057eafe0a90dd9172a229d34519', '172.16.251.194', 'Mozilla/5.0 (X11; Ubuntu; Linux x86_64; rv:25.0) Gecko/20100101 Firefox/25.0 FirePHP/0.7.4', 1385071777, 'a:3:{s:9:\"user_data\";s:0:\"\";s:7:\"user_id\";s:2:\"15\";s:8:\"username\";s:10:\"tastyadmin\";}', '');
INSERT INTO ci_sessions (`session_id`, `ip_address`, `user_agent`, `last_activity`, `user_data`, `nearest_location`) VALUES ('e697768ba2316100117269b2646f6166', '172.16.251.216', 'Mozilla/5.0 (X11; Ubuntu; Linux x86_64; rv:26.0) Gecko/20100101 Firefox/26.0 FirePHP/0.7.4', 1387336766, 'a:1:{s:9:\"user_data\";s:0:\"\";}', '');
INSERT INTO ci_sessions (`session_id`, `ip_address`, `user_agent`, `last_activity`, `user_data`, `nearest_location`) VALUES ('e8a02bd2a70808702a645cbbfa1c9aa5', '::1', 'Mozilla/5.0 (Macintosh; Intel Mac OS X 10.8; rv:23.0) Gecko/20100101 Firefox/23.0', 1378437349, 'a:3:{s:14:\"local_location\";a:3:{s:6:\"status\";s:2:\"OK\";s:4:\"data\";a:13:{s:11:\"location_id\";s:3:\"135\";s:13:\"location_name\";s:5:\"Excel\";s:18:\"location_address_1\";s:17:\"1 Western Gateway\";s:18:\"location_address_2\";s:19:\"Royal Victoria Dock\";s:13:\"location_city\";s:14:\"Greater London\";s:17:\"location_postcode\";s:7:\"E16 1XL\";s:19:\"location_country_id\";s:3:\"222\";s:18:\"location_telephone\";s:11:\"02088279114\";s:12:\"location_lat\";s:9:\"51.508492\";s:12:\"location_lng\";s:8:\"0.025040\";s:15:\"location_radius\";s:2:\"25\";s:6:\"status\";s:1:\"0\";s:8:\"distance\";s:16:\"1.74972695048429\";}s:13:\"opening_hours\";a:7:{i:0;a:3:{s:3:\"day\";s:6:\"Monday\";s:4:\"open\";s:5:\"01:00\";s:5:\"close\";s:5:\"23:59\";}i:1;a:3:{s:3:\"day\";s:7:\"Tuesday\";s:4:\"open\";s:5:\"01:00\";s:5:\"close\";s:5:\"23:59\";}i:2;a:3:{s:3:\"day\";s:9:\"Wednesday\";s:4:\"open\";s:5:\"01:00\";s:5:\"close\";s:5:\"23:59\";}i:3;a:3:{s:3:\"day\";s:8:\"Thursday\";s:4:\"open\";s:5:\"01:00\";s:5:\"close\";s:5:\"23:59\";}i:4;a:3:{s:3:\"day\";s:6:\"Friday\";s:4:\"open\";s:5:\"01:00\";s:5:\"close\";s:5:\"23:59\";}i:5;a:3:{s:3:\"day\";s:8:\"Saturday\";s:4:\"open\";s:5:\"01:00\";s:5:\"close\";s:5:\"23:59\";}i:6;a:3:{s:3:\"day\";s:6:\"Sunday\";s:4:\"open\";s:5:\"01:00\";s:5:\"close\";s:5:\"23:59\";}}}s:11:\"customer_id\";s:2:\"29\";s:14:\"customer_email\";s:17:\"eesyboii@live.com\";}', '');
INSERT INTO ci_sessions (`session_id`, `ip_address`, `user_agent`, `last_activity`, `user_data`, `nearest_location`) VALUES ('e8a29c181bdf8f9ffc5eeb373bf4479d', '172.16.251.213', 'Mozilla/5.0 (X11; Ubuntu; Linux x86_64; rv:25.0) Gecko/20100101 Firefox/25.0', 1386531025, 'a:1:{s:9:\"user_data\";s:0:\"\";}', '');
INSERT INTO ci_sessions (`session_id`, `ip_address`, `user_agent`, `last_activity`, `user_data`, `nearest_location`) VALUES ('ea6e11cb91d8ff264d329419f7c9f172', '172.20.10.2', 'Mozilla/5.0 (Macintosh; Intel Mac OS X 10_8_5) AppleWebKit/537.36 (KHTML, like Gecko) Chrome/30.0.1599.69 Safari/537.36', 1381416711, 'a:2:{s:9:\"user_data\";s:0:\"\";s:14:\"local_location\";a:3:{s:6:\"status\";s:2:\"OK\";s:4:\"data\";a:13:{s:11:\"location_id\";s:3:\"122\";s:13:\"location_name\";s:8:\"Lewisham\";s:18:\"location_address_1\";s:23:\"35 Lewisham High Street\";s:18:\"location_address_2\";s:0:\"\";s:13:\"location_city\";s:14:\"Greater London\";s:17:\"location_postcode\";s:8:\"SE13 7HS\";s:19:\"location_country_id\";s:1:\"0\";s:18:\"location_telephone\";s:11:\"02088279108\";s:12:\"location_lat\";s:9:\"51.461731\";s:12:\"location_lng\";s:9:\"-0.011749\";s:15:\"location_radius\";s:2:\"25\";s:6:\"status\";s:1:\"0\";s:8:\"distance\";s:16:\"1.96197567670463\";}s:13:\"opening_hours\";a:7:{i:0;a:3:{s:3:\"day\";s:6:\"Monday\";s:4:\"open\";s:5:\"11:00\";s:5:\"close\";s:5:\"23:00\";}i:1;a:3:{s:3:\"day\";s:7:\"Tuesday\";s:4:\"open\";s:5:\"11:00\";s:5:\"close\";s:5:\"23:00\";}i:2;a:3:{s:3:\"day\";s:9:\"Wednesday\";s:4:\"open\";s:5:\"11:00\";s:5:\"close\";s:5:\"23:00\";}i:3;a:3:{s:3:\"day\";s:8:\"Thursday\";s:4:\"open\";s:5:\"11:00\";s:5:\"close\";s:5:\"23:00\";}i:4;a:3:{s:3:\"day\";s:6:\"Friday\";s:4:\"open\";s:5:\"11:00\";s:5:\"close\";s:5:\"23:00\";}i:5;a:3:{s:3:\"day\";s:8:\"Saturday\";s:4:\"open\";s:5:\"11:00\";s:5:\"close\";s:5:\"23:00\";}i:6;a:3:{s:3:\"day\";s:6:\"Sunday\";s:4:\"open\";s:5:\"11:00\";s:5:\"close\";s:5:\"23:00\";}}}}', '');
INSERT INTO ci_sessions (`session_id`, `ip_address`, `user_agent`, `last_activity`, `user_data`, `nearest_location`) VALUES ('eab7e6a5100b9050613ea05328f4a627', '192.168.1.95', 'Mozilla/5.0 (Macintosh; Intel Mac OS X 10.8; rv:23.0) Gecko/20100101 Firefox/23.0', 1380056526, 'a:5:{s:11:\"customer_id\";s:2:\"29\";s:14:\"customer_email\";s:17:\"eesyboii@live.com\";s:7:\"user_id\";s:2:\"15\";s:8:\"username\";s:10:\"tastyadmin\";s:14:\"local_location\";a:3:{s:6:\"status\";s:2:\"OK\";s:4:\"data\";a:13:{s:11:\"location_id\";s:3:\"115\";s:13:\"location_name\";s:6:\"Harrow\";s:18:\"location_address_1\";s:13:\"14 Lime Close\";s:18:\"location_address_2\";s:0:\"\";s:13:\"location_city\";s:14:\"Greater London\";s:17:\"location_postcode\";s:7:\"HA3 7JD\";s:19:\"location_country_id\";s:3:\"222\";s:18:\"location_telephone\";s:11:\"02088279101\";s:12:\"location_lat\";s:9:\"51.600262\";s:12:\"location_lng\";s:9:\"-0.325915\";s:15:\"location_radius\";s:2:\"25\";s:6:\"status\";s:1:\"0\";s:8:\"distance\";s:17:\"0.522358478517791\";}s:13:\"opening_hours\";a:7:{i:0;a:3:{s:3:\"day\";s:6:\"Monday\";s:4:\"open\";s:5:\"11:00\";s:5:\"close\";s:5:\"23:00\";}i:1;a:3:{s:3:\"day\";s:7:\"Tuesday\";s:4:\"open\";s:5:\"11:00\";s:5:\"close\";s:5:\"23:00\";}i:2;a:3:{s:3:\"day\";s:9:\"Wednesday\";s:4:\"open\";s:5:\"11:00\";s:5:\"close\";s:5:\"23:00\";}i:3;a:3:{s:3:\"day\";s:8:\"Thursday\";s:4:\"open\";s:5:\"11:00\";s:5:\"close\";s:5:\"23:00\";}i:4;a:3:{s:3:\"day\";s:6:\"Friday\";s:4:\"open\";s:5:\"11:00\";s:5:\"close\";s:5:\"23:00\";}i:5;a:3:{s:3:\"day\";s:8:\"Saturday\";s:4:\"open\";s:5:\"11:00\";s:5:\"close\";s:5:\"23:00\";}i:6;a:3:{s:3:\"day\";s:6:\"Sunday\";s:4:\"open\";s:5:\"11:00\";s:5:\"close\";s:5:\"23:00\";}}}}', '');
INSERT INTO ci_sessions (`session_id`, `ip_address`, `user_agent`, `last_activity`, `user_data`, `nearest_location`) VALUES ('eb5b536bbd7602a32dd45dfeac24fe9f', '172.16.251.214', 'Mozilla/5.0 (X11; Ubuntu; Linux x86_64; rv:26.0) Gecko/20100101 Firefox/26.0', 1386851983, 'a:2:{s:9:\"user_data\";s:0:\"\";s:15:\"flash:old:alert\";s:66:\"<p class=\"warning\">Please, add some menus before you checkout!</p>\";}', '');
INSERT INTO ci_sessions (`session_id`, `ip_address`, `user_agent`, `last_activity`, `user_data`, `nearest_location`) VALUES ('ed1e85289bf72450e3f72426b5088319', '::1', 'Mozilla/5.0 (Macintosh; Intel Mac OS X 10.8; rv:24.0) Gecko/20100101 Firefox/24.0', 1382528335, 'a:3:{s:9:\"user_data\";s:0:\"\";s:7:\"user_id\";s:2:\"15\";s:8:\"username\";s:10:\"tastyadmin\";}', '');
INSERT INTO ci_sessions (`session_id`, `ip_address`, `user_agent`, `last_activity`, `user_data`, `nearest_location`) VALUES ('ed5833bf8801ea4af5b252d2d3116b4d', '::1', 'Mozilla/5.0 (Macintosh; Intel Mac OS X 10.8; rv:24.0) Gecko/20100101 Firefox/24.0 FirePHP/0.7.4', 1380230092, 'a:4:{s:9:\"user_data\";s:0:\"\";s:13:\"cart_contents\";a:6:{s:32:\"f7edd053b9bd7c14a58f064a29af3831\";a:7:{s:5:\"rowid\";s:32:\"f7edd053b9bd7c14a58f064a29af3831\";s:2:\"id\";s:4:\"FD25\";s:4:\"name\";s:4:\"BUNS\";s:3:\"qty\";s:1:\"1\";s:5:\"price\";s:6:\"100.00\";s:7:\"options\";a:0:{}s:8:\"subtotal\";d:100;}s:32:\"df56bef4c468c05a46a047f5db13373a\";a:7:{s:5:\"rowid\";s:32:\"df56bef4c468c05a46a047f5db13373a\";s:2:\"id\";s:4:\"FD25\";s:4:\"name\";s:4:\"BUNS\";s:3:\"qty\";s:1:\"1\";s:5:\"price\";s:6:\"120.00\";s:7:\"options\";a:1:{s:4:\"With\";s:11:\"Meat: 20.00\";}s:8:\"subtotal\";d:120;}s:32:\"5f99d22a1da4067e05670a5bd45a56e3\";a:7:{s:5:\"rowid\";s:32:\"5f99d22a1da4067e05670a5bd45a56e3\";s:2:\"id\";s:4:\"FD25\";s:4:\"name\";s:4:\"BUNS\";s:3:\"qty\";s:1:\"1\";s:5:\"price\";s:6:\"160.00\";s:7:\"options\";a:1:{s:4:\"With\";s:20:\"Assorted Fish: 60.00\";}s:8:\"subtotal\";d:160;}s:32:\"c7e6979933a98c2f9d4566ad0e1b4075\";a:7:{s:5:\"rowid\";s:32:\"c7e6979933a98c2f9d4566ad0e1b4075\";s:2:\"id\";s:4:\"FD40\";s:4:\"name\";s:5:\"Akara\";s:3:\"qty\";s:1:\"1\";s:5:\"price\";s:5:\"14.00\";s:7:\"options\";a:1:{s:4:\"With\";s:15:\"ChickenX: 11.00\";}s:8:\"subtotal\";d:14;}s:11:\"total_items\";i:4;s:10:\"cart_total\";d:394;}s:7:\"user_id\";s:2:\"15\";s:8:\"username\";s:10:\"tastyadmin\";}', '');
INSERT INTO ci_sessions (`session_id`, `ip_address`, `user_agent`, `last_activity`, `user_data`, `nearest_location`) VALUES ('ee5f3d7d56e3e4a5d2e72dc7a453e4e3', '172.16.251.219', 'Mozilla/5.0 (X11; Ubuntu; Linux x86_64; rv:26.0) Gecko/20100101 Firefox/26.0 FirePHP/0.7.4', 1387578384, 'a:1:{s:9:\"user_data\";s:0:\"\";}', '');
INSERT INTO ci_sessions (`session_id`, `ip_address`, `user_agent`, `last_activity`, `user_data`, `nearest_location`) VALUES ('ee8764ff54a04a0e52c86af26c450b95', '172.16.251.216', 'Mozilla/5.0 (X11; Ubuntu; Linux x86_64; rv:26.0) Gecko/20100101 Firefox/26.0 FirePHP/0.7.4', 1387334394, 'a:1:{s:9:\"user_data\";s:0:\"\";}', '');
INSERT INTO ci_sessions (`session_id`, `ip_address`, `user_agent`, `last_activity`, `user_data`, `nearest_location`) VALUES ('eeacfcde8c3fa65104d99dfe76de4325', '185.18.148.87', 'Mozilla/5.0 (Macintosh; Intel Mac OS X 10.8; rv:23.0) Gecko/20100101 Firefox/23.0', 1378491880, 'a:6:{s:9:\"user_data\";s:0:\"\";s:14:\"local_location\";a:3:{s:6:\"status\";s:2:\"OK\";s:4:\"data\";a:13:{s:11:\"location_id\";s:3:\"122\";s:13:\"location_name\";s:8:\"Lewisham\";s:18:\"location_address_1\";s:23:\"35 Lewisham High Street\";s:18:\"location_address_2\";s:0:\"\";s:13:\"location_city\";s:14:\"Greater London\";s:17:\"location_postcode\";s:8:\"SE13 7HS\";s:19:\"location_country_id\";s:1:\"0\";s:18:\"location_telephone\";s:11:\"02088279108\";s:12:\"location_lat\";s:9:\"51.461731\";s:12:\"location_lng\";s:9:\"-0.011749\";s:15:\"location_radius\";s:2:\"25\";s:6:\"status\";s:1:\"0\";s:8:\"distance\";s:15:\"1.9619756766246\";}s:13:\"opening_hours\";a:7:{i:0;a:3:{s:3:\"day\";s:6:\"Monday\";s:4:\"open\";s:5:\"11:00\";s:5:\"close\";s:5:\"23:00\";}i:1;a:3:{s:3:\"day\";s:7:\"Tuesday\";s:4:\"open\";s:5:\"11:00\";s:5:\"close\";s:5:\"23:00\";}i:2;a:3:{s:3:\"day\";s:9:\"Wednesday\";s:4:\"open\";s:5:\"11:00\";s:5:\"close\";s:5:\"23:00\";}i:3;a:3:{s:3:\"day\";s:8:\"Thursday\";s:4:\"open\";s:5:\"11:00\";s:5:\"close\";s:5:\"23:00\";}i:4;a:3:{s:3:\"day\";s:6:\"Friday\";s:4:\"open\";s:5:\"11:00\";s:5:\"close\";s:5:\"23:00\";}i:5;a:3:{s:3:\"day\";s:8:\"Saturday\";s:4:\"open\";s:5:\"11:00\";s:5:\"close\";s:5:\"23:00\";}i:6;a:3:{s:3:\"day\";s:6:\"Sunday\";s:4:\"open\";s:5:\"11:00\";s:5:\"close\";s:5:\"23:00\";}}}s:7:\"user_id\";s:2:\"15\";s:8:\"username\";s:10:\"tastyadmin\";s:11:\"customer_id\";s:2:\"22\";s:14:\"customer_email\";s:22:\"samadepoyigi@gmail.com\";}', '');
INSERT INTO ci_sessions (`session_id`, `ip_address`, `user_agent`, `last_activity`, `user_data`, `nearest_location`) VALUES ('eeeb96c991ad115b5a674839e568f0e0', '172.16.251.219', 'Mozilla/5.0 (X11; Ubuntu; Linux x86_64; rv:26.0) Gecko/20100101 Firefox/26.0 FirePHP/0.7.4', 1387586108, 'a:4:{s:9:\"user_data\";s:0:\"\";s:13:\"table_details\";a:6:{s:8:\"postcode\";s:24:\"Westminster - 9.09 miles\";s:11:\"location_id\";s:3:\"130\";s:9:\"guest_num\";s:1:\"6\";s:12:\"reserve_date\";s:10:\"2013-12-31\";s:12:\"reserve_time\";s:8:\"16:00:00\";s:8:\"occasion\";s:1:\"0\";}s:7:\"user_id\";s:2:\"15\";s:8:\"username\";s:10:\"tastyadmin\";}', '');
INSERT INTO ci_sessions (`session_id`, `ip_address`, `user_agent`, `last_activity`, `user_data`, `nearest_location`) VALUES ('f01846384ab58180284c190f726b084c', '172.16.251.219', 'Mozilla/5.0 (X11; Ubuntu; Linux x86_64; rv:26.0) Gecko/20100101 Firefox/26.0 FirePHP/0.7.4', 1387578383, 'a:1:{s:9:\"user_data\";s:0:\"\";}', '');
INSERT INTO ci_sessions (`session_id`, `ip_address`, `user_agent`, `last_activity`, `user_data`, `nearest_location`) VALUES ('f1ea10e8bf8b0eb59321014c4ca4341e', '192.168.1.81', 'Mozilla/5.0 (X11; Ubuntu; Linux x86_64; rv:24.0) Gecko/20100101 Firefox/24.0', 1382146768, 'a:1:{s:9:\"user_data\";s:0:\"\";}', '');
INSERT INTO ci_sessions (`session_id`, `ip_address`, `user_agent`, `last_activity`, `user_data`, `nearest_location`) VALUES ('f202b0af817f4f92914fa5155cab4d6d', '172.16.251.215', 'Mozilla/5.0 (X11; Ubuntu; Linux x86_64; rv:26.0) Gecko/20100101 Firefox/26.0 FirePHP/0.7.4', 1387315851, 'a:1:{s:9:\"user_data\";s:0:\"\";}', '');
INSERT INTO ci_sessions (`session_id`, `ip_address`, `user_agent`, `last_activity`, `user_data`, `nearest_location`) VALUES ('f2a290270a0738069f64c91c333fcd3f', '172.16.251.215', 'Mozilla/5.0 (X11; Ubuntu; Linux x86_64; rv:26.0) Gecko/20100101 Firefox/26.0 FirePHP/0.7.4', 1387311341, 'a:1:{s:9:\"user_data\";s:0:\"\";}', '');
INSERT INTO ci_sessions (`session_id`, `ip_address`, `user_agent`, `last_activity`, `user_data`, `nearest_location`) VALUES ('f40131e05d90d6c2579f1585f312ee48', '::1', 'Mozilla/5.0 (Macintosh; Intel Mac OS X 10_8_5) AppleWebKit/537.36 (KHTML, like Gecko) Chrome/29.0.1547.76 Safari/537.36', 1380105436, 'a:2:{s:9:\"user_data\";s:0:\"\";s:15:\"flash:new:alert\";s:38:\"Error: Postcode appears to be invalid.\";}', '');
INSERT INTO ci_sessions (`session_id`, `ip_address`, `user_agent`, `last_activity`, `user_data`, `nearest_location`) VALUES ('f41ff1e517c8549c57007511214ed162', '192.168.1.81', 'Mozilla/5.0 (Macintosh; Intel Mac OS X 10.8; rv:24.0) Gecko/20100101 Firefox/24.0', 1382155053, 'a:1:{s:9:\"user_data\";s:0:\"\";}', '');
INSERT INTO ci_sessions (`session_id`, `ip_address`, `user_agent`, `last_activity`, `user_data`, `nearest_location`) VALUES ('f49c06d7478def560d8fd15c0cbbea93', '172.16.251.212', 'Mozilla/5.0 (X11; Ubuntu; Linux x86_64; rv:25.0) Gecko/20100101 Firefox/25.0', 1386366121, 'a:3:{s:9:\"user_data\";s:0:\"\";s:7:\"user_id\";s:2:\"15\";s:8:\"username\";s:10:\"tastyadmin\";}', '');
INSERT INTO ci_sessions (`session_id`, `ip_address`, `user_agent`, `last_activity`, `user_data`, `nearest_location`) VALUES ('f5646eae1d7b733a4c676cb8f059c7d5', '172.16.251.214', 'Mozilla/5.0 (X11; Ubuntu; Linux x86_64; rv:26.0) Gecko/20100101 Firefox/26.0', 1386847942, 'a:3:{s:9:\"user_data\";s:0:\"\";s:7:\"user_id\";s:2:\"15\";s:8:\"username\";s:10:\"tastyadmin\";}', '');
INSERT INTO ci_sessions (`session_id`, `ip_address`, `user_agent`, `last_activity`, `user_data`, `nearest_location`) VALUES ('f658dcd0f217b464ea5287f75e0affba', '172.16.251.219', 'Mozilla/5.0 (X11; Ubuntu; Linux x86_64; rv:26.0) Gecko/20100101 Firefox/26.0 FirePHP/0.7.4', 1387577008, 'a:1:{s:9:\"user_data\";s:0:\"\";}', '');
INSERT INTO ci_sessions (`session_id`, `ip_address`, `user_agent`, `last_activity`, `user_data`, `nearest_location`) VALUES ('f6b4739170ea4eef79e8b5533e2268ec', '172.16.251.216', 'Mozilla/5.0 (X11; Ubuntu; Linux x86_64; rv:26.0) Gecko/20100101 Firefox/26.0 FirePHP/0.7.4', 1387331721, 'a:1:{s:9:\"user_data\";s:0:\"\";}', '');
INSERT INTO ci_sessions (`session_id`, `ip_address`, `user_agent`, `last_activity`, `user_data`, `nearest_location`) VALUES ('f77d61ea7155328f683b8928bfdc571b', '::1', 'Mozilla/5.0 (Macintosh; Intel Mac OS X 10.8; rv:24.0) Gecko/20100101 Firefox/24.0 FirePHP/0.7.4', 1380619043, 'a:2:{s:13:\"cart_contents\";a:6:{s:32:\"f7edd053b9bd7c14a58f064a29af3831\";a:7:{s:5:\"rowid\";s:32:\"f7edd053b9bd7c14a58f064a29af3831\";s:2:\"id\";s:4:\"FD25\";s:4:\"name\";s:4:\"BUNS\";s:3:\"qty\";s:1:\"1\";s:5:\"price\";s:6:\"100.00\";s:7:\"options\";a:0:{}s:8:\"subtotal\";d:100;}s:32:\"a82b8132179ee9f2d6f0ea15db25d314\";a:7:{s:5:\"rowid\";s:32:\"a82b8132179ee9f2d6f0ea15db25d314\";s:2:\"id\";s:4:\"FD66\";s:4:\"name\";s:16:\"AMALA(YAM FLOUR)\";s:3:\"qty\";s:1:\"1\";s:5:\"price\";s:6:\"220.00\";s:7:\"options\";a:0:{}s:8:\"subtotal\";d:220;}s:32:\"3a541cca478c5ef76a0cac99fd3c701a\";a:7:{s:5:\"rowid\";s:32:\"3a541cca478c5ef76a0cac99fd3c701a\";s:2:\"id\";s:4:\"FD67\";s:4:\"name\";s:20:\"EBA (GRATED CASSAVA)\";s:3:\"qty\";s:1:\"1\";s:5:\"price\";s:6:\"110.00\";s:7:\"options\";a:1:{s:4:\"With\";s:11:\"Meat: 20.00\";}s:8:\"subtotal\";d:110;}s:32:\"128cffc0afe7ecd0c323f129d8fe7cdd\";a:7:{s:5:\"rowid\";s:32:\"128cffc0afe7ecd0c323f129d8fe7cdd\";s:2:\"id\";s:4:\"FD69\";s:4:\"name\";s:30:\"BOILED Plantain w/spinach soup\";s:3:\"qty\";s:1:\"1\";s:5:\"price\";s:6:\"122.00\";s:7:\"options\";a:0:{}s:8:\"subtotal\";d:122;}s:11:\"total_items\";i:4;s:10:\"cart_total\";d:552;}s:14:\"local_location\";a:3:{s:6:\"status\";s:2:\"OK\";s:4:\"data\";a:13:{s:11:\"location_id\";s:3:\"135\";s:13:\"location_name\";s:22:\"Excel Local Restaurant\";s:18:\"location_address_1\";s:17:\"1 Western Gateway\";s:18:\"location_address_2\";s:19:\"Royal Victoria Dock\";s:13:\"location_city\";s:14:\"Greater London\";s:17:\"location_postcode\";s:7:\"E16 1XL\";s:19:\"location_country_id\";s:3:\"222\";s:18:\"location_telephone\";s:11:\"02088279114\";s:12:\"location_lat\";s:9:\"51.508492\";s:12:\"location_lng\";s:8:\"0.025040\";s:15:\"location_radius\";s:2:\"25\";s:6:\"status\";s:1:\"0\";s:8:\"distance\";s:18:\"0.0923355206359974\";}s:13:\"opening_hours\";a:7:{i:0;a:3:{s:3:\"day\";s:6:\"Monday\";s:4:\"open\";s:5:\"00:00\";s:5:\"close\";s:5:\"23:59\";}i:1;a:3:{s:3:\"day\";s:7:\"Tuesday\";s:4:\"open\";s:5:\"00:00\";s:5:\"close\";s:5:\"23:59\";}i:2;a:3:{s:3:\"day\";s:9:\"Wednesday\";s:4:\"open\";s:5:\"00:00\";s:5:\"close\";s:5:\"23:59\";}i:3;a:3:{s:3:\"day\";s:8:\"Thursday\";s:4:\"open\";s:5:\"00:00\";s:5:\"close\";s:5:\"23:59\";}i:4;a:3:{s:3:\"day\";s:6:\"Friday\";s:4:\"open\";s:5:\"00:00\";s:5:\"close\";s:5:\"23:59\";}i:5;a:3:{s:3:\"day\";s:8:\"Saturday\";s:4:\"open\";s:5:\"00:00\";s:5:\"close\";s:5:\"23:59\";}i:6;a:3:{s:3:\"day\";s:6:\"Sunday\";s:4:\"open\";s:5:\"00:00\";s:5:\"close\";s:5:\"23:59\";}}}}', '');
INSERT INTO ci_sessions (`session_id`, `ip_address`, `user_agent`, `last_activity`, `user_data`, `nearest_location`) VALUES ('f924b677356e3410e0fcdb3488320df2', '::1', 'Mozilla/5.0 (Macintosh; Intel Mac OS X 10.8; rv:24.0) Gecko/20100101 Firefox/24.0', 1379792655, 'a:2:{s:7:\"user_id\";s:2:\"15\";s:8:\"username\";s:10:\"tastyadmin\";}', '');
INSERT INTO ci_sessions (`session_id`, `ip_address`, `user_agent`, `last_activity`, `user_data`, `nearest_location`) VALUES ('f99fac981dce2eb853ae024397131a28', '172.16.251.216', 'Mozilla/5.0 (X11; Ubuntu; Linux x86_64; rv:26.0) Gecko/20100101 Firefox/26.0 FirePHP/0.7.4', 1387329136, 'a:1:{s:9:\"user_data\";s:0:\"\";}', '');
INSERT INTO ci_sessions (`session_id`, `ip_address`, `user_agent`, `last_activity`, `user_data`, `nearest_location`) VALUES ('fa624bf299d2d824d1460959123bcbcf', '172.16.251.216', 'Mozilla/5.0 (X11; Ubuntu; Linux x86_64; rv:26.0) Gecko/20100101 Firefox/26.0 FirePHP/0.7.4', 1387329134, 'a:1:{s:9:\"user_data\";s:0:\"\";}', '');
INSERT INTO ci_sessions (`session_id`, `ip_address`, `user_agent`, `last_activity`, `user_data`, `nearest_location`) VALUES ('fa8391e404676266ec56b0c4b7461ddb', '::1', 'Mozilla/5.0 (Macintosh; Intel Mac OS X 10.8; rv:24.0) Gecko/20100101 Firefox/24.0 FirePHP/0.7.4', 1382104226, 'a:8:{s:9:\"user_data\";s:0:\"\";s:7:\"user_id\";s:2:\"15\";s:8:\"username\";s:10:\"tastyadmin\";s:14:\"local_location\";a:3:{s:6:\"status\";s:2:\"OK\";s:4:\"data\";a:13:{s:11:\"location_id\";s:3:\"135\";s:13:\"location_name\";s:22:\"Excel Local Restaurant\";s:18:\"location_address_1\";s:17:\"1 Western Gateway\";s:18:\"location_address_2\";s:19:\"Royal Victoria Dock\";s:13:\"location_city\";s:14:\"Greater London\";s:17:\"location_postcode\";s:7:\"E16 1XL\";s:19:\"location_country_id\";s:3:\"222\";s:18:\"location_telephone\";s:11:\"02088279114\";s:12:\"location_lat\";s:9:\"51.508492\";s:12:\"location_lng\";s:8:\"0.025040\";s:15:\"location_radius\";s:2:\"25\";s:6:\"status\";s:1:\"0\";s:8:\"distance\";s:18:\"0.0923355206359974\";}s:13:\"opening_hours\";a:7:{i:0;a:3:{s:3:\"day\";s:6:\"Monday\";s:4:\"open\";s:5:\"00:00\";s:5:\"close\";s:5:\"23:59\";}i:1;a:3:{s:3:\"day\";s:7:\"Tuesday\";s:4:\"open\";s:5:\"00:00\";s:5:\"close\";s:5:\"23:59\";}i:2;a:3:{s:3:\"day\";s:9:\"Wednesday\";s:4:\"open\";s:5:\"00:00\";s:5:\"close\";s:5:\"23:59\";}i:3;a:3:{s:3:\"day\";s:8:\"Thursday\";s:4:\"open\";s:5:\"00:00\";s:5:\"close\";s:5:\"23:59\";}i:4;a:3:{s:3:\"day\";s:6:\"Friday\";s:4:\"open\";s:5:\"00:00\";s:5:\"close\";s:5:\"23:59\";}i:5;a:3:{s:3:\"day\";s:8:\"Saturday\";s:4:\"open\";s:5:\"00:00\";s:5:\"close\";s:5:\"23:59\";}i:6;a:3:{s:3:\"day\";s:6:\"Sunday\";s:4:\"open\";s:5:\"00:00\";s:5:\"close\";s:5:\"23:59\";}}}s:11:\"customer_id\";s:2:\"29\";s:14:\"customer_email\";s:17:\"eesyboii@live.com\";s:13:\"cart_contents\";a:4:{s:32:\"9d2955646b606c74c02c8af3a1020b85\";a:7:{s:5:\"rowid\";s:32:\"9d2955646b606c74c02c8af3a1020b85\";s:2:\"id\";s:6:\"mnu_26\";s:4:\"name\";s:12:\"STEAMED RICE\";s:3:\"qty\";s:1:\"1\";s:5:\"price\";s:5:\"73.00\";s:7:\"options\";a:1:{s:4:\"With\";s:12:\"Meat: £3.00\";}s:8:\"subtotal\";d:73;}s:32:\"77fd097557ef342274ad50bf72903a50\";a:7:{s:5:\"rowid\";s:32:\"77fd097557ef342274ad50bf72903a50\";s:2:\"id\";s:6:\"mnu_25\";s:4:\"name\";s:4:\"BUNS\";s:3:\"qty\";s:1:\"1\";s:5:\"price\";s:6:\"100.00\";s:7:\"options\";a:0:{}s:8:\"subtotal\";d:100;}s:11:\"total_items\";i:2;s:10:\"cart_total\";d:173;}s:13:\"order_details\";a:15:{s:17:\"order_location_id\";s:3:\"135\";s:11:\"customer_id\";s:2:\"29\";s:5:\"email\";s:17:\"eesyboii@live.com\";s:10:\"first_name\";s:7:\"Temi Df\";s:9:\"last_name\";s:6:\"Demo2f\";s:9:\"telephone\";s:7:\"3332222\";s:10:\"order_type\";i:1;s:10:\"time_added\";s:5:\"14:48\";s:10:\"date_added\";s:10:\"2013/10/18\";s:10:\"address_id\";i:23;s:7:\"payment\";s:6:\"paypal\";s:11:\"order_total\";d:173;s:11:\"total_items\";i:2;s:10:\"ip_address\";s:3:\"::1\";s:10:\"user_agent\";s:95:\"Mozilla/5.0 (Macintosh; Intel Mac OS X 10.8; rv:24.0) Gecko/20100101 Firefox/24.0 FirePHP/0.7.4\";}}', '');
INSERT INTO ci_sessions (`session_id`, `ip_address`, `user_agent`, `last_activity`, `user_data`, `nearest_location`) VALUES ('fb2fc94601f1130bcba1c863eae15e12', '::1', 'Mozilla/5.0 (Macintosh; Intel Mac OS X 10.8; rv:23.0) Gecko/20100101 Firefox/23.0', 1378400526, 'a:3:{s:9:\"user_data\";s:0:\"\";s:7:\"user_id\";s:2:\"15\";s:8:\"username\";s:10:\"tastyadmin\";}', '');
INSERT INTO ci_sessions (`session_id`, `ip_address`, `user_agent`, `last_activity`, `user_data`, `nearest_location`) VALUES ('fbaf187c331a052e0418f9775ec1bbd9', '::1', 'Mozilla/5.0 (Macintosh; Intel Mac OS X 10.8; rv:24.0) Gecko/20100101 Firefox/24.0', 1380143750, 'a:4:{s:9:\"user_data\";s:0:\"\";s:7:\"user_id\";s:2:\"16\";s:8:\"username\";s:11:\"crazystrike\";s:13:\"cart_contents\";a:3:{s:32:\"eb4b679a27d38f742ddd296d4e3ad8b2\";a:7:{s:5:\"rowid\";s:32:\"eb4b679a27d38f742ddd296d4e3ad8b2\";s:2:\"id\";s:4:\"FD25\";s:4:\"name\";s:4:\"BUNS\";s:3:\"qty\";s:1:\"1\";s:5:\"price\";s:6:\"100.00\";s:7:\"options\";a:1:{s:4:\"With\";s:2:\": \";}s:8:\"subtotal\";d:100;}s:11:\"total_items\";i:1;s:10:\"cart_total\";d:100;}}', '');
INSERT INTO ci_sessions (`session_id`, `ip_address`, `user_agent`, `last_activity`, `user_data`, `nearest_location`) VALUES ('fc7624481865c419545f6a2e470d8fce', '172.16.251.194', 'Mozilla/5.0 (X11; Ubuntu; Linux x86_64; rv:25.0) Gecko/20100101 Firefox/25.0', 1385079290, 'a:2:{s:9:\"user_data\";s:0:\"\";s:15:\"flash:old:alert\";s:66:\"<p class=\"warning\">Please, add some menus before you checkout!</p>\";}', '');
INSERT INTO ci_sessions (`session_id`, `ip_address`, `user_agent`, `last_activity`, `user_data`, `nearest_location`) VALUES ('fe93b98041306df7afbeaaa93fb9f81b', '192.168.1.81', 'Mozilla/5.0 (X11; Ubuntu; Linux x86_64; rv:24.0) Gecko/20100101 Firefox/24.0', 1382196889, 'a:4:{s:9:\"user_data\";s:0:\"\";s:7:\"user_id\";s:2:\"15\";s:8:\"username\";s:10:\"tastyadmin\";s:15:\"flash:old:alert\";s:51:\"<p class=\"success\">Menu(s) Deleted Sucessfully!</p>\";}', '');
INSERT INTO ci_sessions (`session_id`, `ip_address`, `user_agent`, `last_activity`, `user_data`, `nearest_location`) VALUES ('fee168abd34645c0a0a361fa00a916ca', '172.16.251.218', 'Mozilla/5.0 (X11; Ubuntu; Linux x86_64; rv:26.0) Gecko/20100101 Firefox/26.0 FirePHP/0.7.4', 1387415753, 'a:2:{s:9:\"user_data\";s:0:\"\";s:13:\"table_details\";a:6:{s:8:\"postcode\";s:19:\"Harrow - 1.53 miles\";s:11:\"location_id\";s:3:\"115\";s:9:\"guest_num\";s:1:\"4\";s:12:\"reserve_date\";s:10:\"23-12-2013\";s:12:\"reserve_time\";s:8:\"13:00:00\";s:8:\"occasion\";s:1:\"1\";}}', '');
INSERT INTO ci_sessions (`session_id`, `ip_address`, `user_agent`, `last_activity`, `user_data`, `nearest_location`) VALUES ('ff4432cc3ffd6d65dc726699e7ce2ac8', '172.16.251.219', 'Mozilla/5.0 (X11; Ubuntu; Linux x86_64; rv:26.0) Gecko/20100101 Firefox/26.0 FirePHP/0.7.4', 1387500273, 'a:1:{s:9:\"user_data\";s:0:\"\";}', '');


#
# TABLE STRUCTURE FOR: countries
#

DROP TABLE IF EXISTS countries;

CREATE TABLE `countries` (
  `country_id` int(11) NOT NULL AUTO_INCREMENT,
  `country_name` varchar(128) NOT NULL,
  `iso_code_2` varchar(2) NOT NULL,
  `iso_code_3` varchar(3) NOT NULL,
  `status` tinyint(1) NOT NULL,
  PRIMARY KEY (`country_id`)
) ENGINE=MyISAM AUTO_INCREMENT=240 DEFAULT CHARSET=utf8;

INSERT INTO countries (`country_id`, `country_name`, `iso_code_2`, `iso_code_3`, `status`) VALUES (1, 'Afghanistan', 'AF', 'AFG', 0);
INSERT INTO countries (`country_id`, `country_name`, `iso_code_2`, `iso_code_3`, `status`) VALUES (2, 'Albania', 'AL', 'ALB', 0);
INSERT INTO countries (`country_id`, `country_name`, `iso_code_2`, `iso_code_3`, `status`) VALUES (3, 'Algeria', 'DZ', 'DZA', 0);
INSERT INTO countries (`country_id`, `country_name`, `iso_code_2`, `iso_code_3`, `status`) VALUES (4, 'American Samoa', 'AS', 'ASM', 0);
INSERT INTO countries (`country_id`, `country_name`, `iso_code_2`, `iso_code_3`, `status`) VALUES (5, 'Andorra', 'AD', 'AND', 0);
INSERT INTO countries (`country_id`, `country_name`, `iso_code_2`, `iso_code_3`, `status`) VALUES (6, 'Angola', 'AO', 'AGO', 0);
INSERT INTO countries (`country_id`, `country_name`, `iso_code_2`, `iso_code_3`, `status`) VALUES (7, 'Anguilla', 'AI', 'AIA', 0);
INSERT INTO countries (`country_id`, `country_name`, `iso_code_2`, `iso_code_3`, `status`) VALUES (8, 'Antarctica', 'AQ', 'ATA', 0);
INSERT INTO countries (`country_id`, `country_name`, `iso_code_2`, `iso_code_3`, `status`) VALUES (9, 'Antigua and Barbuda', 'AG', 'ATG', 0);
INSERT INTO countries (`country_id`, `country_name`, `iso_code_2`, `iso_code_3`, `status`) VALUES (10, 'Argentina', 'AR', 'ARG', 0);
INSERT INTO countries (`country_id`, `country_name`, `iso_code_2`, `iso_code_3`, `status`) VALUES (11, 'Armenia', 'AM', 'ARM', 0);
INSERT INTO countries (`country_id`, `country_name`, `iso_code_2`, `iso_code_3`, `status`) VALUES (12, 'Aruba', 'AW', 'ABW', 0);
INSERT INTO countries (`country_id`, `country_name`, `iso_code_2`, `iso_code_3`, `status`) VALUES (13, 'Australia', 'AU', 'AUS', 0);
INSERT INTO countries (`country_id`, `country_name`, `iso_code_2`, `iso_code_3`, `status`) VALUES (14, 'Austria', 'AT', 'AUT', 0);
INSERT INTO countries (`country_id`, `country_name`, `iso_code_2`, `iso_code_3`, `status`) VALUES (15, 'Azerbaijan', 'AZ', 'AZE', 0);
INSERT INTO countries (`country_id`, `country_name`, `iso_code_2`, `iso_code_3`, `status`) VALUES (16, 'Bahamas', 'BS', 'BHS', 0);
INSERT INTO countries (`country_id`, `country_name`, `iso_code_2`, `iso_code_3`, `status`) VALUES (17, 'Bahrain', 'BH', 'BHR', 0);
INSERT INTO countries (`country_id`, `country_name`, `iso_code_2`, `iso_code_3`, `status`) VALUES (18, 'Bangladesh', 'BD', 'BGD', 0);
INSERT INTO countries (`country_id`, `country_name`, `iso_code_2`, `iso_code_3`, `status`) VALUES (19, 'Barbados', 'BB', 'BRB', 0);
INSERT INTO countries (`country_id`, `country_name`, `iso_code_2`, `iso_code_3`, `status`) VALUES (20, 'Belarus', 'BY', 'BLR', 0);
INSERT INTO countries (`country_id`, `country_name`, `iso_code_2`, `iso_code_3`, `status`) VALUES (21, 'Belgium', 'BE', 'BEL', 0);
INSERT INTO countries (`country_id`, `country_name`, `iso_code_2`, `iso_code_3`, `status`) VALUES (22, 'Belize', 'BZ', 'BLZ', 0);
INSERT INTO countries (`country_id`, `country_name`, `iso_code_2`, `iso_code_3`, `status`) VALUES (23, 'Benin', 'BJ', 'BEN', 0);
INSERT INTO countries (`country_id`, `country_name`, `iso_code_2`, `iso_code_3`, `status`) VALUES (24, 'Bermuda', 'BM', 'BMU', 0);
INSERT INTO countries (`country_id`, `country_name`, `iso_code_2`, `iso_code_3`, `status`) VALUES (25, 'Bhutan', 'BT', 'BTN', 0);
INSERT INTO countries (`country_id`, `country_name`, `iso_code_2`, `iso_code_3`, `status`) VALUES (26, 'Bolivia', 'BO', 'BOL', 0);
INSERT INTO countries (`country_id`, `country_name`, `iso_code_2`, `iso_code_3`, `status`) VALUES (27, 'Bosnia and Herzegowina', 'BA', 'BIH', 0);
INSERT INTO countries (`country_id`, `country_name`, `iso_code_2`, `iso_code_3`, `status`) VALUES (28, 'Botswana', 'BW', 'BWA', 0);
INSERT INTO countries (`country_id`, `country_name`, `iso_code_2`, `iso_code_3`, `status`) VALUES (29, 'Bouvet Island', 'BV', 'BVT', 0);
INSERT INTO countries (`country_id`, `country_name`, `iso_code_2`, `iso_code_3`, `status`) VALUES (30, 'Brazil', 'BR', 'BRA', 0);
INSERT INTO countries (`country_id`, `country_name`, `iso_code_2`, `iso_code_3`, `status`) VALUES (31, 'British Indian Ocean Territory', 'IO', 'IOT', 0);
INSERT INTO countries (`country_id`, `country_name`, `iso_code_2`, `iso_code_3`, `status`) VALUES (32, 'Brunei Darussalam', 'BN', 'BRN', 0);
INSERT INTO countries (`country_id`, `country_name`, `iso_code_2`, `iso_code_3`, `status`) VALUES (33, 'Bulgaria', 'BG', 'BGR', 0);
INSERT INTO countries (`country_id`, `country_name`, `iso_code_2`, `iso_code_3`, `status`) VALUES (34, 'Burkina Faso', 'BF', 'BFA', 0);
INSERT INTO countries (`country_id`, `country_name`, `iso_code_2`, `iso_code_3`, `status`) VALUES (35, 'Burundi', 'BI', 'BDI', 0);
INSERT INTO countries (`country_id`, `country_name`, `iso_code_2`, `iso_code_3`, `status`) VALUES (36, 'Cambodia', 'KH', 'KHM', 0);
INSERT INTO countries (`country_id`, `country_name`, `iso_code_2`, `iso_code_3`, `status`) VALUES (37, 'Cameroon', 'CM', 'CMR', 0);
INSERT INTO countries (`country_id`, `country_name`, `iso_code_2`, `iso_code_3`, `status`) VALUES (38, 'Canada', 'CA', 'CAN', 0);
INSERT INTO countries (`country_id`, `country_name`, `iso_code_2`, `iso_code_3`, `status`) VALUES (39, 'Cape Verde', 'CV', 'CPV', 0);
INSERT INTO countries (`country_id`, `country_name`, `iso_code_2`, `iso_code_3`, `status`) VALUES (40, 'Cayman Islands', 'KY', 'CYM', 0);
INSERT INTO countries (`country_id`, `country_name`, `iso_code_2`, `iso_code_3`, `status`) VALUES (41, 'Central African Republic', 'CF', 'CAF', 0);
INSERT INTO countries (`country_id`, `country_name`, `iso_code_2`, `iso_code_3`, `status`) VALUES (42, 'Chad', 'TD', 'TCD', 0);
INSERT INTO countries (`country_id`, `country_name`, `iso_code_2`, `iso_code_3`, `status`) VALUES (43, 'Chile', 'CL', 'CHL', 0);
INSERT INTO countries (`country_id`, `country_name`, `iso_code_2`, `iso_code_3`, `status`) VALUES (44, 'China', 'CN', 'CHN', 0);
INSERT INTO countries (`country_id`, `country_name`, `iso_code_2`, `iso_code_3`, `status`) VALUES (45, 'Christmas Island', 'CX', 'CXR', 0);
INSERT INTO countries (`country_id`, `country_name`, `iso_code_2`, `iso_code_3`, `status`) VALUES (46, 'Cocos (Keeling) Islands', 'CC', 'CCK', 0);
INSERT INTO countries (`country_id`, `country_name`, `iso_code_2`, `iso_code_3`, `status`) VALUES (47, 'Colombia', 'CO', 'COL', 0);
INSERT INTO countries (`country_id`, `country_name`, `iso_code_2`, `iso_code_3`, `status`) VALUES (48, 'Comoros', 'KM', 'COM', 0);
INSERT INTO countries (`country_id`, `country_name`, `iso_code_2`, `iso_code_3`, `status`) VALUES (49, 'Congo', 'CG', 'COG', 0);
INSERT INTO countries (`country_id`, `country_name`, `iso_code_2`, `iso_code_3`, `status`) VALUES (50, 'Cook Islands', 'CK', 'COK', 0);
INSERT INTO countries (`country_id`, `country_name`, `iso_code_2`, `iso_code_3`, `status`) VALUES (51, 'Costa Rica', 'CR', 'CRI', 0);
INSERT INTO countries (`country_id`, `country_name`, `iso_code_2`, `iso_code_3`, `status`) VALUES (52, 'Cote D\'Ivoire', 'CI', 'CIV', 0);
INSERT INTO countries (`country_id`, `country_name`, `iso_code_2`, `iso_code_3`, `status`) VALUES (53, 'Croatia', 'HR', 'HRV', 0);
INSERT INTO countries (`country_id`, `country_name`, `iso_code_2`, `iso_code_3`, `status`) VALUES (54, 'Cuba', 'CU', 'CUB', 0);
INSERT INTO countries (`country_id`, `country_name`, `iso_code_2`, `iso_code_3`, `status`) VALUES (55, 'Cyprus', 'CY', 'CYP', 0);
INSERT INTO countries (`country_id`, `country_name`, `iso_code_2`, `iso_code_3`, `status`) VALUES (56, 'Czech Republic', 'CZ', 'CZE', 0);
INSERT INTO countries (`country_id`, `country_name`, `iso_code_2`, `iso_code_3`, `status`) VALUES (57, 'Denmark', 'DK', 'DNK', 0);
INSERT INTO countries (`country_id`, `country_name`, `iso_code_2`, `iso_code_3`, `status`) VALUES (58, 'Djibouti', 'DJ', 'DJI', 0);
INSERT INTO countries (`country_id`, `country_name`, `iso_code_2`, `iso_code_3`, `status`) VALUES (59, 'Dominica', 'DM', 'DMA', 0);
INSERT INTO countries (`country_id`, `country_name`, `iso_code_2`, `iso_code_3`, `status`) VALUES (60, 'Dominican Republic', 'DO', 'DOM', 0);
INSERT INTO countries (`country_id`, `country_name`, `iso_code_2`, `iso_code_3`, `status`) VALUES (61, 'East Timor', 'TP', 'TMP', 0);
INSERT INTO countries (`country_id`, `country_name`, `iso_code_2`, `iso_code_3`, `status`) VALUES (62, 'Ecuador', 'EC', 'ECU', 0);
INSERT INTO countries (`country_id`, `country_name`, `iso_code_2`, `iso_code_3`, `status`) VALUES (63, 'Egypt', 'EG', 'EGY', 0);
INSERT INTO countries (`country_id`, `country_name`, `iso_code_2`, `iso_code_3`, `status`) VALUES (64, 'El Salvador', 'SV', 'SLV', 0);
INSERT INTO countries (`country_id`, `country_name`, `iso_code_2`, `iso_code_3`, `status`) VALUES (65, 'Equatorial Guinea', 'GQ', 'GNQ', 0);
INSERT INTO countries (`country_id`, `country_name`, `iso_code_2`, `iso_code_3`, `status`) VALUES (66, 'Eritrea', 'ER', 'ERI', 0);
INSERT INTO countries (`country_id`, `country_name`, `iso_code_2`, `iso_code_3`, `status`) VALUES (67, 'Estonia', 'EE', 'EST', 0);
INSERT INTO countries (`country_id`, `country_name`, `iso_code_2`, `iso_code_3`, `status`) VALUES (68, 'Ethiopia', 'ET', 'ETH', 0);
INSERT INTO countries (`country_id`, `country_name`, `iso_code_2`, `iso_code_3`, `status`) VALUES (69, 'Falkland Islands (Malvinas)', 'FK', 'FLK', 0);
INSERT INTO countries (`country_id`, `country_name`, `iso_code_2`, `iso_code_3`, `status`) VALUES (70, 'Faroe Islands', 'FO', 'FRO', 0);
INSERT INTO countries (`country_id`, `country_name`, `iso_code_2`, `iso_code_3`, `status`) VALUES (71, 'Fiji', 'FJ', 'FJI', 0);
INSERT INTO countries (`country_id`, `country_name`, `iso_code_2`, `iso_code_3`, `status`) VALUES (72, 'Finland', 'FI', 'FIN', 0);
INSERT INTO countries (`country_id`, `country_name`, `iso_code_2`, `iso_code_3`, `status`) VALUES (73, 'France', 'FR', 'FRA', 0);
INSERT INTO countries (`country_id`, `country_name`, `iso_code_2`, `iso_code_3`, `status`) VALUES (74, 'France, Metropolitan', 'FX', 'FXX', 0);
INSERT INTO countries (`country_id`, `country_name`, `iso_code_2`, `iso_code_3`, `status`) VALUES (75, 'French Guiana', 'GF', 'GUF', 0);
INSERT INTO countries (`country_id`, `country_name`, `iso_code_2`, `iso_code_3`, `status`) VALUES (76, 'French Polynesia', 'PF', 'PYF', 0);
INSERT INTO countries (`country_id`, `country_name`, `iso_code_2`, `iso_code_3`, `status`) VALUES (77, 'French Southern Territories', 'TF', 'ATF', 0);
INSERT INTO countries (`country_id`, `country_name`, `iso_code_2`, `iso_code_3`, `status`) VALUES (78, 'Gabon', 'GA', 'GAB', 0);
INSERT INTO countries (`country_id`, `country_name`, `iso_code_2`, `iso_code_3`, `status`) VALUES (79, 'Gambia', 'GM', 'GMB', 0);
INSERT INTO countries (`country_id`, `country_name`, `iso_code_2`, `iso_code_3`, `status`) VALUES (80, 'Georgia', 'GE', 'GEO', 0);
INSERT INTO countries (`country_id`, `country_name`, `iso_code_2`, `iso_code_3`, `status`) VALUES (81, 'Germany', 'DE', 'DEU', 0);
INSERT INTO countries (`country_id`, `country_name`, `iso_code_2`, `iso_code_3`, `status`) VALUES (82, 'Ghana', 'GH', 'GHA', 0);
INSERT INTO countries (`country_id`, `country_name`, `iso_code_2`, `iso_code_3`, `status`) VALUES (83, 'Gibraltar', 'GI', 'GIB', 0);
INSERT INTO countries (`country_id`, `country_name`, `iso_code_2`, `iso_code_3`, `status`) VALUES (84, 'Greece', 'GR', 'GRC', 0);
INSERT INTO countries (`country_id`, `country_name`, `iso_code_2`, `iso_code_3`, `status`) VALUES (85, 'Greenland', 'GL', 'GRL', 0);
INSERT INTO countries (`country_id`, `country_name`, `iso_code_2`, `iso_code_3`, `status`) VALUES (86, 'Grenada', 'GD', 'GRD', 0);
INSERT INTO countries (`country_id`, `country_name`, `iso_code_2`, `iso_code_3`, `status`) VALUES (87, 'Guadeloupe', 'GP', 'GLP', 0);
INSERT INTO countries (`country_id`, `country_name`, `iso_code_2`, `iso_code_3`, `status`) VALUES (88, 'Guam', 'GU', 'GUM', 0);
INSERT INTO countries (`country_id`, `country_name`, `iso_code_2`, `iso_code_3`, `status`) VALUES (89, 'Guatemala', 'GT', 'GTM', 0);
INSERT INTO countries (`country_id`, `country_name`, `iso_code_2`, `iso_code_3`, `status`) VALUES (90, 'Guinea', 'GN', 'GIN', 0);
INSERT INTO countries (`country_id`, `country_name`, `iso_code_2`, `iso_code_3`, `status`) VALUES (91, 'Guinea-bissau', 'GW', 'GNB', 0);
INSERT INTO countries (`country_id`, `country_name`, `iso_code_2`, `iso_code_3`, `status`) VALUES (92, 'Guyana', 'GY', 'GUY', 0);
INSERT INTO countries (`country_id`, `country_name`, `iso_code_2`, `iso_code_3`, `status`) VALUES (93, 'Haiti', 'HT', 'HTI', 0);
INSERT INTO countries (`country_id`, `country_name`, `iso_code_2`, `iso_code_3`, `status`) VALUES (94, 'Heard and Mc Donald Islands', 'HM', 'HMD', 0);
INSERT INTO countries (`country_id`, `country_name`, `iso_code_2`, `iso_code_3`, `status`) VALUES (95, 'Honduras', 'HN', 'HND', 0);
INSERT INTO countries (`country_id`, `country_name`, `iso_code_2`, `iso_code_3`, `status`) VALUES (96, 'Hong Kong', 'HK', 'HKG', 0);
INSERT INTO countries (`country_id`, `country_name`, `iso_code_2`, `iso_code_3`, `status`) VALUES (97, 'Hungary', 'HU', 'HUN', 0);
INSERT INTO countries (`country_id`, `country_name`, `iso_code_2`, `iso_code_3`, `status`) VALUES (98, 'Iceland', 'IS', 'ISL', 0);
INSERT INTO countries (`country_id`, `country_name`, `iso_code_2`, `iso_code_3`, `status`) VALUES (99, 'India', 'IN', 'IND', 0);
INSERT INTO countries (`country_id`, `country_name`, `iso_code_2`, `iso_code_3`, `status`) VALUES (100, 'Indonesia', 'ID', 'IDN', 0);
INSERT INTO countries (`country_id`, `country_name`, `iso_code_2`, `iso_code_3`, `status`) VALUES (101, 'Iran (Islamic Republic of)', 'IR', 'IRN', 0);
INSERT INTO countries (`country_id`, `country_name`, `iso_code_2`, `iso_code_3`, `status`) VALUES (102, 'Iraq', 'IQ', 'IRQ', 0);
INSERT INTO countries (`country_id`, `country_name`, `iso_code_2`, `iso_code_3`, `status`) VALUES (103, 'Ireland', 'IE', 'IRL', 0);
INSERT INTO countries (`country_id`, `country_name`, `iso_code_2`, `iso_code_3`, `status`) VALUES (104, 'Israel', 'IL', 'ISR', 0);
INSERT INTO countries (`country_id`, `country_name`, `iso_code_2`, `iso_code_3`, `status`) VALUES (105, 'Italy', 'IT', 'ITA', 0);
INSERT INTO countries (`country_id`, `country_name`, `iso_code_2`, `iso_code_3`, `status`) VALUES (106, 'Jamaica', 'JM', 'JAM', 0);
INSERT INTO countries (`country_id`, `country_name`, `iso_code_2`, `iso_code_3`, `status`) VALUES (107, 'Japan', 'JP', 'JPN', 0);
INSERT INTO countries (`country_id`, `country_name`, `iso_code_2`, `iso_code_3`, `status`) VALUES (108, 'Jordan', 'JO', 'JOR', 0);
INSERT INTO countries (`country_id`, `country_name`, `iso_code_2`, `iso_code_3`, `status`) VALUES (109, 'Kazakhstan', 'KZ', 'KAZ', 0);
INSERT INTO countries (`country_id`, `country_name`, `iso_code_2`, `iso_code_3`, `status`) VALUES (110, 'Kenya', 'KE', 'KEN', 0);
INSERT INTO countries (`country_id`, `country_name`, `iso_code_2`, `iso_code_3`, `status`) VALUES (111, 'Kiribati', 'KI', 'KIR', 0);
INSERT INTO countries (`country_id`, `country_name`, `iso_code_2`, `iso_code_3`, `status`) VALUES (112, 'North Korea', 'KP', 'PRK', 0);
INSERT INTO countries (`country_id`, `country_name`, `iso_code_2`, `iso_code_3`, `status`) VALUES (113, 'Korea, Republic of', 'KR', 'KOR', 0);
INSERT INTO countries (`country_id`, `country_name`, `iso_code_2`, `iso_code_3`, `status`) VALUES (114, 'Kuwait', 'KW', 'KWT', 0);
INSERT INTO countries (`country_id`, `country_name`, `iso_code_2`, `iso_code_3`, `status`) VALUES (115, 'Kyrgyzstan', 'KG', 'KGZ', 0);
INSERT INTO countries (`country_id`, `country_name`, `iso_code_2`, `iso_code_3`, `status`) VALUES (116, 'Lao People\'s Democratic Republic', 'LA', 'LAO', 0);
INSERT INTO countries (`country_id`, `country_name`, `iso_code_2`, `iso_code_3`, `status`) VALUES (117, 'Latvia', 'LV', 'LVA', 0);
INSERT INTO countries (`country_id`, `country_name`, `iso_code_2`, `iso_code_3`, `status`) VALUES (118, 'Lebanon', 'LB', 'LBN', 0);
INSERT INTO countries (`country_id`, `country_name`, `iso_code_2`, `iso_code_3`, `status`) VALUES (119, 'Lesotho', 'LS', 'LSO', 0);
INSERT INTO countries (`country_id`, `country_name`, `iso_code_2`, `iso_code_3`, `status`) VALUES (120, 'Liberia', 'LR', 'LBR', 0);
INSERT INTO countries (`country_id`, `country_name`, `iso_code_2`, `iso_code_3`, `status`) VALUES (121, 'Libyan Arab Jamahiriya', 'LY', 'LBY', 0);
INSERT INTO countries (`country_id`, `country_name`, `iso_code_2`, `iso_code_3`, `status`) VALUES (122, 'Liechtenstein', 'LI', 'LIE', 0);
INSERT INTO countries (`country_id`, `country_name`, `iso_code_2`, `iso_code_3`, `status`) VALUES (123, 'Lithuania', 'LT', 'LTU', 0);
INSERT INTO countries (`country_id`, `country_name`, `iso_code_2`, `iso_code_3`, `status`) VALUES (124, 'Luxembourg', 'LU', 'LUX', 0);
INSERT INTO countries (`country_id`, `country_name`, `iso_code_2`, `iso_code_3`, `status`) VALUES (125, 'Macau', 'MO', 'MAC', 0);
INSERT INTO countries (`country_id`, `country_name`, `iso_code_2`, `iso_code_3`, `status`) VALUES (126, 'FYROM', 'MK', 'MKD', 0);
INSERT INTO countries (`country_id`, `country_name`, `iso_code_2`, `iso_code_3`, `status`) VALUES (127, 'Madagascar', 'MG', 'MDG', 0);
INSERT INTO countries (`country_id`, `country_name`, `iso_code_2`, `iso_code_3`, `status`) VALUES (128, 'Malawi', 'MW', 'MWI', 0);
INSERT INTO countries (`country_id`, `country_name`, `iso_code_2`, `iso_code_3`, `status`) VALUES (129, 'Malaysia', 'MY', 'MYS', 0);
INSERT INTO countries (`country_id`, `country_name`, `iso_code_2`, `iso_code_3`, `status`) VALUES (130, 'Maldives', 'MV', 'MDV', 0);
INSERT INTO countries (`country_id`, `country_name`, `iso_code_2`, `iso_code_3`, `status`) VALUES (131, 'Mali', 'ML', 'MLI', 0);
INSERT INTO countries (`country_id`, `country_name`, `iso_code_2`, `iso_code_3`, `status`) VALUES (132, 'Malta', 'MT', 'MLT', 0);
INSERT INTO countries (`country_id`, `country_name`, `iso_code_2`, `iso_code_3`, `status`) VALUES (133, 'Marshall Islands', 'MH', 'MHL', 0);
INSERT INTO countries (`country_id`, `country_name`, `iso_code_2`, `iso_code_3`, `status`) VALUES (134, 'Martinique', 'MQ', 'MTQ', 0);
INSERT INTO countries (`country_id`, `country_name`, `iso_code_2`, `iso_code_3`, `status`) VALUES (135, 'Mauritania', 'MR', 'MRT', 0);
INSERT INTO countries (`country_id`, `country_name`, `iso_code_2`, `iso_code_3`, `status`) VALUES (136, 'Mauritius', 'MU', 'MUS', 0);
INSERT INTO countries (`country_id`, `country_name`, `iso_code_2`, `iso_code_3`, `status`) VALUES (137, 'Mayotte', 'YT', 'MYT', 0);
INSERT INTO countries (`country_id`, `country_name`, `iso_code_2`, `iso_code_3`, `status`) VALUES (138, 'Mexico', 'MX', 'MEX', 0);
INSERT INTO countries (`country_id`, `country_name`, `iso_code_2`, `iso_code_3`, `status`) VALUES (139, 'Micronesia, Federated States of', 'FM', 'FSM', 0);
INSERT INTO countries (`country_id`, `country_name`, `iso_code_2`, `iso_code_3`, `status`) VALUES (140, 'Moldova, Republic of', 'MD', 'MDA', 0);
INSERT INTO countries (`country_id`, `country_name`, `iso_code_2`, `iso_code_3`, `status`) VALUES (141, 'Monaco', 'MC', 'MCO', 0);
INSERT INTO countries (`country_id`, `country_name`, `iso_code_2`, `iso_code_3`, `status`) VALUES (142, 'Mongolia', 'MN', 'MNG', 0);
INSERT INTO countries (`country_id`, `country_name`, `iso_code_2`, `iso_code_3`, `status`) VALUES (143, 'Montserrat', 'MS', 'MSR', 0);
INSERT INTO countries (`country_id`, `country_name`, `iso_code_2`, `iso_code_3`, `status`) VALUES (144, 'Morocco', 'MA', 'MAR', 0);
INSERT INTO countries (`country_id`, `country_name`, `iso_code_2`, `iso_code_3`, `status`) VALUES (145, 'Mozambique', 'MZ', 'MOZ', 0);
INSERT INTO countries (`country_id`, `country_name`, `iso_code_2`, `iso_code_3`, `status`) VALUES (146, 'Myanmar', 'MM', 'MMR', 0);
INSERT INTO countries (`country_id`, `country_name`, `iso_code_2`, `iso_code_3`, `status`) VALUES (147, 'Namibia', 'NA', 'NAM', 0);
INSERT INTO countries (`country_id`, `country_name`, `iso_code_2`, `iso_code_3`, `status`) VALUES (148, 'Nauru', 'NR', 'NRU', 0);
INSERT INTO countries (`country_id`, `country_name`, `iso_code_2`, `iso_code_3`, `status`) VALUES (149, 'Nepal', 'NP', 'NPL', 0);
INSERT INTO countries (`country_id`, `country_name`, `iso_code_2`, `iso_code_3`, `status`) VALUES (150, 'Netherlands', 'NL', 'NLD', 0);
INSERT INTO countries (`country_id`, `country_name`, `iso_code_2`, `iso_code_3`, `status`) VALUES (151, 'Netherlands Antilles', 'AN', 'ANT', 0);
INSERT INTO countries (`country_id`, `country_name`, `iso_code_2`, `iso_code_3`, `status`) VALUES (152, 'New Caledonia', 'NC', 'NCL', 0);
INSERT INTO countries (`country_id`, `country_name`, `iso_code_2`, `iso_code_3`, `status`) VALUES (153, 'New Zealand', 'NZ', 'NZL', 0);
INSERT INTO countries (`country_id`, `country_name`, `iso_code_2`, `iso_code_3`, `status`) VALUES (154, 'Nicaragua', 'NI', 'NIC', 0);
INSERT INTO countries (`country_id`, `country_name`, `iso_code_2`, `iso_code_3`, `status`) VALUES (155, 'Niger', 'NE', 'NER', 0);
INSERT INTO countries (`country_id`, `country_name`, `iso_code_2`, `iso_code_3`, `status`) VALUES (156, 'Nigeria', 'NG', 'NGA', 0);
INSERT INTO countries (`country_id`, `country_name`, `iso_code_2`, `iso_code_3`, `status`) VALUES (157, 'Niue', 'NU', 'NIU', 0);
INSERT INTO countries (`country_id`, `country_name`, `iso_code_2`, `iso_code_3`, `status`) VALUES (158, 'Norfolk Island', 'NF', 'NFK', 0);
INSERT INTO countries (`country_id`, `country_name`, `iso_code_2`, `iso_code_3`, `status`) VALUES (159, 'Northern Mariana Islands', 'MP', 'MNP', 0);
INSERT INTO countries (`country_id`, `country_name`, `iso_code_2`, `iso_code_3`, `status`) VALUES (160, 'Norway', 'NO', 'NOR', 0);
INSERT INTO countries (`country_id`, `country_name`, `iso_code_2`, `iso_code_3`, `status`) VALUES (161, 'Oman', 'OM', 'OMN', 0);
INSERT INTO countries (`country_id`, `country_name`, `iso_code_2`, `iso_code_3`, `status`) VALUES (162, 'Pakistan', 'PK', 'PAK', 0);
INSERT INTO countries (`country_id`, `country_name`, `iso_code_2`, `iso_code_3`, `status`) VALUES (163, 'Palau', 'PW', 'PLW', 0);
INSERT INTO countries (`country_id`, `country_name`, `iso_code_2`, `iso_code_3`, `status`) VALUES (164, 'Panama', 'PA', 'PAN', 0);
INSERT INTO countries (`country_id`, `country_name`, `iso_code_2`, `iso_code_3`, `status`) VALUES (165, 'Papua New Guinea', 'PG', 'PNG', 0);
INSERT INTO countries (`country_id`, `country_name`, `iso_code_2`, `iso_code_3`, `status`) VALUES (166, 'Paraguay', 'PY', 'PRY', 0);
INSERT INTO countries (`country_id`, `country_name`, `iso_code_2`, `iso_code_3`, `status`) VALUES (167, 'Peru', 'PE', 'PER', 0);
INSERT INTO countries (`country_id`, `country_name`, `iso_code_2`, `iso_code_3`, `status`) VALUES (168, 'Philippines', 'PH', 'PHL', 0);
INSERT INTO countries (`country_id`, `country_name`, `iso_code_2`, `iso_code_3`, `status`) VALUES (169, 'Pitcairn', 'PN', 'PCN', 0);
INSERT INTO countries (`country_id`, `country_name`, `iso_code_2`, `iso_code_3`, `status`) VALUES (170, 'Poland', 'PL', 'POL', 0);
INSERT INTO countries (`country_id`, `country_name`, `iso_code_2`, `iso_code_3`, `status`) VALUES (171, 'Portugal', 'PT', 'PRT', 0);
INSERT INTO countries (`country_id`, `country_name`, `iso_code_2`, `iso_code_3`, `status`) VALUES (172, 'Puerto Rico', 'PR', 'PRI', 0);
INSERT INTO countries (`country_id`, `country_name`, `iso_code_2`, `iso_code_3`, `status`) VALUES (173, 'Qatar', 'QA', 'QAT', 0);
INSERT INTO countries (`country_id`, `country_name`, `iso_code_2`, `iso_code_3`, `status`) VALUES (174, 'Reunion', 'RE', 'REU', 0);
INSERT INTO countries (`country_id`, `country_name`, `iso_code_2`, `iso_code_3`, `status`) VALUES (175, 'Romania', 'RO', 'ROM', 0);
INSERT INTO countries (`country_id`, `country_name`, `iso_code_2`, `iso_code_3`, `status`) VALUES (176, 'Russian Federation', 'RU', 'RUS', 0);
INSERT INTO countries (`country_id`, `country_name`, `iso_code_2`, `iso_code_3`, `status`) VALUES (177, 'Rwanda', 'RW', 'RWA', 0);
INSERT INTO countries (`country_id`, `country_name`, `iso_code_2`, `iso_code_3`, `status`) VALUES (178, 'Saint Kitts and Nevis', 'KN', 'KNA', 0);
INSERT INTO countries (`country_id`, `country_name`, `iso_code_2`, `iso_code_3`, `status`) VALUES (179, 'Saint Lucia', 'LC', 'LCA', 0);
INSERT INTO countries (`country_id`, `country_name`, `iso_code_2`, `iso_code_3`, `status`) VALUES (180, 'Saint Vincent and the Grenadines', 'VC', 'VCT', 0);
INSERT INTO countries (`country_id`, `country_name`, `iso_code_2`, `iso_code_3`, `status`) VALUES (181, 'Samoa', 'WS', 'WSM', 0);
INSERT INTO countries (`country_id`, `country_name`, `iso_code_2`, `iso_code_3`, `status`) VALUES (182, 'San Marino', 'SM', 'SMR', 0);
INSERT INTO countries (`country_id`, `country_name`, `iso_code_2`, `iso_code_3`, `status`) VALUES (183, 'Sao Tome and Principe', 'ST', 'STP', 0);
INSERT INTO countries (`country_id`, `country_name`, `iso_code_2`, `iso_code_3`, `status`) VALUES (184, 'Saudi Arabia', 'SA', 'SAU', 0);
INSERT INTO countries (`country_id`, `country_name`, `iso_code_2`, `iso_code_3`, `status`) VALUES (185, 'Senegal', 'SN', 'SEN', 0);
INSERT INTO countries (`country_id`, `country_name`, `iso_code_2`, `iso_code_3`, `status`) VALUES (186, 'Seychelles', 'SC', 'SYC', 0);
INSERT INTO countries (`country_id`, `country_name`, `iso_code_2`, `iso_code_3`, `status`) VALUES (187, 'Sierra Leone', 'SL', 'SLE', 0);
INSERT INTO countries (`country_id`, `country_name`, `iso_code_2`, `iso_code_3`, `status`) VALUES (188, 'Singapore', 'SG', 'SGP', 0);
INSERT INTO countries (`country_id`, `country_name`, `iso_code_2`, `iso_code_3`, `status`) VALUES (189, 'Slovak Republic', 'SK', 'SVK', 0);
INSERT INTO countries (`country_id`, `country_name`, `iso_code_2`, `iso_code_3`, `status`) VALUES (190, 'Slovenia', 'SI', 'SVN', 0);
INSERT INTO countries (`country_id`, `country_name`, `iso_code_2`, `iso_code_3`, `status`) VALUES (191, 'Solomon Islands', 'SB', 'SLB', 0);
INSERT INTO countries (`country_id`, `country_name`, `iso_code_2`, `iso_code_3`, `status`) VALUES (192, 'Somalia', 'SO', 'SOM', 0);
INSERT INTO countries (`country_id`, `country_name`, `iso_code_2`, `iso_code_3`, `status`) VALUES (193, 'South Africa', 'ZA', 'ZAF', 0);
INSERT INTO countries (`country_id`, `country_name`, `iso_code_2`, `iso_code_3`, `status`) VALUES (194, 'South Georgia &amp; South Sandwich Islands', 'GS', 'SGS', 0);
INSERT INTO countries (`country_id`, `country_name`, `iso_code_2`, `iso_code_3`, `status`) VALUES (195, 'Spain', 'ES', 'ESP', 0);
INSERT INTO countries (`country_id`, `country_name`, `iso_code_2`, `iso_code_3`, `status`) VALUES (196, 'Sri Lanka', 'LK', 'LKA', 0);
INSERT INTO countries (`country_id`, `country_name`, `iso_code_2`, `iso_code_3`, `status`) VALUES (197, 'St. Helena', 'SH', 'SHN', 0);
INSERT INTO countries (`country_id`, `country_name`, `iso_code_2`, `iso_code_3`, `status`) VALUES (198, 'St. Pierre and Miquelon', 'PM', 'SPM', 0);
INSERT INTO countries (`country_id`, `country_name`, `iso_code_2`, `iso_code_3`, `status`) VALUES (199, 'Sudan', 'SD', 'SDN', 0);
INSERT INTO countries (`country_id`, `country_name`, `iso_code_2`, `iso_code_3`, `status`) VALUES (200, 'Suriname', 'SR', 'SUR', 0);
INSERT INTO countries (`country_id`, `country_name`, `iso_code_2`, `iso_code_3`, `status`) VALUES (201, 'Svalbard and Jan Mayen Islands', 'SJ', 'SJM', 0);
INSERT INTO countries (`country_id`, `country_name`, `iso_code_2`, `iso_code_3`, `status`) VALUES (202, 'Swaziland', 'SZ', 'SWZ', 0);
INSERT INTO countries (`country_id`, `country_name`, `iso_code_2`, `iso_code_3`, `status`) VALUES (203, 'Sweden', 'SE', 'SWE', 0);
INSERT INTO countries (`country_id`, `country_name`, `iso_code_2`, `iso_code_3`, `status`) VALUES (204, 'Switzerland', 'CH', 'CHE', 0);
INSERT INTO countries (`country_id`, `country_name`, `iso_code_2`, `iso_code_3`, `status`) VALUES (205, 'Syrian Arab Republic', 'SY', 'SYR', 0);
INSERT INTO countries (`country_id`, `country_name`, `iso_code_2`, `iso_code_3`, `status`) VALUES (206, 'Taiwan', 'TW', 'TWN', 0);
INSERT INTO countries (`country_id`, `country_name`, `iso_code_2`, `iso_code_3`, `status`) VALUES (207, 'Tajikistan', 'TJ', 'TJK', 0);
INSERT INTO countries (`country_id`, `country_name`, `iso_code_2`, `iso_code_3`, `status`) VALUES (208, 'Tanzania, United Republic of', 'TZ', 'TZA', 0);
INSERT INTO countries (`country_id`, `country_name`, `iso_code_2`, `iso_code_3`, `status`) VALUES (209, 'Thailand', 'TH', 'THA', 0);
INSERT INTO countries (`country_id`, `country_name`, `iso_code_2`, `iso_code_3`, `status`) VALUES (210, 'Togo', 'TG', 'TGO', 0);
INSERT INTO countries (`country_id`, `country_name`, `iso_code_2`, `iso_code_3`, `status`) VALUES (211, 'Tokelau', 'TK', 'TKL', 0);
INSERT INTO countries (`country_id`, `country_name`, `iso_code_2`, `iso_code_3`, `status`) VALUES (212, 'Tonga', 'TO', 'TON', 0);
INSERT INTO countries (`country_id`, `country_name`, `iso_code_2`, `iso_code_3`, `status`) VALUES (213, 'Trinidad and Tobago', 'TT', 'TTO', 0);
INSERT INTO countries (`country_id`, `country_name`, `iso_code_2`, `iso_code_3`, `status`) VALUES (214, 'Tunisia', 'TN', 'TUN', 0);
INSERT INTO countries (`country_id`, `country_name`, `iso_code_2`, `iso_code_3`, `status`) VALUES (215, 'Turkey', 'TR', 'TUR', 0);
INSERT INTO countries (`country_id`, `country_name`, `iso_code_2`, `iso_code_3`, `status`) VALUES (216, 'Turkmenistan', 'TM', 'TKM', 0);
INSERT INTO countries (`country_id`, `country_name`, `iso_code_2`, `iso_code_3`, `status`) VALUES (217, 'Turks and Caicos Islands', 'TC', 'TCA', 0);
INSERT INTO countries (`country_id`, `country_name`, `iso_code_2`, `iso_code_3`, `status`) VALUES (218, 'Tuvalu', 'TV', 'TUV', 0);
INSERT INTO countries (`country_id`, `country_name`, `iso_code_2`, `iso_code_3`, `status`) VALUES (219, 'Uganda', 'UG', 'UGA', 0);
INSERT INTO countries (`country_id`, `country_name`, `iso_code_2`, `iso_code_3`, `status`) VALUES (220, 'Ukraine', 'UA', 'UKR', 0);
INSERT INTO countries (`country_id`, `country_name`, `iso_code_2`, `iso_code_3`, `status`) VALUES (221, 'United Arab Emirates', 'AE', 'ARE', 0);
INSERT INTO countries (`country_id`, `country_name`, `iso_code_2`, `iso_code_3`, `status`) VALUES (222, 'United Kingdom', 'GB', 'GBR', 0);
INSERT INTO countries (`country_id`, `country_name`, `iso_code_2`, `iso_code_3`, `status`) VALUES (223, 'United States', 'US', 'USA', 0);
INSERT INTO countries (`country_id`, `country_name`, `iso_code_2`, `iso_code_3`, `status`) VALUES (224, 'United States Minor Outlying Islands', 'UM', 'UMI', 0);
INSERT INTO countries (`country_id`, `country_name`, `iso_code_2`, `iso_code_3`, `status`) VALUES (225, 'Uruguay', 'UY', 'URY', 0);
INSERT INTO countries (`country_id`, `country_name`, `iso_code_2`, `iso_code_3`, `status`) VALUES (226, 'Uzbekistan', 'UZ', 'UZB', 0);
INSERT INTO countries (`country_id`, `country_name`, `iso_code_2`, `iso_code_3`, `status`) VALUES (227, 'Vanuatu', 'VU', 'VUT', 0);
INSERT INTO countries (`country_id`, `country_name`, `iso_code_2`, `iso_code_3`, `status`) VALUES (228, 'Vatican City State (Holy See)', 'VA', 'VAT', 0);
INSERT INTO countries (`country_id`, `country_name`, `iso_code_2`, `iso_code_3`, `status`) VALUES (229, 'Venezuela', 'VE', 'VEN', 0);
INSERT INTO countries (`country_id`, `country_name`, `iso_code_2`, `iso_code_3`, `status`) VALUES (230, 'Viet Nam', 'VN', 'VNM', 0);
INSERT INTO countries (`country_id`, `country_name`, `iso_code_2`, `iso_code_3`, `status`) VALUES (231, 'Virgin Islands (British)', 'VG', 'VGB', 0);
INSERT INTO countries (`country_id`, `country_name`, `iso_code_2`, `iso_code_3`, `status`) VALUES (232, 'Virgin Islands (U.S.)', 'VI', 'VIR', 0);
INSERT INTO countries (`country_id`, `country_name`, `iso_code_2`, `iso_code_3`, `status`) VALUES (233, 'Wallis and Futuna Islands', 'WF', 'WLF', 0);
INSERT INTO countries (`country_id`, `country_name`, `iso_code_2`, `iso_code_3`, `status`) VALUES (234, 'Western Sahara', 'EH', 'ESH', 0);
INSERT INTO countries (`country_id`, `country_name`, `iso_code_2`, `iso_code_3`, `status`) VALUES (235, 'Yemen', 'YE', 'YEM', 0);
INSERT INTO countries (`country_id`, `country_name`, `iso_code_2`, `iso_code_3`, `status`) VALUES (236, 'Yugoslavia', 'YU', 'YUG', 0);
INSERT INTO countries (`country_id`, `country_name`, `iso_code_2`, `iso_code_3`, `status`) VALUES (237, 'Democratic Republic of Congo', 'CD', 'COD', 0);
INSERT INTO countries (`country_id`, `country_name`, `iso_code_2`, `iso_code_3`, `status`) VALUES (238, 'Zambia', 'ZM', 'ZMB', 0);
INSERT INTO countries (`country_id`, `country_name`, `iso_code_2`, `iso_code_3`, `status`) VALUES (239, 'Zimbabwe', 'ZW', 'ZWE', 0);


#
# TABLE STRUCTURE FOR: currencies
#

DROP TABLE IF EXISTS currencies;

CREATE TABLE `currencies` (
  `currency_id` int(5) NOT NULL AUTO_INCREMENT,
  `currency_title` varchar(32) CHARACTER SET utf8 NOT NULL,
  `currency_code` varchar(3) CHARACTER SET utf8 NOT NULL,
  `currency_symbol` varchar(12) CHARACTER SET utf8 NOT NULL,
  `currency_status` int(1) NOT NULL,
  PRIMARY KEY (`currency_id`)
) ENGINE=InnoDB AUTO_INCREMENT=12 DEFAULT CHARSET=latin1;

INSERT INTO currencies (`currency_id`, `currency_title`, `currency_code`, `currency_symbol`, `currency_status`) VALUES (7, 'Pounds', 'GBP', '£', 1);
INSERT INTO currencies (`currency_id`, `currency_title`, `currency_code`, `currency_symbol`, `currency_status`) VALUES (8, 'US Dollars', 'USD', '$', 1);
INSERT INTO currencies (`currency_id`, `currency_title`, `currency_code`, `currency_symbol`, `currency_status`) VALUES (9, 'Euro', 'EUR', '€', 1);
INSERT INTO currencies (`currency_id`, `currency_title`, `currency_code`, `currency_symbol`, `currency_status`) VALUES (10, 'Chinese yuan', 'CNY', '¥', 0);
INSERT INTO currencies (`currency_id`, `currency_title`, `currency_code`, `currency_symbol`, `currency_status`) VALUES (11, 'Naira', 'NGN', '₦', 0);


#
# TABLE STRUCTURE FOR: customers
#

DROP TABLE IF EXISTS customers;

CREATE TABLE `customers` (
  `customer_id` int(11) unsigned NOT NULL AUTO_INCREMENT,
  `first_name` varchar(32) CHARACTER SET utf8 NOT NULL,
  `last_name` varchar(32) CHARACTER SET utf8 NOT NULL,
  `email` varchar(96) CHARACTER SET utf8 NOT NULL,
  `password` varchar(40) CHARACTER SET utf8 NOT NULL,
  `salt` varchar(9) CHARACTER SET utf8 NOT NULL,
  `telephone` varchar(32) CHARACTER SET utf8 NOT NULL,
  `address_id` int(11) NOT NULL,
  `security_question_id` int(11) NOT NULL,
  `security_answer` varchar(32) CHARACTER SET utf8 NOT NULL,
  PRIMARY KEY (`customer_id`)
) ENGINE=MyISAM AUTO_INCREMENT=39 DEFAULT CHARSET=latin1;

INSERT INTO customers (`customer_id`, `first_name`, `last_name`, `email`, `password`, `salt`, `telephone`, `address_id`, `security_question_id`, `security_answer`) VALUES (15, 'Demo', 'Admin', 'demo@admin.com', '944ba223a5c1b5f4b495708e7cd5ee37', '', '902223', 9, 10, 'Daddy');
INSERT INTO customers (`customer_id`, `first_name`, `last_name`, `email`, `password`, `salt`, `telephone`, `address_id`, `security_question_id`, `security_answer`) VALUES (29, 'Temi Df', 'Demo2f', 'eesyboii@live.com', 'ea63694c7332aff2cd8a205d56f01e947844bacf', '81b95877d', '3332222', 0, 8, 'Mama');
INSERT INTO customers (`customer_id`, `first_name`, `last_name`, `email`, `password`, `salt`, `telephone`, `address_id`, `security_question_id`, `security_answer`) VALUES (22, 'Demo2', 'Demo2', 'samadepoyigi@gmail.com', '2415d7825e36b175d9820a1ee0b378af61684803', '3f20b6328', '33333333', 0, 8, 'Pety');
INSERT INTO customers (`customer_id`, `first_name`, `last_name`, `email`, `password`, `salt`, `telephone`, `address_id`, `security_question_id`, `security_answer`) VALUES (23, 'Sam', 'Sam', 'eesyboi@gmail.com', 'b3c632e14930ba3decef3dbc376fdd267c33365c', '807389c0b', '1234567', 0, 9, 'School');
INSERT INTO customers (`customer_id`, `first_name`, `last_name`, `email`, `password`, `salt`, `telephone`, `address_id`, `security_question_id`, `security_answer`) VALUES (31, 'Demo', 'Acct', 'demo@demo.com', '470eb52917ce9917c7c20299e6f5d31be9065331', 'cbd46ad67', '999999', 25, 10, 'Ball');
INSERT INTO customers (`customer_id`, `first_name`, `last_name`, `email`, `password`, `salt`, `telephone`, `address_id`, `security_question_id`, `security_answer`) VALUES (25, 'Tayo', 'Tayo', 'eesyboii@yahoo.com', '944ba223a5c1b5f4b495708e7cd5ee37', '', '8888888', 0, 8, 'Lalala');
INSERT INTO customers (`customer_id`, `first_name`, `last_name`, `email`, `password`, `salt`, `telephone`, `address_id`, `security_question_id`, `security_answer`) VALUES (35, 'Danny', 'Compell', 'eesyboi@yahoo.com', 'monday', '', '7282923', 0, 8, 'HHs');
INSERT INTO customers (`customer_id`, `first_name`, `last_name`, `email`, `password`, `salt`, `telephone`, `address_id`, `security_question_id`, `security_answer`) VALUES (38, 'Danny', 'Compell', 'danny@fmail.com', 'ad8167df4b75bd9f2e165ea9f6053195cf7652b5', '', '2030211', 0, 10, 'Haha');
INSERT INTO customers (`customer_id`, `first_name`, `last_name`, `email`, `password`, `salt`, `telephone`, `address_id`, `security_question_id`, `security_answer`) VALUES (37, 'Danny', 'Compell', 'danny@dmail.com', 'monday', '', '7282923', 0, 8, 'hdjd');


#
# TABLE STRUCTURE FOR: departments
#

DROP TABLE IF EXISTS departments;

CREATE TABLE `departments` (
  `department_id` int(11) NOT NULL AUTO_INCREMENT,
  `department_name` varchar(32) NOT NULL,
  `permission` text NOT NULL,
  PRIMARY KEY (`department_id`),
  KEY `department_id` (`department_id`)
) ENGINE=MyISAM AUTO_INCREMENT=4 DEFAULT CHARSET=latin1;

INSERT INTO departments (`department_id`, `department_name`, `permission`) VALUES (1, 'Top Level', 'a:2:{s:6:\"access\";a:20:{i:0;s:12:\"admin/backup\";i:1;s:16:\"admin/categories\";i:2;s:16:\"admin/currencies\";i:3;s:15:\"admin/customers\";i:4;s:17:\"admin/departments\";i:5;s:16:\"admin/error_logs\";i:6;s:15:\"admin/locations\";i:7;s:18:\"admin/menu_options\";i:8;s:11:\"admin/menus\";i:9;s:14:\"admin/messages\";i:10;s:12:\"admin/orders\";i:11;s:14:\"admin/payments\";i:12;s:20:\"admin/paypal_express\";i:13;s:18:\"admin/reservations\";i:14;s:13:\"admin/reviews\";i:15;s:24:\"admin/security_questions\";i:16;s:14:\"admin/settings\";i:17;s:12:\"admin/staffs\";i:18;s:14:\"admin/statuses\";i:19;s:12:\"admin/tables\";}s:6:\"modify\";a:20:{i:0;s:12:\"admin/backup\";i:1;s:16:\"admin/categories\";i:2;s:16:\"admin/currencies\";i:3;s:15:\"admin/customers\";i:4;s:17:\"admin/departments\";i:5;s:16:\"admin/error_logs\";i:6;s:15:\"admin/locations\";i:7;s:18:\"admin/menu_options\";i:8;s:11:\"admin/menus\";i:9;s:14:\"admin/messages\";i:10;s:12:\"admin/orders\";i:11;s:14:\"admin/payments\";i:12;s:20:\"admin/paypal_express\";i:13;s:18:\"admin/reservations\";i:14;s:13:\"admin/reviews\";i:15;s:24:\"admin/security_questions\";i:16;s:14:\"admin/settings\";i:17;s:12:\"admin/staffs\";i:18;s:14:\"admin/statuses\";i:19;s:12:\"admin/tables\";}}');
INSERT INTO departments (`department_id`, `department_name`, `permission`) VALUES (2, 'Middle', 'a:1:{i:0;s:5:\"EMPTY\";}');
INSERT INTO departments (`department_id`, `department_name`, `permission`) VALUES (3, 'Lower', '');


#
# TABLE STRUCTURE FOR: location_tables
#

DROP TABLE IF EXISTS location_tables;

CREATE TABLE `location_tables` (
  `location_id` int(11) NOT NULL,
  `table_id` int(11) NOT NULL,
  PRIMARY KEY (`location_id`,`table_id`)
) ENGINE=MyISAM DEFAULT CHARSET=utf8;

INSERT INTO location_tables (`location_id`, `table_id`) VALUES (115, 1);
INSERT INTO location_tables (`location_id`, `table_id`) VALUES (115, 2);
INSERT INTO location_tables (`location_id`, `table_id`) VALUES (115, 6);
INSERT INTO location_tables (`location_id`, `table_id`) VALUES (115, 7);
INSERT INTO location_tables (`location_id`, `table_id`) VALUES (115, 8);
INSERT INTO location_tables (`location_id`, `table_id`) VALUES (115, 9);
INSERT INTO location_tables (`location_id`, `table_id`) VALUES (115, 10);
INSERT INTO location_tables (`location_id`, `table_id`) VALUES (115, 11);
INSERT INTO location_tables (`location_id`, `table_id`) VALUES (115, 12);
INSERT INTO location_tables (`location_id`, `table_id`) VALUES (116, 2);
INSERT INTO location_tables (`location_id`, `table_id`) VALUES (116, 7);
INSERT INTO location_tables (`location_id`, `table_id`) VALUES (116, 9);
INSERT INTO location_tables (`location_id`, `table_id`) VALUES (116, 10);


#
# TABLE STRUCTURE FOR: locations
#

DROP TABLE IF EXISTS locations;

CREATE TABLE `locations` (
  `location_id` int(11) NOT NULL AUTO_INCREMENT,
  `location_name` varchar(32) CHARACTER SET utf8 NOT NULL,
  `location_email` varchar(96) NOT NULL,
  `location_address_1` varchar(128) CHARACTER SET utf8 NOT NULL,
  `location_address_2` varchar(128) CHARACTER SET utf8 NOT NULL,
  `location_city` varchar(128) CHARACTER SET utf8 NOT NULL,
  `location_postcode` varchar(10) CHARACTER SET utf8 NOT NULL,
  `location_country_id` int(11) NOT NULL,
  `location_telephone` varchar(32) CHARACTER SET utf8 NOT NULL,
  `location_lat` float(10,6) NOT NULL,
  `location_lng` float(10,6) NOT NULL,
  `location_radius` int(11) NOT NULL,
  `offer_delivery` tinyint(4) NOT NULL,
  `ready_time` int(11) NOT NULL,
  `delivery_charge` decimal(15,2) NOT NULL,
  `min_delivery_charge` decimal(15,2) NOT NULL,
  `location_status` tinyint(1) NOT NULL,
  PRIMARY KEY (`location_id`)
) ENGINE=InnoDB AUTO_INCREMENT=142 DEFAULT CHARSET=latin1;

INSERT INTO locations (`location_id`, `location_name`, `location_email`, `location_address_1`, `location_address_2`, `location_city`, `location_postcode`, `location_country_id`, `location_telephone`, `location_lat`, `location_lng`, `location_radius`, `offer_delivery`, `ready_time`, `delivery_charge`, `min_delivery_charge`, `location_status`) VALUES (115, 'Harrow', 'harrow@tastyigniter.com', '14 Lime Close', '', 'Greater London', 'HA3 7JD', 222, '02088279101', '51.600262', '-0.325915', 25, 0, 45, '0.00', '0.00', 1);
INSERT INTO locations (`location_id`, `location_name`, `location_email`, `location_address_1`, `location_address_2`, `location_city`, `location_postcode`, `location_country_id`, `location_telephone`, `location_lat`, `location_lng`, `location_radius`, `offer_delivery`, `ready_time`, `delivery_charge`, `min_delivery_charge`, `location_status`) VALUES (116, 'Earling', 'ealing@tastyIgniter.com', '8 Brookfield Avenue', '', 'Greater London', 'W5 1LA', 222, '02088279102', '51.526852', '-0.301442', 25, 0, 0, '0.00', '0.00', 1);
INSERT INTO locations (`location_id`, `location_name`, `location_email`, `location_address_1`, `location_address_2`, `location_city`, `location_postcode`, `location_country_id`, `location_telephone`, `location_lat`, `location_lng`, `location_radius`, `offer_delivery`, `ready_time`, `delivery_charge`, `min_delivery_charge`, `location_status`) VALUES (117, 'Hackney', 'hackney@tastyigniter.com', '44 Darnley Road', '', 'Greater London', 'E9 6QH', 222, '02088279103', '51.544060', '-0.053999', 25, 0, 0, '0.00', '0.00', 1);
INSERT INTO locations (`location_id`, `location_name`, `location_email`, `location_address_1`, `location_address_2`, `location_city`, `location_postcode`, `location_country_id`, `location_telephone`, `location_lat`, `location_lng`, `location_radius`, `offer_delivery`, `ready_time`, `delivery_charge`, `min_delivery_charge`, `location_status`) VALUES (119, 'Lambert', '', '30-34 Old Paradise Street', '', 'Greater London', 'SE11 6AX', 222, '02088279105', '51.493713', '-0.117626', 25, 0, 0, '0.00', '0.00', 1);
INSERT INTO locations (`location_id`, `location_name`, `location_email`, `location_address_1`, `location_address_2`, `location_city`, `location_postcode`, `location_country_id`, `location_telephone`, `location_lat`, `location_lng`, `location_radius`, `offer_delivery`, `ready_time`, `delivery_charge`, `min_delivery_charge`, `location_status`) VALUES (120, 'Camden', '', '22 Kingsford Street', '', 'Greater London', 'NW5 4JT', 222, '02088279106', '51.551853', '-0.158162', 25, 0, 0, '0.00', '0.00', 1);
INSERT INTO locations (`location_id`, `location_name`, `location_email`, `location_address_1`, `location_address_2`, `location_city`, `location_postcode`, `location_country_id`, `location_telephone`, `location_lat`, `location_lng`, `location_radius`, `offer_delivery`, `ready_time`, `delivery_charge`, `min_delivery_charge`, `location_status`) VALUES (121, 'Greenwich', '', '50 Vanbrugh Hill', '', 'Greater London', 'SE10 9HF', 222, '02088279107', '51.483055', '-0.003908', 25, 0, 0, '0.00', '0.00', 1);
INSERT INTO locations (`location_id`, `location_name`, `location_email`, `location_address_1`, `location_address_2`, `location_city`, `location_postcode`, `location_country_id`, `location_telephone`, `location_lat`, `location_lng`, `location_radius`, `offer_delivery`, `ready_time`, `delivery_charge`, `min_delivery_charge`, `location_status`) VALUES (122, 'Lewisham', '', '35 Lewisham High Street', '', 'Greater London', 'SE13 7HS', 222, '02088279108', '51.461731', '-0.011749', 25, 0, 0, '0.00', '0.00', 1);
INSERT INTO locations (`location_id`, `location_name`, `location_email`, `location_address_1`, `location_address_2`, `location_city`, `location_postcode`, `location_country_id`, `location_telephone`, `location_lat`, `location_lng`, `location_radius`, `offer_delivery`, `ready_time`, `delivery_charge`, `min_delivery_charge`, `location_status`) VALUES (123, 'Bromley', '', 'Harmony Way', '', 'Greater London', 'BR1 7HN', 222, '02088279109', '51.406155', '0.013073', 25, 0, 0, '0.00', '0.00', 1);
INSERT INTO locations (`location_id`, `location_name`, `location_email`, `location_address_1`, `location_address_2`, `location_city`, `location_postcode`, `location_country_id`, `location_telephone`, `location_lat`, `location_lng`, `location_radius`, `offer_delivery`, `ready_time`, `delivery_charge`, `min_delivery_charge`, `location_status`) VALUES (124, 'Croydon', '', '26 Wellesley Road', '', 'Greater London', 'CR0 9XY', 222, '02088279110', '51.376038', '-0.097698', 25, 0, 0, '0.00', '0.00', 1);
INSERT INTO locations (`location_id`, `location_name`, `location_email`, `location_address_1`, `location_address_2`, `location_city`, `location_postcode`, `location_country_id`, `location_telephone`, `location_lat`, `location_lng`, `location_radius`, `offer_delivery`, `ready_time`, `delivery_charge`, `min_delivery_charge`, `location_status`) VALUES (130, 'Westminster', '', '2 Caxton Street', '', 'Greater London', 'SW1H 0QW', 222, '02088279101', '51.498798', '-0.134334', 25, 0, 0, '0.00', '0.00', 1);
INSERT INTO locations (`location_id`, `location_name`, `location_email`, `location_address_1`, `location_address_2`, `location_city`, `location_postcode`, `location_country_id`, `location_telephone`, `location_lat`, `location_lng`, `location_radius`, `offer_delivery`, `ready_time`, `delivery_charge`, `min_delivery_charge`, `location_status`) VALUES (131, 'Canary Wharf', '', '8 Firmount Avenue', '', 'Greater London', 'E14 9HH', 222, '02088279101', '51.506569', '-0.004563', 25, 0, 0, '0.00', '0.00', 1);
INSERT INTO locations (`location_id`, `location_name`, `location_email`, `location_address_1`, `location_address_2`, `location_city`, `location_postcode`, `location_country_id`, `location_telephone`, `location_lat`, `location_lng`, `location_radius`, `offer_delivery`, `ready_time`, `delivery_charge`, `min_delivery_charge`, `location_status`) VALUES (135, 'Excel', 'excel@tastyigniter.com', '1 Western Gateway', 'Royal Victoria Dock', 'Greater London', 'E16 1XL', 222, '02088279114', '51.508492', '0.025040', 25, 0, 0, '0.00', '0.00', 1);
INSERT INTO locations (`location_id`, `location_name`, `location_email`, `location_address_1`, `location_address_2`, `location_city`, `location_postcode`, `location_country_id`, `location_telephone`, `location_lat`, `location_lng`, `location_radius`, `offer_delivery`, `ready_time`, `delivery_charge`, `min_delivery_charge`, `location_status`) VALUES (136, 'Manchester', '', 'Sir Matt Busby Way', 'Old Trafford', 'Greater Manchester', 'M16 0RA', 222, '2030211', '53.462559', '-2.291032', 25, 0, 0, '0.00', '0.00', 1);
INSERT INTO locations (`location_id`, `location_name`, `location_email`, `location_address_1`, `location_address_2`, `location_city`, `location_postcode`, `location_country_id`, `location_telephone`, `location_lat`, `location_lng`, `location_radius`, `offer_delivery`, `ready_time`, `delivery_charge`, `min_delivery_charge`, `location_status`) VALUES (141, 'Chaucer Place', '', '40 Princess Street', '', 'London', 'SE16JS', 222, '0230302023', '51.495560', '-0.102558', 30, 0, 0, '0.00', '0.00', 1);


#
# TABLE STRUCTURE FOR: menu_options
#

DROP TABLE IF EXISTS menu_options;

CREATE TABLE `menu_options` (
  `option_id` int(11) NOT NULL AUTO_INCREMENT,
  `option_name` varchar(32) NOT NULL,
  `option_price` decimal(15,2) NOT NULL,
  PRIMARY KEY (`option_id`)
) ENGINE=InnoDB AUTO_INCREMENT=12 DEFAULT CHARSET=latin1;

INSERT INTO menu_options (`option_id`, `option_name`, `option_price`) VALUES (1, 'Chicken', '14.00');
INSERT INTO menu_options (`option_id`, `option_name`, `option_price`) VALUES (2, 'Fish', '20.00');
INSERT INTO menu_options (`option_id`, `option_name`, `option_price`) VALUES (3, 'Meat', '3.00');
INSERT INTO menu_options (`option_id`, `option_name`, `option_price`) VALUES (4, 'Beef', '9.00');
INSERT INTO menu_options (`option_id`, `option_name`, `option_price`) VALUES (11, 'Turkey', '4.00');


#
# TABLE STRUCTURE FOR: menus
#

DROP TABLE IF EXISTS menus;

CREATE TABLE `menus` (
  `menu_id` int(11) NOT NULL AUTO_INCREMENT,
  `menu_name` varchar(255) CHARACTER SET utf8 NOT NULL,
  `menu_description` text CHARACTER SET utf8 NOT NULL,
  `menu_price` decimal(15,2) NOT NULL,
  `menu_photo` varchar(255) CHARACTER SET utf8 NOT NULL,
  `menu_category_id` int(11) NOT NULL,
  `stock_qty` int(11) NOT NULL,
  `status` tinyint(1) NOT NULL,
  PRIMARY KEY (`menu_id`)
) ENGINE=InnoDB AUTO_INCREMENT=70 DEFAULT CHARSET=latin1;

INSERT INTO menus (`menu_id`, `menu_name`, `menu_description`, `menu_price`, `menu_photo`, `menu_category_id`, `stock_qty`, `status`) VALUES (25, 'BUNS', '(Halibut fish, Salt, Pepper, Olive Oil, Flour, Butter, Garlic, Onion, Powder)', '100.00', 'buns.jpg', 15, 886, 0);
INSERT INTO menus (`menu_id`, `menu_name`, `menu_description`, `menu_price`, `menu_photo`, `menu_category_id`, `stock_qty`, `status`) VALUES (26, 'STEAMED RICE', '', '70.00', 'steamed_rice.jpg', 16, 871, 0);
INSERT INTO menus (`menu_id`, `menu_name`, `menu_description`, `menu_price`, `menu_photo`, `menu_category_id`, `stock_qty`, `status`) VALUES (31, 'CHIN-CHIN', '', '200.00', 'chin-chin.jpg', 15, 980, 0);
INSERT INTO menus (`menu_id`, `menu_name`, `menu_description`, `menu_price`, `menu_photo`, `menu_category_id`, `stock_qty`, `status`) VALUES (32, 'SCOTCH EGG', '', '200.00', 'scotch_egg1.jpg', 15, 968, 0);
INSERT INTO menus (`menu_id`, `menu_name`, `menu_description`, `menu_price`, `menu_photo`, `menu_category_id`, `stock_qty`, `status`) VALUES (33, 'JOLLOF RICE', '', '70.00', 'jollof_rice.jpg', 16, 102, 0);
INSERT INTO menus (`menu_id`, `menu_name`, `menu_description`, `menu_price`, `menu_photo`, `menu_category_id`, `stock_qty`, `status`) VALUES (34, 'PUFF-PUFF', '', '22.00', 'puff_puff.jpg', 15, 82, 0);
INSERT INTO menus (`menu_id`, `menu_name`, `menu_description`, `menu_price`, `menu_photo`, `menu_category_id`, `stock_qty`, `status`) VALUES (38, 'VEGETABLE FRIED RICE', '', '9.99', 'vegetable-fried-rice.jpg', 16, 107, 0);
INSERT INTO menus (`menu_id`, `menu_name`, `menu_description`, `menu_price`, `menu_photo`, `menu_category_id`, `stock_qty`, `status`) VALUES (39, 'Boli and Epa', '', '5.00', 'boliandepa.jpg', 15, 1000, 0);
INSERT INTO menus (`menu_id`, `menu_name`, `menu_description`, `menu_price`, `menu_photo`, `menu_category_id`, `stock_qty`, `status`) VALUES (40, 'Akara', '', '3.00', 'akara.jpg', 15, 100, 0);
INSERT INTO menus (`menu_id`, `menu_name`, `menu_description`, `menu_price`, `menu_photo`, `menu_category_id`, `stock_qty`, `status`) VALUES (41, 'Rice and Beans', '', '12.00', 'rice_and_beans.jpg', 16, 0, 0);
INSERT INTO menus (`menu_id`, `menu_name`, `menu_description`, `menu_price`, `menu_photo`, `menu_category_id`, `stock_qty`, `status`) VALUES (45, 'Rice and Dodo', '', '9.00', 'rice_and_dodo.jpg', 16, 0, 0);
INSERT INTO menus (`menu_id`, `menu_name`, `menu_description`, `menu_price`, `menu_photo`, `menu_category_id`, `stock_qty`, `status`) VALUES (46, 'Pounded Yam', '', '12.00', 'pounded_yam.jpg', 16, 0, 0);
INSERT INTO menus (`menu_id`, `menu_name`, `menu_description`, `menu_price`, `menu_photo`, `menu_category_id`, `stock_qty`, `status`) VALUES (47, 'Coconut Rice', '', '9.00', 'coconut_rice.jpg', 16, 0, 0);
INSERT INTO menus (`menu_id`, `menu_name`, `menu_description`, `menu_price`, `menu_photo`, `menu_category_id`, `stock_qty`, `status`) VALUES (48, 'Eba', '', '12.00', 'eba-and-soup.jpg', 16, 0, 0);
INSERT INTO menus (`menu_id`, `menu_name`, `menu_description`, `menu_price`, `menu_photo`, `menu_category_id`, `stock_qty`, `status`) VALUES (49, 'Yam Porridge', '', '9.99', 'yam_porridge.jpg', 16, 0, 0);
INSERT INTO menus (`menu_id`, `menu_name`, `menu_description`, `menu_price`, `menu_photo`, `menu_category_id`, `stock_qty`, `status`) VALUES (50, 'African Salad', '', '3.00', '0', 17, 0, 0);
INSERT INTO menus (`menu_id`, `menu_name`, `menu_description`, `menu_price`, `menu_photo`, `menu_category_id`, `stock_qty`, `status`) VALUES (52, 'Spinach Salad', '', '3.00', 'Spinach_Salad.jpg', 17, 94, 0);
INSERT INTO menus (`menu_id`, `menu_name`, `menu_description`, `menu_price`, `menu_photo`, `menu_category_id`, `stock_qty`, `status`) VALUES (53, 'Seafood Salad', '', '3.00', 'seafoods_salad.JPG', 17, 0, 0);
INSERT INTO menus (`menu_id`, `menu_name`, `menu_description`, `menu_price`, `menu_photo`, `menu_category_id`, `stock_qty`, `status`) VALUES (54, 'Cheese Cake', '', '3.00', 'cheeasecake.jpg', 22, 70, 0);
INSERT INTO menus (`menu_id`, `menu_name`, `menu_description`, `menu_price`, `menu_photo`, `menu_category_id`, `stock_qty`, `status`) VALUES (55, 'MEAT PIE', '', '3.99', 'meat_pie.jpg', 15, 0, 0);
INSERT INTO menus (`menu_id`, `menu_name`, `menu_description`, `menu_price`, `menu_photo`, `menu_category_id`, `stock_qty`, `status`) VALUES (56, 'SUYA (PEPPER STEAK MEAT)', '', '3.99', 'suya.jpg', 15, 1000, 0);
INSERT INTO menus (`menu_id`, `menu_name`, `menu_description`, `menu_price`, `menu_photo`, `menu_category_id`, `stock_qty`, `status`) VALUES (57, 'BEANS AND CORN', '', '9.99', 'bean-and-corn-salad.jpg', 16, 1000, 0);
INSERT INTO menus (`menu_id`, `menu_name`, `menu_description`, `menu_price`, `menu_photo`, `menu_category_id`, `stock_qty`, `status`) VALUES (58, 'GRILLED CHICKEN SPINACH SALAD', '', '4.99', 'Seared_Ahi_Spinach_Salad.jpg', 17, 9, 0);
INSERT INTO menus (`menu_id`, `menu_name`, `menu_description`, `menu_price`, `menu_photo`, `menu_category_id`, `stock_qty`, `status`) VALUES (59, 'SPECIAL SHRIMP DELUXE', '', '9.99', 'deluxe_bbq_shrimp-1.jpg', 18, 0, 0);
INSERT INTO menus (`menu_id`, `menu_name`, `menu_description`, `menu_price`, `menu_photo`, `menu_category_id`, `stock_qty`, `status`) VALUES (60, 'SAUTEED CATFISH FILLET WITH RICE AND VEGETABLES', '(Regular naija beans, Salt, Black Pepper, Fresh Tomatoes, Onion, Red Bell Pepper, Maggi, Palm Oil, Beef)', '20.00', 'MS-pan_seared_Mississippi_catfish_on_a_bed_of_river_rice.jpg', 18, 99, 0);
INSERT INTO menus (`menu_id`, `menu_name`, `menu_description`, `menu_price`, `menu_photo`, `menu_category_id`, `stock_qty`, `status`) VALUES (61, 'FRIED TILAPIA FILLET WITH RICE AND VEGETABLES', '', '20.00', 'DSC_0149-2.jpg', 18, 100, 0);
INSERT INTO menus (`menu_id`, `menu_name`, `menu_description`, `menu_price`, `menu_photo`, `menu_category_id`, `stock_qty`, `status`) VALUES (62, 'POUNDED YAM', '', '20.00', 'pounded_yam.jpg', 19, -2, 0);
INSERT INTO menus (`menu_id`, `menu_name`, `menu_description`, `menu_price`, `menu_photo`, `menu_category_id`, `stock_qty`, `status`) VALUES (64, 'WHOLE CATFISH', '', '220.00', 'FriedWholeCatfishPlate_lg.jpg', 18, 0, 0);
INSERT INTO menus (`menu_id`, `menu_name`, `menu_description`, `menu_price`, `menu_photo`, `menu_category_id`, `stock_qty`, `status`) VALUES (65, 'WHOLE TILAPIA', '', '120.00', 'grilledtilapiatomatoescilantro1.jpg', 18, 0, 0);
INSERT INTO menus (`menu_id`, `menu_name`, `menu_description`, `menu_price`, `menu_photo`, `menu_category_id`, `stock_qty`, `status`) VALUES (66, 'AMALA(YAM FLOUR)', '', '220.00', 'DSCF3711.JPG', 19, 0, 0);
INSERT INTO menus (`menu_id`, `menu_name`, `menu_description`, `menu_price`, `menu_photo`, `menu_category_id`, `stock_qty`, `status`) VALUES (67, 'EBA (GRATED CASSAVA)', '', '90.00', 'Eba-(1).jpg', 19, 0, 0);
INSERT INTO menus (`menu_id`, `menu_name`, `menu_description`, `menu_price`, `menu_photo`, `menu_category_id`, `stock_qty`, `status`) VALUES (68, 'VEGETABLE WITH MIXED VEGETABLES w/coconut rice', '', '122.00', 'short_ribs.JPG', 20, 0, 0);
INSERT INTO menus (`menu_id`, `menu_name`, `menu_description`, `menu_price`, `menu_photo`, `menu_category_id`, `stock_qty`, `status`) VALUES (69, 'BOILED Plantain w/spinach soup', '', '122.00', 'grilledtilapiatomatoescilantro1.jpg', 20, 0, 0);


#
# TABLE STRUCTURE FOR: menus_specials
#

DROP TABLE IF EXISTS menus_specials;

CREATE TABLE `menus_specials` (
  `special_id` int(11) NOT NULL AUTO_INCREMENT,
  `menu_id` int(11) NOT NULL DEFAULT '0',
  `start_date` date NOT NULL,
  `end_date` date NOT NULL,
  `special_price` decimal(15,2) NOT NULL,
  PRIMARY KEY (`special_id`,`menu_id`),
  UNIQUE KEY `menu_id` (`menu_id`)
) ENGINE=MyISAM AUTO_INCREMENT=14 DEFAULT CHARSET=utf8;

INSERT INTO menus_specials (`special_id`, `menu_id`, `start_date`, `end_date`, `special_price`) VALUES (6, 68, '2013-11-11', '2013-11-18', '0.00');
INSERT INTO menus_specials (`special_id`, `menu_id`, `start_date`, `end_date`, `special_price`) VALUES (11, 60, '2013-11-03', '2014-02-13', '30.00');
INSERT INTO menus_specials (`special_id`, `menu_id`, `start_date`, `end_date`, `special_price`) VALUES (10, 61, '2013-11-01', '2014-03-07', '30.00');
INSERT INTO menus_specials (`special_id`, `menu_id`, `start_date`, `end_date`, `special_price`) VALUES (12, 58, '2013-11-10', '2014-01-10', '50.00');
INSERT INTO menus_specials (`special_id`, `menu_id`, `start_date`, `end_date`, `special_price`) VALUES (9, 26, '2013-12-14', '2013-12-20', '14.00');
INSERT INTO menus_specials (`special_id`, `menu_id`, `start_date`, `end_date`, `special_price`) VALUES (13, 33, '2013-12-17', '2013-12-28', '700.00');


#
# TABLE STRUCTURE FOR: menus_to_options
#

DROP TABLE IF EXISTS menus_to_options;

CREATE TABLE `menus_to_options` (
  `menu_id` int(11) NOT NULL,
  `option_id` int(11) NOT NULL,
  PRIMARY KEY (`menu_id`,`option_id`)
) ENGINE=MyISAM DEFAULT CHARSET=utf8;

INSERT INTO menus_to_options (`menu_id`, `option_id`) VALUES (26, 1);
INSERT INTO menus_to_options (`menu_id`, `option_id`) VALUES (26, 3);
INSERT INTO menus_to_options (`menu_id`, `option_id`) VALUES (33, 11);
INSERT INTO menus_to_options (`menu_id`, `option_id`) VALUES (38, 1);
INSERT INTO menus_to_options (`menu_id`, `option_id`) VALUES (38, 8);
INSERT INTO menus_to_options (`menu_id`, `option_id`) VALUES (41, 2);
INSERT INTO menus_to_options (`menu_id`, `option_id`) VALUES (41, 6);
INSERT INTO menus_to_options (`menu_id`, `option_id`) VALUES (41, 9);
INSERT INTO menus_to_options (`menu_id`, `option_id`) VALUES (41, 10);
INSERT INTO menus_to_options (`menu_id`, `option_id`) VALUES (46, 1);
INSERT INTO menus_to_options (`menu_id`, `option_id`) VALUES (46, 2);
INSERT INTO menus_to_options (`menu_id`, `option_id`) VALUES (46, 3);
INSERT INTO menus_to_options (`menu_id`, `option_id`) VALUES (46, 11);
INSERT INTO menus_to_options (`menu_id`, `option_id`) VALUES (48, 1);
INSERT INTO menus_to_options (`menu_id`, `option_id`) VALUES (48, 5);
INSERT INTO menus_to_options (`menu_id`, `option_id`) VALUES (48, 7);
INSERT INTO menus_to_options (`menu_id`, `option_id`) VALUES (55, 4);
INSERT INTO menus_to_options (`menu_id`, `option_id`) VALUES (67, 1);
INSERT INTO menus_to_options (`menu_id`, `option_id`) VALUES (67, 2);
INSERT INTO menus_to_options (`menu_id`, `option_id`) VALUES (67, 12);
INSERT INTO menus_to_options (`menu_id`, `option_id`) VALUES (67, 13);
INSERT INTO menus_to_options (`menu_id`, `option_id`) VALUES (70, 0);
INSERT INTO menus_to_options (`menu_id`, `option_id`) VALUES (72, 2);
INSERT INTO menus_to_options (`menu_id`, `option_id`) VALUES (72, 3);
INSERT INTO menus_to_options (`menu_id`, `option_id`) VALUES (72, 4);
INSERT INTO menus_to_options (`menu_id`, `option_id`) VALUES (74, 2);
INSERT INTO menus_to_options (`menu_id`, `option_id`) VALUES (74, 3);
INSERT INTO menus_to_options (`menu_id`, `option_id`) VALUES (75, 1);
INSERT INTO menus_to_options (`menu_id`, `option_id`) VALUES (76, 0);
INSERT INTO menus_to_options (`menu_id`, `option_id`) VALUES (76, 1);
INSERT INTO menus_to_options (`menu_id`, `option_id`) VALUES (76, 2);
INSERT INTO menus_to_options (`menu_id`, `option_id`) VALUES (77, 1);
INSERT INTO menus_to_options (`menu_id`, `option_id`) VALUES (77, 2);
INSERT INTO menus_to_options (`menu_id`, `option_id`) VALUES (77, 3);
INSERT INTO menus_to_options (`menu_id`, `option_id`) VALUES (77, 4);


#
# TABLE STRUCTURE FOR: messages
#

DROP TABLE IF EXISTS messages;

CREATE TABLE `messages` (
  `message_id` int(15) NOT NULL AUTO_INCREMENT,
  `sender` int(11) NOT NULL,
  `to` int(11) NOT NULL,
  `date` date NOT NULL,
  `time` time NOT NULL,
  `type` varchar(32) NOT NULL,
  `subject` text CHARACTER SET utf8 NOT NULL,
  `body` text CHARACTER SET utf8 NOT NULL,
  `status` tinyint(4) NOT NULL,
  PRIMARY KEY (`message_id`)
) ENGINE=MyISAM AUTO_INCREMENT=52 DEFAULT CHARSET=latin1;

INSERT INTO messages (`message_id`, `sender`, `to`, `date`, `time`, `type`, `subject`, `body`, `status`) VALUES (43, 4, 4, '2013-12-20', '03:20:00', 'alert', 'Reservation Assigned: 2418', 'Reservation <a href=\"http://ptbs-macbook-pro.local/TastyIgniter/index.php/admin/reservations/edit/2418\">2418</a> has been assigned to you for Reserved', 0);
INSERT INTO messages (`message_id`, `sender`, `to`, `date`, `time`, `type`, `subject`, `body`, `status`) VALUES (42, 4, 4, '2013-12-20', '03:14:00', 'alert', 'Reservation Assigned: 2416', 'Reservation <a href=\"http://ptbs-macbook-pro.local/TastyIgniter/index.php/admin/reservations/edit/2416\">2416</a> has been assigned to you for Reserved', 0);
INSERT INTO messages (`message_id`, `sender`, `to`, `date`, `time`, `type`, `subject`, `body`, `status`) VALUES (41, 4, 6, '2013-12-20', '03:13:00', 'alert', 'Reservation Assigned: 2416', 'Reservation <a href=\"http://ptbs-macbook-pro.local/TastyIgniter/index.php/admin/reservations/edit/2416\">2416</a> has been assigned to you for Reserved', 0);
INSERT INTO messages (`message_id`, `sender`, `to`, `date`, `time`, `type`, `subject`, `body`, `status`) VALUES (40, 4, 4, '2013-12-20', '05:44:00', 'alert', 'Order Assigned: 2548', 'Order <a href=\"http://ptbs-macbook-pro.local/TastyIgniter/index.php/admin/orders/edit/2548\">2548</a> has been assigned to you for Received', 0);
INSERT INTO messages (`message_id`, `sender`, `to`, `date`, `time`, `type`, `subject`, `body`, `status`) VALUES (39, 4, 4, '2013-12-12', '12:43:00', 'alert', 'Order Assigned: 2549', 'Order <a href=\"http://ptbs-macbook-pro.local/TastyIgniter/index.php/admin/orders/edit/2549\">2549</a> has been assigned to you for Preparation', 0);
INSERT INTO messages (`message_id`, `sender`, `to`, `date`, `time`, `type`, `subject`, `body`, `status`) VALUES (38, 4, 6, '2013-12-12', '12:17:00', 'alert', 'Order Assigned: 2547', 'Order <a href=\"http://ptbs-macbook-pro.local/TastyIgniter/index.php/admin/orders/edit/2547\">2547</a> has been assigned to you for Preparation', 0);
INSERT INTO messages (`message_id`, `sender`, `to`, `date`, `time`, `type`, `subject`, `body`, `status`) VALUES (37, 4, 6, '2013-12-12', '12:17:00', 'alert', 'Order Assigned: 2545', 'Order <a href=\"http://ptbs-macbook-pro.local/TastyIgniter/index.php/admin/orders/edit/2545\">2545</a> has been assigned to you for Pending', 0);
INSERT INTO messages (`message_id`, `sender`, `to`, `date`, `time`, `type`, `subject`, `body`, `status`) VALUES (31, 4, 0, '2013-11-21', '10:35:00', 'customers', 'Setting preferences in a config file', '<p>The <var>$config</var> array contains your configuration variables. It is passed to the $this-&gt;pagination-&gt;initialize function as shown above. Although there are some twenty items you can configure, at minimum you need the three shown. Here is a description of what those items represent:</p>\n\n<ul>\n <li><strong>base_url</strong> This is the full URL to the controller class/function containing your pagination. In the example above, it is pointing to a controller called &quot;Test&quot; and a function called &quot;page&quot;. Keep in mind that you can <a href=\"http://ptbs-macbook-pro.local/TastyIgniter/user_guide/general/routing.html\">re-route your URI</a> if you need a different structure.</li>\n <li><strong>total_rows</strong> This number represents the total rows in the result set you are creating pagination for. Typically this number will be the total rows that your database query returned.</li>\n <li><strong>per_page</strong> The number of items you intend to show per page. In the above example, you would be showing 20 items per page.</li>\n</ul>\n', 0);
INSERT INTO messages (`message_id`, `sender`, `to`, `date`, `time`, `type`, `subject`, `body`, `status`) VALUES (32, 4, 6, '2013-11-30', '05:17:00', 'alert', 'Order Assigned: 2533', 'Order <a href=\"http://ptbs-macbook-pro.local/TastyIgniter/index.php/admin/orders/edit/2533\">2533</a> has been assigned to you for Received', 0);
INSERT INTO messages (`message_id`, `sender`, `to`, `date`, `time`, `type`, `subject`, `body`, `status`) VALUES (33, 4, 4, '2013-12-07', '04:13:00', 'alert', 'Order Assigned: 2536', 'Order <a href=\"http://ptbs-macbook-pro.local/TastyIgniter/index.php/admin/orders/edit/2536\">2536</a> has been assigned to you for Preparation', 0);
INSERT INTO messages (`message_id`, `sender`, `to`, `date`, `time`, `type`, `subject`, `body`, `status`) VALUES (34, 4, 6, '2013-12-08', '02:49:00', 'alert', 'Order Assigned: 2545', 'Order <a href=\"http://ptbs-macbook-pro.local/TastyIgniter/index.php/admin/orders/edit/2545\">2545</a> has been assigned to you for Pending', 0);
INSERT INTO messages (`message_id`, `sender`, `to`, `date`, `time`, `type`, `subject`, `body`, `status`) VALUES (35, 4, 6, '2013-12-10', '05:24:00', 'alert', 'Order Assigned: 2547', 'Order <a href=\"http://ptbs-macbook-pro.local/TastyIgniter/index.php/admin/orders/edit/2547\">2547</a> has been assigned to you for Preparation', 0);
INSERT INTO messages (`message_id`, `sender`, `to`, `date`, `time`, `type`, `subject`, `body`, `status`) VALUES (36, 4, 4, '2013-12-10', '05:24:00', 'alert', 'Order Assigned: 2548', 'Order <a href=\"http://ptbs-macbook-pro.local/TastyIgniter/index.php/admin/orders/edit/2548\">2548</a> has been assigned to you for Received', 0);
INSERT INTO messages (`message_id`, `sender`, `to`, `date`, `time`, `type`, `subject`, `body`, `status`) VALUES (44, 4, 4, '2013-12-20', '07:36:00', 'alert', 'Reservation Assigned: 2420', 'Reservation <a href=\"http://ptbs-macbook-pro.local/TastyIgniter/index.php/admin/reservations/edit/2420\">2420</a> has been assigned to you for Reserved', 0);
INSERT INTO messages (`message_id`, `sender`, `to`, `date`, `time`, `type`, `subject`, `body`, `status`) VALUES (47, 4, 10, '2013-12-20', '10:16:00', 'alert', 'Reservation Assigned: 2423', 'Reservation <a href=\"http://ptbs-macbook-pro.local/TastyIgniter/index.php/admin/reservations/edit/2423\">2423</a> has been assigned to you for Reserved', 0);
INSERT INTO messages (`message_id`, `sender`, `to`, `date`, `time`, `type`, `subject`, `body`, `status`) VALUES (46, 4, 0, '2013-12-20', '07:39:00', 'customers', 'Nullam cursus est id nisl dapibus faucibus', '<p>Lorem ipsum dolor sit amet, consectetur adipiscing elit. Sed in pretium tellus. Quisque lacus sem, imperdiet ac sagittis vitae, posuere ut sem. Morbi aliquam varius dui, eu ultricies purus adipiscing non. Sed tristique arcu a velit auctor semper sed quis neque. Vivamus faucibus laoreet elit, vitae interdum quam suscipit sed. Phasellus eget ipsum et turpis facilisis lobortis. Phasellus quis eros ac tellus commodo aliquet. Nulla aliquet et enim quis ullamcorper. Quisque malesuada feugiat neque a pellentesque.</p>\n\n<p>Nullam cursus est id nisl dapibus faucibus. Pellentesque tempus nisi vel justo porttitor imperdiet. Vivamus molestie, eros id auctor fermentum, erat quam malesuada arcu, sed dictum urna lacus at justo. Ut id blandit massa. In condimentum metus id ligula mollis, quis tempus neque ultricies. Proin at enim orci. Cum sociis natoque penatibus et magnis dis parturient montes, nascetur ridiculus mus. Donec augue est, rutrum id tincidunt vitae, hendrerit ut odio. Nullam eu diam eget leo sodales mollis vel sit amet lectus. Sed accumsan, sem eu lacinia bibendum, eros dui tincidunt arcu, id luctus augue arcu viverra nunc. Integer quis lorem arcu. Sed commodo justo vel eros faucibus aliquet. Maecenas dapibus facilisis massa ut ullamcorper. Etiam dictum nisl erat, id scelerisque neque aliquam eu. Duis sit amet consequat diam.</p>\n', 0);
INSERT INTO messages (`message_id`, `sender`, `to`, `date`, `time`, `type`, `subject`, `body`, `status`) VALUES (48, 4, 4, '2013-12-22', '04:47:00', 'alert', 'Reservation Assigned: 2417', 'Reservation <a href=\"http://ptbs-macbook-pro.local/TastyIgniter/index.php/admin/reservations/edit/2417\">2417</a> has been assigned to you for Reserved', 0);
INSERT INTO messages (`message_id`, `sender`, `to`, `date`, `time`, `type`, `subject`, `body`, `status`) VALUES (49, 4, 4, '2013-12-27', '02:39:00', 'alert', 'Reservation Assigned: 2406', 'Reservation <a href=\"http://ptbs-macbook-pro.local/TastyIgniter/index.php/admin/reservations/edit/2406\">2406</a> has been assigned to you for Completed', 0);
INSERT INTO messages (`message_id`, `sender`, `to`, `date`, `time`, `type`, `subject`, `body`, `status`) VALUES (50, 4, 0, '2013-12-27', '06:01:00', 'customers', 'Vivamus eget condimentum tortor.', '&lt;div id=&quot;lipsum&quot;&gt;\n&lt;p&gt;Lorem ipsum dolor sit amet, consectetur adipiscing elit. Quisque suscipit faucibus nunc in vehicula. Quisque luctus, enim in gravida adipiscing, ipsum lorem interdum augue, non laoreet libero ipsum id lacus. Morbi quis neque nec augue tristique dapibus. Duis facilisis adipiscing magna non pretium. Praesent volutpat, erat sed consequat convallis, augue urna tempus turpis, et vehicula nulla velit at felis. Proin quis venenatis urna. Lorem ipsum dolor sit amet, consectetur adipiscing elit. Vivamus fringilla risus sed dolor consectetur elementum.&lt;/p&gt;\n\n&lt;p&gt;Integer rhoncus ipsum et pharetra mollis. Donec auctor velit vitae eros eleifend, eget viverra augue aliquet. Sed consequat sem magna. Sed arcu lacus, consequat nec laoreet in, ornare vel felis. Etiam scelerisque massa sed porta posuere. Quisque eget leo at purus dictum cursus. Sed a aliquet mi. Ut pellentesque luctus congue.&lt;/p&gt;\n\n&lt;p&gt;Vivamus eget condimentum tortor. Fusce quis dolor quis magna suscipit mollis. Ut tempor varius adipiscing. Curabitur varius accumsan risus vitae venenatis. Curabitur vitae pharetra nibh, nec dictum eros. Ut ut laoreet nunc. Sed consectetur gravida augue, a scelerisque urna lobortis vulputate. Duis et dui pretium, elementum ipsum sit amet, volutpat arcu.&lt;/p&gt;\n\n&lt;p&gt;Praesent at pretium turpis, et commodo magna. Aenean tempus magna ut mattis ullamcorper. Sed sed interdum arcu. Curabitur et hendrerit nulla. Aliquam erat volutpat. Nullam blandit quis quam at sodales. Mauris semper dictum malesuada. Curabitur sit amet pulvinar leo. Vivamus vitae lacus vel lorem suscipit placerat. Donec eget tempor neque. Nunc vel nulla in libero sollicitudin pretium eget eget ipsum. Sed ut lobortis quam, nec blandit tortor. Proin aliquam lacus vel velit posuere malesuada. Nam nec feugiat ligula. Sed in gravida ipsum. Duis metus massa, condimentum non elit a, interdum fringilla nisl.&lt;/p&gt;\n\n&lt;p&gt;Nullam rutrum convallis massa, vitae posuere neque facilisis porta. Phasellus iaculis quis dui sed mollis. Vivamus non risus non est scelerisque tempus. Sed vel hendrerit est, sit amet viverra massa. Etiam ipsum est, facilisis vel fringilla vitae, bibendum id lorem. Quisque ipsum massa, posuere eget dictum vitae, ultrices sed velit. Curabitur nisi tellus, euismod vitae velit quis, cursus euismod odio. Integer congue mattis scelerisque. Etiam vitae lacus viverra erat auctor aliquet. Nunc molestie nulla varius justo sollicitudin vulputate. Morbi egestas, sapien ut congue cursus, nibh magna mollis nunc, semper gravida odio quam scelerisque massa. Praesent at arcu feugiat, dignissim arcu vel, vulputate sapien. Integer tempor leo non hendrerit aliquam. Nunc accumsan vehicula erat, at molestie sem porta ut. Suspendisse iaculis orci at justo ultricies, et pellentesque diam luctus.&lt;/p&gt;\n&lt;/div&gt;', 0);
INSERT INTO messages (`message_id`, `sender`, `to`, `date`, `time`, `type`, `subject`, `body`, `status`) VALUES (51, 4, 0, '2013-12-27', '06:03:00', 'customers', 'Etiam posuere lobortis congue.', '<div id=\"lipsum\">\n<p>Lorem ipsum dolor sit amet, consectetur adipiscing elit. Quisque pretium nisl tempus, pretium magna at, porttitor velit. Praesent pellentesque pulvinar velit, nec vestibulum eros semper et. Donec hendrerit sit amet lorem a cursus. Etiam non interdum ligula. Pellentesque condimentum nisi quis porta dapibus. Donec non ante sed leo imperdiet egestas id a felis. Sed in rhoncus quam. In tristique quam non nulla porttitor sollicitudin. Aenean non nisl in erat imperdiet pharetra. Etiam libero velit, mollis in molestie vel, elementum at nibh. Curabitur sollicitudin consequat dolor nec porttitor. Vivamus dapibus at magna vel egestas. In auctor mauris et mi faucibus vestibulum. Nam pellentesque, quam vel ullamcorper faucibus, lacus sapien sagittis felis, ac tincidunt nisi massa ac nisi. Sed non semper magna, vitae tincidunt lorem. Integer elementum, justo id luctus dapibus, enim mauris fermentum mauris, et auctor risus ante at mi.</p>\n\n<p>Proin pellentesque, sem nec tempor hendrerit, metus turpis viverra odio, vel egestas massa libero vel purus. Nunc bibendum urna eget mi porta suscipit. Maecenas posuere dui et elementum tristique. Proin tristique, neque tempor lacinia viverra, magna risus tincidunt diam, vitae pretium neque dolor ut quam. Duis mattis at elit faucibus molestie. Vestibulum ante ipsum primis in faucibus orci luctus et ultrices posuere cubilia Curae; Morbi id dolor cursus, ullamcorper erat condimentum, sagittis nisl. Vestibulum ut nisi dignissim, rhoncus neque in, rhoncus dolor. Donec vestibulum lorem vel lobortis rutrum. Duis tincidunt bibendum justo, nec pellentesque diam. Integer non justo ligula. Phasellus vehicula vehicula sem, quis hendrerit tortor tincidunt vel. Pellentesque non neque sed eros cursus congue.</p>\n\n<p>Donec varius metus urna, ac scelerisque nisl blandit sodales. Nunc quis mauris tristique, rutrum sem et, faucibus dui. Vestibulum enim libero, tempor vitae vestibulum in, gravida sit amet purus. Sed ornare malesuada bibendum. Fusce congue, libero sed consectetur fringilla, sapien sem fringilla magna, ut porta lorem nisi pretium urna. Etiam porta dapibus elit eu facilisis. Integer pulvinar posuere elementum. Nunc dapibus tellus tortor, nec tempus nisl mollis non. Vivamus bibendum, est vel accumsan blandit, ante orci aliquam libero, vel dictum tellus arcu ac neque. Aenean ligula sapien, congue at dapibus ut, porta id ante. Donec in libero a velit iaculis venenatis ac condimentum mi. In eu felis sed enim molestie accumsan.</p>\n\n<p>Donec vel purus justo. Nunc nec metus porta, mollis dolor non, rhoncus sem. Aliquam ultricies gravida urna sit amet commodo. Fusce eu sem a sapien rhoncus varius non id diam. Aenean ullamcorper consectetur feugiat. Aliquam ornare posuere adipiscing. Sed gravida fermentum velit, sed interdum eros feugiat vel. Morbi nibh lorem, posuere ut quam quis, vehicula tristique justo.</p>\n\n<p>Etiam posuere lobortis congue. Lorem ipsum dolor sit amet, consectetur adipiscing elit. Curabitur dignissim, metus non ultrices consectetur, sem risus scelerisque tellus, nec faucibus enim nulla sit amet nisl. Vivamus rutrum posuere consectetur. Nunc metus nunc, varius ut erat nec, cursus dictum mauris. Sed sollicitudin mollis purus, vel imperdiet tortor mollis sit amet. Pellentesque lacinia eros laoreet ullamcorper iaculis. Aenean quis volutpat orci. In fringilla libero id erat pretium iaculis. Aliquam volutpat, neque vitae lacinia dignissim, ligula ipsum lobortis eros, quis hendrerit felis tellus id enim. Integer rutrum sed eros a aliquam. Phasellus sagittis auctor congue. Etiam ut quam quis elit condimentum varius vestibulum quis mi.</p>\n</div>', 0);


#
# TABLE STRUCTURE FOR: order_menus
#

DROP TABLE IF EXISTS order_menus;

CREATE TABLE `order_menus` (
  `order_menu_id` int(11) NOT NULL AUTO_INCREMENT,
  `order_id` int(11) NOT NULL,
  `menu_id` int(11) NOT NULL,
  `name` varchar(255) NOT NULL,
  `quantity` int(11) NOT NULL,
  `price` decimal(15,2) NOT NULL DEFAULT '0.00',
  `subtotal` decimal(15,2) NOT NULL DEFAULT '0.00',
  `options` text NOT NULL,
  PRIMARY KEY (`order_menu_id`)
) ENGINE=InnoDB AUTO_INCREMENT=43 DEFAULT CHARSET=utf8;

INSERT INTO order_menus (`order_menu_id`, `order_id`, `menu_id`, `name`, `quantity`, `price`, `subtotal`, `options`) VALUES (1, 2541, 25, 'BUNS', 7, '100.00', '700.00', '');
INSERT INTO order_menus (`order_menu_id`, `order_id`, `menu_id`, `name`, `quantity`, `price`, `subtotal`, `options`) VALUES (2, 2541, 31, 'CHIN-CHIN', 5, '200.00', '1000.00', '');
INSERT INTO order_menus (`order_menu_id`, `order_id`, `menu_id`, `name`, `quantity`, `price`, `subtotal`, `options`) VALUES (3, 2541, 62, 'POUNDED YAM', 5, '20.00', '100.00', '');
INSERT INTO order_menus (`order_menu_id`, `order_id`, `menu_id`, `name`, `quantity`, `price`, `subtotal`, `options`) VALUES (4, 2541, 52, 'Spinach Salad', 4, '3.00', '12.00', '');
INSERT INTO order_menus (`order_menu_id`, `order_id`, `menu_id`, `name`, `quantity`, `price`, `subtotal`, `options`) VALUES (5, 2541, 53, 'Seafood Salad', 8, '3.00', '24.00', '');
INSERT INTO order_menus (`order_menu_id`, `order_id`, `menu_id`, `name`, `quantity`, `price`, `subtotal`, `options`) VALUES (6, 2541, 34, 'PUFF-PUFF', 7, '22.00', '154.00', '');
INSERT INTO order_menus (`order_menu_id`, `order_id`, `menu_id`, `name`, `quantity`, `price`, `subtotal`, `options`) VALUES (7, 2541, 32, 'SCOTCH EGG', 2, '200.00', '400.00', '');
INSERT INTO order_menus (`order_menu_id`, `order_id`, `menu_id`, `name`, `quantity`, `price`, `subtotal`, `options`) VALUES (8, 2543, 26, 'STEAMED RICE', 4, '70.00', '280.00', '');
INSERT INTO order_menus (`order_menu_id`, `order_id`, `menu_id`, `name`, `quantity`, `price`, `subtotal`, `options`) VALUES (9, 2543, 26, 'STEAMED RICE', 6, '73.00', '438.00', 'a:1:{s:4:\"With\";s:13:\"Meat: €3.00\";}');
INSERT INTO order_menus (`order_menu_id`, `order_id`, `menu_id`, `name`, `quantity`, `price`, `subtotal`, `options`) VALUES (10, 2543, 33, 'JOLLOF RICE', 8, '84.00', '672.00', 'a:1:{s:4:\"With\";s:17:\"Chicken: €14.00\";}');
INSERT INTO order_menus (`order_menu_id`, `order_id`, `menu_id`, `name`, `quantity`, `price`, `subtotal`, `options`) VALUES (11, 2543, 34, 'PUFF-PUFF', 10, '22.00', '220.00', '');
INSERT INTO order_menus (`order_menu_id`, `order_id`, `menu_id`, `name`, `quantity`, `price`, `subtotal`, `options`) VALUES (12, 2544, 25, 'BUNS', 20, '100.00', '2000.00', '');
INSERT INTO order_menus (`order_menu_id`, `order_id`, `menu_id`, `name`, `quantity`, `price`, `subtotal`, `options`) VALUES (13, 2545, 25, 'BUNS', 5, '100.00', '500.00', '');
INSERT INTO order_menus (`order_menu_id`, `order_id`, `menu_id`, `name`, `quantity`, `price`, `subtotal`, `options`) VALUES (14, 2545, 26, 'STEAMED RICE', 5, '70.00', '350.00', '');
INSERT INTO order_menus (`order_menu_id`, `order_id`, `menu_id`, `name`, `quantity`, `price`, `subtotal`, `options`) VALUES (15, 2545, 31, 'CHIN-CHIN', 10, '200.00', '2000.00', '');
INSERT INTO order_menus (`order_menu_id`, `order_id`, `menu_id`, `name`, `quantity`, `price`, `subtotal`, `options`) VALUES (16, 2545, 32, 'SCOTCH EGG', 4, '200.00', '800.00', '');
INSERT INTO order_menus (`order_menu_id`, `order_id`, `menu_id`, `name`, `quantity`, `price`, `subtotal`, `options`) VALUES (17, 2545, 26, 'STEAMED RICE', 6, '73.00', '438.00', 'a:1:{s:4:\"With\";s:13:\"Meat: €3.00\";}');
INSERT INTO order_menus (`order_menu_id`, `order_id`, `menu_id`, `name`, `quantity`, `price`, `subtotal`, `options`) VALUES (18, 2545, 33, 'JOLLOF RICE', 7, '90.00', '630.00', 'a:1:{s:4:\"With\";s:14:\"Fish: €20.00\";}');
INSERT INTO order_menus (`order_menu_id`, `order_id`, `menu_id`, `name`, `quantity`, `price`, `subtotal`, `options`) VALUES (19, 2546, 26, 'STEAMED RICE', 1, '70.00', '70.00', '');
INSERT INTO order_menus (`order_menu_id`, `order_id`, `menu_id`, `name`, `quantity`, `price`, `subtotal`, `options`) VALUES (20, 2546, 26, 'STEAMED RICE', 1, '84.00', '84.00', 'a:1:{s:4:\"With\";s:17:\"Chicken: €14.00\";}');
INSERT INTO order_menus (`order_menu_id`, `order_id`, `menu_id`, `name`, `quantity`, `price`, `subtotal`, `options`) VALUES (21, 2547, 31, 'CHIN-CHIN', 1, '200.00', '200.00', '');
INSERT INTO order_menus (`order_menu_id`, `order_id`, `menu_id`, `name`, `quantity`, `price`, `subtotal`, `options`) VALUES (22, 2547, 26, 'STEAMED RICE', 1, '70.00', '70.00', '');
INSERT INTO order_menus (`order_menu_id`, `order_id`, `menu_id`, `name`, `quantity`, `price`, `subtotal`, `options`) VALUES (23, 2548, 25, 'BUNS', 1, '100.00', '100.00', '');
INSERT INTO order_menus (`order_menu_id`, `order_id`, `menu_id`, `name`, `quantity`, `price`, `subtotal`, `options`) VALUES (24, 2548, 31, 'CHIN-CHIN', 1, '200.00', '200.00', '');
INSERT INTO order_menus (`order_menu_id`, `order_id`, `menu_id`, `name`, `quantity`, `price`, `subtotal`, `options`) VALUES (25, 2548, 33, 'JOLLOF RICE', 8, '73.00', '584.00', 'a:1:{s:4:\"With\";s:13:\"Meat: €3.00\";}');
INSERT INTO order_menus (`order_menu_id`, `order_id`, `menu_id`, `name`, `quantity`, `price`, `subtotal`, `options`) VALUES (26, 2549, 26, 'STEAMED RICE', 1, '70.00', '70.00', '');
INSERT INTO order_menus (`order_menu_id`, `order_id`, `menu_id`, `name`, `quantity`, `price`, `subtotal`, `options`) VALUES (27, 2549, 25, 'BUNS', 1, '100.00', '100.00', '');
INSERT INTO order_menus (`order_menu_id`, `order_id`, `menu_id`, `name`, `quantity`, `price`, `subtotal`, `options`) VALUES (28, 2549, 32, 'SCOTCH EGG', 1, '200.00', '200.00', '');
INSERT INTO order_menus (`order_menu_id`, `order_id`, `menu_id`, `name`, `quantity`, `price`, `subtotal`, `options`) VALUES (29, 2549, 33, 'JOLLOF RICE', 1, '90.00', '90.00', 'a:1:{s:4:\"With\";s:14:\"Fish: €20.00\";}');
INSERT INTO order_menus (`order_menu_id`, `order_id`, `menu_id`, `name`, `quantity`, `price`, `subtotal`, `options`) VALUES (30, 2549, 26, 'STEAMED RICE', 1, '73.00', '73.00', 'a:1:{s:4:\"With\";s:13:\"Meat: €3.00\";}');
INSERT INTO order_menus (`order_menu_id`, `order_id`, `menu_id`, `name`, `quantity`, `price`, `subtotal`, `options`) VALUES (31, 2550, 52, 'Spinach Salad', 1, '3.00', '3.00', '');
INSERT INTO order_menus (`order_menu_id`, `order_id`, `menu_id`, `name`, `quantity`, `price`, `subtotal`, `options`) VALUES (32, 2550, 53, 'Seafood Salad', 1, '3.00', '3.00', '');
INSERT INTO order_menus (`order_menu_id`, `order_id`, `menu_id`, `name`, `quantity`, `price`, `subtotal`, `options`) VALUES (33, 2550, 62, 'POUNDED YAM', 7, '20.00', '140.00', '');
INSERT INTO order_menus (`order_menu_id`, `order_id`, `menu_id`, `name`, `quantity`, `price`, `subtotal`, `options`) VALUES (34, 2551, 60, 'SAUTEED CATFISH FILLET WITH RICE AND VEGETABLES', 1, '30.00', '30.00', '');
INSERT INTO order_menus (`order_menu_id`, `order_id`, `menu_id`, `name`, `quantity`, `price`, `subtotal`, `options`) VALUES (35, 2551, 58, 'GRILLED CHICKEN SPINACH SALAD', 1, '50.00', '50.00', '');
INSERT INTO order_menus (`order_menu_id`, `order_id`, `menu_id`, `name`, `quantity`, `price`, `subtotal`, `options`) VALUES (36, 2551, 33, 'JOLLOF RICE', 1, '700.00', '700.00', '');
INSERT INTO order_menus (`order_menu_id`, `order_id`, `menu_id`, `name`, `quantity`, `price`, `subtotal`, `options`) VALUES (37, 2552, 31, 'CHIN-CHIN', 1, '200.00', '200.00', '');
INSERT INTO order_menus (`order_menu_id`, `order_id`, `menu_id`, `name`, `quantity`, `price`, `subtotal`, `options`) VALUES (38, 2552, 32, 'SCOTCH EGG', 1, '200.00', '200.00', '');
INSERT INTO order_menus (`order_menu_id`, `order_id`, `menu_id`, `name`, `quantity`, `price`, `subtotal`, `options`) VALUES (39, 2552, 34, 'PUFF-PUFF', 1, '22.00', '22.00', '');
INSERT INTO order_menus (`order_menu_id`, `order_id`, `menu_id`, `name`, `quantity`, `price`, `subtotal`, `options`) VALUES (40, 2553, 25, 'BUNS', 20, '100.00', '2000.00', '');
INSERT INTO order_menus (`order_menu_id`, `order_id`, `menu_id`, `name`, `quantity`, `price`, `subtotal`, `options`) VALUES (41, 2554, 32, 'SCOTCH EGG', 10, '200.00', '2000.00', '');
INSERT INTO order_menus (`order_menu_id`, `order_id`, `menu_id`, `name`, `quantity`, `price`, `subtotal`, `options`) VALUES (42, 2554, 25, 'BUNS', 7, '100.00', '700.00', '');


#
# TABLE STRUCTURE FOR: order_options
#

DROP TABLE IF EXISTS order_options;

CREATE TABLE `order_options` (
  `order_option_id` int(11) NOT NULL AUTO_INCREMENT,
  `order_id` int(11) NOT NULL,
  `order_menu_id` int(11) NOT NULL,
  `option_id` int(11) NOT NULL,
  `option_name` varchar(32) CHARACTER SET utf8 NOT NULL,
  `option_price` decimal(15,2) NOT NULL,
  PRIMARY KEY (`order_option_id`)
) ENGINE=MyISAM DEFAULT CHARSET=latin1;

#
# TABLE STRUCTURE FOR: orders
#

DROP TABLE IF EXISTS orders;

CREATE TABLE `orders` (
  `order_id` int(11) NOT NULL AUTO_INCREMENT,
  `order_customer_id` int(11) NOT NULL,
  `first_name` varchar(32) CHARACTER SET utf8 NOT NULL,
  `last_name` varchar(32) CHARACTER SET utf8 NOT NULL,
  `email` varchar(96) CHARACTER SET utf8 NOT NULL,
  `telephone` varchar(32) CHARACTER SET utf8 NOT NULL,
  `order_location_id` int(11) NOT NULL,
  `order_address_id` int(11) NOT NULL,
  `cart` text CHARACTER SET utf8 NOT NULL,
  `total_items` int(11) NOT NULL,
  `comment` text CHARACTER SET utf8 NOT NULL,
  `payment` varchar(35) NOT NULL,
  `order_type` varchar(32) CHARACTER SET utf8 NOT NULL,
  `date_added` date NOT NULL,
  `date_modified` date NOT NULL,
  `order_time` time NOT NULL,
  `order_total` decimal(15,2) NOT NULL,
  `status_id` int(11) NOT NULL,
  `order_staff_id` int(11) NOT NULL,
  `ip_address` varchar(40) NOT NULL,
  `user_agent` varchar(255) NOT NULL,
  `notify` tinyint(1) NOT NULL,
  PRIMARY KEY (`order_id`)
) ENGINE=MyISAM AUTO_INCREMENT=2555 DEFAULT CHARSET=latin1;

INSERT INTO orders (`order_id`, `order_customer_id`, `first_name`, `last_name`, `email`, `telephone`, `order_location_id`, `order_address_id`, `cart`, `total_items`, `comment`, `payment`, `order_type`, `date_added`, `date_modified`, `order_time`, `order_total`, `status_id`, `order_staff_id`, `ip_address`, `user_agent`, `notify`) VALUES (2546, 23, 'Sam', 'Sam', 'eesyboi@gmail.com', '1234567', 122, 26, '', 2, '', '', '1', '2013-12-08', '2013-12-08', '19:26:00', '154.00', 1, 0, '172.16.251.213', 'Mozilla/5.0 (X11; Ubuntu; Linux x86_64; rv:25.0) Gecko/20100101 Firefox/25.0 FirePHP/0.7.4', 1);
INSERT INTO orders (`order_id`, `order_customer_id`, `first_name`, `last_name`, `email`, `telephone`, `order_location_id`, `order_address_id`, `cart`, `total_items`, `comment`, `payment`, `order_type`, `date_added`, `date_modified`, `order_time`, `order_total`, `status_id`, `order_staff_id`, `ip_address`, `user_agent`, `notify`) VALUES (2547, 23, 'Sam', 'Sam', 'eesyboi@gmail.com', '1234567', 122, 26, '', 2, '', 'cod', '1', '2013-12-08', '2013-12-12', '20:10:00', '270.00', 3, 6, '172.16.251.213', 'Mozilla/5.0 (X11; Ubuntu; Linux x86_64; rv:25.0) Gecko/20100101 Firefox/25.0 FirePHP/0.7.4', 1);
INSERT INTO orders (`order_id`, `order_customer_id`, `first_name`, `last_name`, `email`, `telephone`, `order_location_id`, `order_address_id`, `cart`, `total_items`, `comment`, `payment`, `order_type`, `date_added`, `date_modified`, `order_time`, `order_total`, `status_id`, `order_staff_id`, `ip_address`, `user_agent`, `notify`) VALUES (2548, 23, 'Sam', 'Sam', 'eesyboi@gmail.com', '1234567', 117, 26, '', 10, '', 'paypal', '1', '2013-12-10', '2013-12-20', '17:00:00', '884.00', 1, 4, '172.16.251.214', 'Mozilla/5.0 (X11; Ubuntu; Linux x86_64; rv:25.0) Gecko/20100101 Firefox/25.0', 1);
INSERT INTO orders (`order_id`, `order_customer_id`, `first_name`, `last_name`, `email`, `telephone`, `order_location_id`, `order_address_id`, `cart`, `total_items`, `comment`, `payment`, `order_type`, `date_added`, `date_modified`, `order_time`, `order_total`, `status_id`, `order_staff_id`, `ip_address`, `user_agent`, `notify`) VALUES (2549, 23, 'Sam', 'Sam', 'eesyboi@gmail.com', '1234567', 141, 0, '', 5, '', 'cod', '2', '2013-12-12', '2013-12-12', '13:25:00', '533.00', 3, 4, '172.16.251.214', 'Mozilla/5.0 (X11; Ubuntu; Linux x86_64; rv:26.0) Gecko/20100101 Firefox/26.0 FirePHP/0.7.4', 1);
INSERT INTO orders (`order_id`, `order_customer_id`, `first_name`, `last_name`, `email`, `telephone`, `order_location_id`, `order_address_id`, `cart`, `total_items`, `comment`, `payment`, `order_type`, `date_added`, `date_modified`, `order_time`, `order_total`, `status_id`, `order_staff_id`, `ip_address`, `user_agent`, `notify`) VALUES (2545, 31, 'Demo', 'Acct', 'demo@demo.com', '999999', 135, 25, '', 37, '', 'cod', '1', '2013-12-07', '2013-12-12', '18:36:00', '4718.00', 2, 6, '172.16.251.213', 'Mozilla/5.0 (X11; Ubuntu; Linux x86_64; rv:25.0) Gecko/20100101 Firefox/25.0 FirePHP/0.7.4', 1);
INSERT INTO orders (`order_id`, `order_customer_id`, `first_name`, `last_name`, `email`, `telephone`, `order_location_id`, `order_address_id`, `cart`, `total_items`, `comment`, `payment`, `order_type`, `date_added`, `date_modified`, `order_time`, `order_total`, `status_id`, `order_staff_id`, `ip_address`, `user_agent`, `notify`) VALUES (2550, 31, 'Demo', 'Acct', 'demo@demo.com', '999999', 117, 25, '', 9, '', 'cod', '1', '2013-12-23', '2013-12-23', '19:09:00', '146.00', 1, 0, '172.16.251.221', 'Mozilla/5.0 (X11; Ubuntu; Linux x86_64; rv:26.0) Gecko/20100101 Firefox/26.0', 1);
INSERT INTO orders (`order_id`, `order_customer_id`, `first_name`, `last_name`, `email`, `telephone`, `order_location_id`, `order_address_id`, `cart`, `total_items`, `comment`, `payment`, `order_type`, `date_added`, `date_modified`, `order_time`, `order_total`, `status_id`, `order_staff_id`, `ip_address`, `user_agent`, `notify`) VALUES (2551, 31, 'Demo', 'Acct', 'demo@demo.com', '999999', 116, 25, '', 3, '', 'cod', '1', '2013-12-23', '2013-12-23', '18:38:00', '780.00', 1, 0, '172.16.251.221', 'Mozilla/5.0 (X11; Ubuntu; Linux x86_64; rv:26.0) Gecko/20100101 Firefox/26.0', 1);
INSERT INTO orders (`order_id`, `order_customer_id`, `first_name`, `last_name`, `email`, `telephone`, `order_location_id`, `order_address_id`, `cart`, `total_items`, `comment`, `payment`, `order_type`, `date_added`, `date_modified`, `order_time`, `order_total`, `status_id`, `order_staff_id`, `ip_address`, `user_agent`, `notify`) VALUES (2552, 31, 'Demo', 'Acct', 'demo@demo.com', '999999', 116, 25, '', 3, '', 'cod', '1', '2013-12-23', '2013-12-23', '18:40:00', '422.00', 1, 0, '172.16.251.221', 'Mozilla/5.0 (X11; Ubuntu; Linux x86_64; rv:26.0) Gecko/20100101 Firefox/26.0', 1);
INSERT INTO orders (`order_id`, `order_customer_id`, `first_name`, `last_name`, `email`, `telephone`, `order_location_id`, `order_address_id`, `cart`, `total_items`, `comment`, `payment`, `order_type`, `date_added`, `date_modified`, `order_time`, `order_total`, `status_id`, `order_staff_id`, `ip_address`, `user_agent`, `notify`) VALUES (2553, 31, 'Demo', 'Acct', 'demo@demo.com', '999999', 135, 25, '', 1, '', 'cod', '1', '2013-12-27', '2013-12-27', '12:58:00', '100.00', 1, 0, '172.16.251.223', 'Mozilla/5.0 (X11; Ubuntu; Linux x86_64; rv:26.0) Gecko/20100101 Firefox/26.0 FirePHP/0.7.4', 1);
INSERT INTO orders (`order_id`, `order_customer_id`, `first_name`, `last_name`, `email`, `telephone`, `order_location_id`, `order_address_id`, `cart`, `total_items`, `comment`, `payment`, `order_type`, `date_added`, `date_modified`, `order_time`, `order_total`, `status_id`, `order_staff_id`, `ip_address`, `user_agent`, `notify`) VALUES (2554, 31, 'Demo', 'Acct', 'demo@demo.com', '999999', 135, 25, '', 17, '', 'cod', '1', '2013-12-27', '2013-12-27', '17:51:00', '2700.00', 1, 0, '172.16.251.224', 'Mozilla/5.0 (X11; Ubuntu; Linux x86_64; rv:26.0) Gecko/20100101 Firefox/26.0 FirePHP/0.7.4', 1);


#
# TABLE STRUCTURE FOR: payments
#

DROP TABLE IF EXISTS payments;

CREATE TABLE `payments` (
  `payment_id` int(11) NOT NULL AUTO_INCREMENT,
  `payment_name` varchar(32) CHARACTER SET utf8 NOT NULL,
  `payment_desc` text CHARACTER SET utf8 NOT NULL,
  PRIMARY KEY (`payment_id`)
) ENGINE=MyISAM AUTO_INCREMENT=5 DEFAULT CHARSET=latin1;

INSERT INTO payments (`payment_id`, `payment_name`, `payment_desc`) VALUES (1, 'Cash On Delivery', 'Pay on delivery');
INSERT INTO payments (`payment_id`, `payment_name`, `payment_desc`) VALUES (4, 'PayPal', 'Paypal payment');


#
# TABLE STRUCTURE FOR: pp_payments
#

DROP TABLE IF EXISTS pp_payments;

CREATE TABLE `pp_payments` (
  `transaction_id` varchar(19) NOT NULL,
  `order_id` int(11) NOT NULL,
  `customer_id` int(11) NOT NULL,
  `serialized` text NOT NULL,
  PRIMARY KEY (`transaction_id`)
) ENGINE=MyISAM DEFAULT CHARSET=latin1;

INSERT INTO pp_payments (`transaction_id`, `order_id`, `customer_id`, `serialized`) VALUES ('07A98440R77894839', 2539, 31, 'a:40:{s:13:\"RECEIVEREMAIL\";s:34:\"samadepoyigi-facilitator@gmail.com\";s:10:\"RECEIVERID\";s:13:\"G5Z477QKQLAML\";s:5:\"EMAIL\";s:17:\"eesyboii@live.com\";s:7:\"PAYERID\";s:13:\"6HUFG9X9ZTHZY\";s:11:\"PAYERSTATUS\";s:8:\"verified\";s:11:\"COUNTRYCODE\";s:2:\"GB\";s:10:\"SHIPTONAME\";s:7:\"Sam Sam\";s:12:\"SHIPTOSTREET\";s:14:\"1 Main Terrace\";s:10:\"SHIPTOCITY\";s:13:\"Wolverhampton\";s:11:\"SHIPTOSTATE\";s:13:\"West Midlands\";s:17:\"SHIPTOCOUNTRYCODE\";s:2:\"GB\";s:17:\"SHIPTOCOUNTRYNAME\";s:14:\"United Kingdom\";s:9:\"SHIPTOZIP\";s:7:\"W12 4LQ\";s:12:\"ADDRESSOWNER\";s:6:\"PayPal\";s:13:\"ADDRESSSTATUS\";s:9:\"Confirmed\";s:8:\"SALESTAX\";s:4:\"0.00\";s:10:\"SHIPAMOUNT\";s:4:\"0.00\";s:16:\"SHIPHANDLEAMOUNT\";s:4:\"0.00\";s:9:\"TIMESTAMP\";s:20:\"2013-11-25T06:28:11Z\";s:13:\"CORRELATIONID\";s:13:\"3230042174aa6\";s:3:\"ACK\";s:7:\"Success\";s:7:\"VERSION\";s:4:\"76.0\";s:5:\"BUILD\";s:7:\"8334781\";s:9:\"FIRSTNAME\";s:3:\"Sam\";s:8:\"LASTNAME\";s:3:\"Sam\";s:13:\"TRANSACTIONID\";s:17:\"07A98440R77894839\";s:15:\"TRANSACTIONTYPE\";s:15:\"expresscheckout\";s:11:\"PAYMENTTYPE\";s:7:\"instant\";s:9:\"ORDERTIME\";s:20:\"2013-11-25T06:28:10Z\";s:3:\"AMT\";s:4:\"6.00\";s:6:\"TAXAMT\";s:4:\"0.00\";s:12:\"CURRENCYCODE\";s:3:\"GBP\";s:13:\"PAYMENTSTATUS\";s:7:\"Pending\";s:13:\"PENDINGREASON\";s:13:\"multicurrency\";s:10:\"REASONCODE\";s:4:\"None\";s:21:\"PROTECTIONELIGIBILITY\";s:8:\"Eligible\";s:25:\"PROTECTIONELIGIBILITYTYPE\";s:51:\"ItemNotReceivedEligible,UnauthorizedPaymentEligible\";s:6:\"L_QTY0\";s:1:\"1\";s:9:\"L_TAXAMT0\";s:4:\"0.00\";s:15:\"L_CURRENCYCODE0\";s:3:\"GBP\";}');
INSERT INTO pp_payments (`transaction_id`, `order_id`, `customer_id`, `serialized`) VALUES ('98B17520B3131425P', 2534, 31, '');
INSERT INTO pp_payments (`transaction_id`, `order_id`, `customer_id`, `serialized`) VALUES ('5HB5077445548733W', 2535, 31, 'a:40:{s:13:\"RECEIVEREMAIL\";s:34:\"samadepoyigi-facilitator@gmail.com\";s:10:\"RECEIVERID\";s:13:\"G5Z477QKQLAML\";s:5:\"EMAIL\";s:17:\"eesyboii@live.com\";s:7:\"PAYERID\";s:13:\"6HUFG9X9ZTHZY\";s:11:\"PAYERSTATUS\";s:8:\"verified\";s:11:\"COUNTRYCODE\";s:2:\"GB\";s:10:\"SHIPTONAME\";s:7:\"Sam Sam\";s:12:\"SHIPTOSTREET\";s:14:\"1 Main Terrace\";s:10:\"SHIPTOCITY\";s:13:\"Wolverhampton\";s:11:\"SHIPTOSTATE\";s:13:\"West Midlands\";s:17:\"SHIPTOCOUNTRYCODE\";s:2:\"GB\";s:17:\"SHIPTOCOUNTRYNAME\";s:14:\"United Kingdom\";s:9:\"SHIPTOZIP\";s:7:\"W12 4LQ\";s:12:\"ADDRESSOWNER\";s:6:\"PayPal\";s:13:\"ADDRESSSTATUS\";s:9:\"Confirmed\";s:8:\"SALESTAX\";s:4:\"0.00\";s:10:\"SHIPAMOUNT\";s:4:\"0.00\";s:16:\"SHIPHANDLEAMOUNT\";s:4:\"0.00\";s:9:\"TIMESTAMP\";s:20:\"2013-10-19T04:38:20Z\";s:13:\"CORRELATIONID\";s:13:\"17df6a105e402\";s:3:\"ACK\";s:7:\"Success\";s:7:\"VERSION\";s:4:\"76.0\";s:5:\"BUILD\";s:7:\"7810794\";s:9:\"FIRSTNAME\";s:3:\"Sam\";s:8:\"LASTNAME\";s:3:\"Sam\";s:13:\"TRANSACTIONID\";s:17:\"5HB5077445548733W\";s:15:\"TRANSACTIONTYPE\";s:15:\"expresscheckout\";s:11:\"PAYMENTTYPE\";s:7:\"instant\";s:9:\"ORDERTIME\";s:20:\"2013-10-19T04:38:19Z\";s:3:\"AMT\";s:6:\"273.00\";s:6:\"TAXAMT\";s:4:\"0.00\";s:12:\"CURRENCYCODE\";s:3:\"GBP\";s:13:\"PAYMENTSTATUS\";s:7:\"Pending\";s:13:\"PENDINGREASON\";s:13:\"multicurrency\";s:10:\"REASONCODE\";s:4:\"None\";s:21:\"PROTECTIONELIGIBILITY\";s:8:\"Eligible\";s:25:\"PROTECTIONELIGIBILITYTYPE\";s:51:\"ItemNotReceivedEligible,UnauthorizedPaymentEligible\";s:6:\"L_QTY0\";s:1:\"1\";s:9:\"L_TAXAMT0\";s:4:\"0.00\";s:15:\"L_CURRENCYCODE0\";s:3:\"GBP\";}');
INSERT INTO pp_payments (`transaction_id`, `order_id`, `customer_id`, `serialized`) VALUES ('5GR4694927009062H', 2537, 31, 'a:40:{s:13:\"RECEIVEREMAIL\";s:34:\"samadepoyigi-facilitator@gmail.com\";s:10:\"RECEIVERID\";s:13:\"G5Z477QKQLAML\";s:5:\"EMAIL\";s:17:\"eesyboii@live.com\";s:7:\"PAYERID\";s:13:\"6HUFG9X9ZTHZY\";s:11:\"PAYERSTATUS\";s:8:\"verified\";s:11:\"COUNTRYCODE\";s:2:\"GB\";s:10:\"SHIPTONAME\";s:7:\"Sam Sam\";s:12:\"SHIPTOSTREET\";s:14:\"1 Main Terrace\";s:10:\"SHIPTOCITY\";s:13:\"Wolverhampton\";s:11:\"SHIPTOSTATE\";s:13:\"West Midlands\";s:17:\"SHIPTOCOUNTRYCODE\";s:2:\"GB\";s:17:\"SHIPTOCOUNTRYNAME\";s:14:\"United Kingdom\";s:9:\"SHIPTOZIP\";s:7:\"W12 4LQ\";s:12:\"ADDRESSOWNER\";s:6:\"PayPal\";s:13:\"ADDRESSSTATUS\";s:9:\"Confirmed\";s:8:\"SALESTAX\";s:4:\"0.00\";s:10:\"SHIPAMOUNT\";s:4:\"0.00\";s:16:\"SHIPHANDLEAMOUNT\";s:4:\"0.00\";s:9:\"TIMESTAMP\";s:20:\"2013-10-19T17:53:30Z\";s:13:\"CORRELATIONID\";s:12:\"700e56c36720\";s:3:\"ACK\";s:7:\"Success\";s:7:\"VERSION\";s:4:\"76.0\";s:5:\"BUILD\";s:7:\"7810794\";s:9:\"FIRSTNAME\";s:3:\"Sam\";s:8:\"LASTNAME\";s:3:\"Sam\";s:13:\"TRANSACTIONID\";s:17:\"5GR4694927009062H\";s:15:\"TRANSACTIONTYPE\";s:15:\"expresscheckout\";s:11:\"PAYMENTTYPE\";s:7:\"instant\";s:9:\"ORDERTIME\";s:20:\"2013-10-19T17:53:29Z\";s:3:\"AMT\";s:6:\"540.00\";s:6:\"TAXAMT\";s:4:\"0.00\";s:12:\"CURRENCYCODE\";s:3:\"GBP\";s:13:\"PAYMENTSTATUS\";s:7:\"Pending\";s:13:\"PENDINGREASON\";s:13:\"multicurrency\";s:10:\"REASONCODE\";s:4:\"None\";s:21:\"PROTECTIONELIGIBILITY\";s:8:\"Eligible\";s:25:\"PROTECTIONELIGIBILITYTYPE\";s:51:\"ItemNotReceivedEligible,UnauthorizedPaymentEligible\";s:6:\"L_QTY0\";s:1:\"1\";s:9:\"L_TAXAMT0\";s:4:\"0.00\";s:15:\"L_CURRENCYCODE0\";s:3:\"GBP\";}');
INSERT INTO pp_payments (`transaction_id`, `order_id`, `customer_id`, `serialized`) VALUES ('2PN7244129292312T', 2538, 31, 'a:40:{s:13:\"RECEIVEREMAIL\";s:34:\"samadepoyigi-facilitator@gmail.com\";s:10:\"RECEIVERID\";s:13:\"G5Z477QKQLAML\";s:5:\"EMAIL\";s:17:\"eesyboii@live.com\";s:7:\"PAYERID\";s:13:\"6HUFG9X9ZTHZY\";s:11:\"PAYERSTATUS\";s:8:\"verified\";s:11:\"COUNTRYCODE\";s:2:\"GB\";s:10:\"SHIPTONAME\";s:7:\"Sam Sam\";s:12:\"SHIPTOSTREET\";s:14:\"1 Main Terrace\";s:10:\"SHIPTOCITY\";s:13:\"Wolverhampton\";s:11:\"SHIPTOSTATE\";s:13:\"West Midlands\";s:17:\"SHIPTOCOUNTRYCODE\";s:2:\"GB\";s:17:\"SHIPTOCOUNTRYNAME\";s:14:\"United Kingdom\";s:9:\"SHIPTOZIP\";s:7:\"W12 4LQ\";s:12:\"ADDRESSOWNER\";s:6:\"PayPal\";s:13:\"ADDRESSSTATUS\";s:9:\"Confirmed\";s:8:\"SALESTAX\";s:4:\"0.00\";s:10:\"SHIPAMOUNT\";s:4:\"0.00\";s:16:\"SHIPHANDLEAMOUNT\";s:4:\"0.00\";s:9:\"TIMESTAMP\";s:20:\"2013-11-04T20:52:21Z\";s:13:\"CORRELATIONID\";s:12:\"30f8b3d8e0e4\";s:3:\"ACK\";s:7:\"Success\";s:7:\"VERSION\";s:4:\"76.0\";s:5:\"BUILD\";s:7:\"8334781\";s:9:\"FIRSTNAME\";s:3:\"Sam\";s:8:\"LASTNAME\";s:3:\"Sam\";s:13:\"TRANSACTIONID\";s:17:\"2PN7244129292312T\";s:15:\"TRANSACTIONTYPE\";s:15:\"expresscheckout\";s:11:\"PAYMENTTYPE\";s:7:\"instant\";s:9:\"ORDERTIME\";s:20:\"2013-11-04T20:52:19Z\";s:3:\"AMT\";s:6:\"200.00\";s:6:\"TAXAMT\";s:4:\"0.00\";s:12:\"CURRENCYCODE\";s:3:\"GBP\";s:13:\"PAYMENTSTATUS\";s:7:\"Pending\";s:13:\"PENDINGREASON\";s:13:\"multicurrency\";s:10:\"REASONCODE\";s:4:\"None\";s:21:\"PROTECTIONELIGIBILITY\";s:8:\"Eligible\";s:25:\"PROTECTIONELIGIBILITYTYPE\";s:51:\"ItemNotReceivedEligible,UnauthorizedPaymentEligible\";s:6:\"L_QTY0\";s:1:\"1\";s:9:\"L_TAXAMT0\";s:4:\"0.00\";s:15:\"L_CURRENCYCODE0\";s:3:\"GBP\";}');
INSERT INTO pp_payments (`transaction_id`, `order_id`, `customer_id`, `serialized`) VALUES ('8EN60778S56502847', 2548, 23, 'a:40:{s:13:\"RECEIVEREMAIL\";s:34:\"samadepoyigi-facilitator@gmail.com\";s:10:\"RECEIVERID\";s:13:\"G5Z477QKQLAML\";s:5:\"EMAIL\";s:17:\"eesyboii@live.com\";s:7:\"PAYERID\";s:13:\"6HUFG9X9ZTHZY\";s:11:\"PAYERSTATUS\";s:8:\"verified\";s:11:\"COUNTRYCODE\";s:2:\"GB\";s:10:\"SHIPTONAME\";s:7:\"Sam Sam\";s:12:\"SHIPTOSTREET\";s:14:\"1 Main Terrace\";s:10:\"SHIPTOCITY\";s:13:\"Wolverhampton\";s:11:\"SHIPTOSTATE\";s:13:\"West Midlands\";s:17:\"SHIPTOCOUNTRYCODE\";s:2:\"GB\";s:17:\"SHIPTOCOUNTRYNAME\";s:14:\"United Kingdom\";s:9:\"SHIPTOZIP\";s:7:\"W12 4LQ\";s:12:\"ADDRESSOWNER\";s:6:\"PayPal\";s:13:\"ADDRESSSTATUS\";s:9:\"Confirmed\";s:8:\"SALESTAX\";s:4:\"0.00\";s:10:\"SHIPAMOUNT\";s:4:\"0.00\";s:16:\"SHIPHANDLEAMOUNT\";s:4:\"0.00\";s:9:\"TIMESTAMP\";s:20:\"2013-12-10T16:24:15Z\";s:13:\"CORRELATIONID\";s:13:\"6672dd722f71a\";s:3:\"ACK\";s:7:\"Success\";s:7:\"VERSION\";s:4:\"76.0\";s:5:\"BUILD\";s:7:\"8620107\";s:9:\"FIRSTNAME\";s:3:\"Sam\";s:8:\"LASTNAME\";s:3:\"Sam\";s:13:\"TRANSACTIONID\";s:17:\"8EN60778S56502847\";s:15:\"TRANSACTIONTYPE\";s:15:\"expresscheckout\";s:11:\"PAYMENTTYPE\";s:7:\"instant\";s:9:\"ORDERTIME\";s:20:\"2013-12-10T16:19:40Z\";s:3:\"AMT\";s:6:\"884.00\";s:6:\"TAXAMT\";s:4:\"0.00\";s:12:\"CURRENCYCODE\";s:3:\"EUR\";s:13:\"PAYMENTSTATUS\";s:7:\"Pending\";s:13:\"PENDINGREASON\";s:13:\"multicurrency\";s:10:\"REASONCODE\";s:4:\"None\";s:21:\"PROTECTIONELIGIBILITY\";s:8:\"Eligible\";s:25:\"PROTECTIONELIGIBILITYTYPE\";s:51:\"ItemNotReceivedEligible,UnauthorizedPaymentEligible\";s:6:\"L_QTY0\";s:1:\"1\";s:9:\"L_TAXAMT0\";s:4:\"0.00\";s:15:\"L_CURRENCYCODE0\";s:3:\"EUR\";}');


#
# TABLE STRUCTURE FOR: reservations
#

DROP TABLE IF EXISTS reservations;

CREATE TABLE `reservations` (
  `reservation_id` int(32) NOT NULL AUTO_INCREMENT,
  `location_id` int(11) NOT NULL,
  `table_id` int(11) NOT NULL,
  `guest_num` int(11) NOT NULL,
  `occasion_id` int(11) NOT NULL,
  `customer_id` int(11) NOT NULL,
  `first_name` varchar(45) CHARACTER SET utf8 NOT NULL,
  `last_name` varchar(45) CHARACTER SET utf8 NOT NULL,
  `email` varchar(96) CHARACTER SET utf8 NOT NULL,
  `telephone` varchar(45) CHARACTER SET utf8 NOT NULL,
  `comment` text CHARACTER SET utf8 NOT NULL,
  `reserve_time` time NOT NULL,
  `reserve_date` date NOT NULL,
  `date_added` date NOT NULL,
  `date_modified` date NOT NULL,
  `staff_id` int(11) NOT NULL,
  `notify` tinyint(4) NOT NULL,
  `ip_address` varchar(40) CHARACTER SET utf8 NOT NULL,
  `user_agent` varchar(255) CHARACTER SET utf8 NOT NULL,
  `status` tinyint(1) NOT NULL,
  PRIMARY KEY (`reservation_id`),
  KEY `location_id` (`location_id`,`table_id`)
) ENGINE=MyISAM AUTO_INCREMENT=2427 DEFAULT CHARSET=latin1;

INSERT INTO reservations (`reservation_id`, `location_id`, `table_id`, `guest_num`, `occasion_id`, `customer_id`, `first_name`, `last_name`, `email`, `telephone`, `comment`, `reserve_time`, `reserve_date`, `date_added`, `date_modified`, `staff_id`, `notify`, `ip_address`, `user_agent`, `status`) VALUES (2406, 115, 1, 2, 2, 0, 'Danny', 'Compell', 'demo@demo.com', '098766555', '', '01:00:00', '2013-12-21', '2013-12-20', '2013-12-27', 4, 0, '', '', 5);
INSERT INTO reservations (`reservation_id`, `location_id`, `table_id`, `guest_num`, `occasion_id`, `customer_id`, `first_name`, `last_name`, `email`, `telephone`, `comment`, `reserve_time`, `reserve_date`, `date_added`, `date_modified`, `staff_id`, `notify`, `ip_address`, `user_agent`, `status`) VALUES (2414, 115, 8, 6, 2, 0, 'Test', 'Compell', 'danny@fmail.com', '098766555', 'To ensure we book your reservation correctly, please let us know if this reservation is for Afternoon Tea, by typing “Afternoon Tea” in the Special Request box. We look forward to welcoming you and your party to 900 WEST Restaurant + Bar. Thank you!', '07:00:00', '2013-12-31', '2013-12-20', '2013-12-20', 0, 1, '172.16.251.219', 'Mozilla/5.0 (X11; Ubuntu; Linux x86_64; rv:26.0) Gecko/20100101 Firefox/26.0 FirePHP/0.7.4', 0);
INSERT INTO reservations (`reservation_id`, `location_id`, `table_id`, `guest_num`, `occasion_id`, `customer_id`, `first_name`, `last_name`, `email`, `telephone`, `comment`, `reserve_time`, `reserve_date`, `date_added`, `date_modified`, `staff_id`, `notify`, `ip_address`, `user_agent`, `status`) VALUES (2415, 115, 9, 7, 4, 0, 'Test', 'Test', 'demo@demo.com', '098766555', '', '12:00:00', '2013-12-28', '2013-12-20', '2013-12-20', 0, 1, '172.16.251.219', 'Mozilla/5.0 (X11; Ubuntu; Linux x86_64; rv:26.0) Gecko/20100101 Firefox/26.0 FirePHP/0.7.4', 0);
INSERT INTO reservations (`reservation_id`, `location_id`, `table_id`, `guest_num`, `occasion_id`, `customer_id`, `first_name`, `last_name`, `email`, `telephone`, `comment`, `reserve_time`, `reserve_date`, `date_added`, `date_modified`, `staff_id`, `notify`, `ip_address`, `user_agent`, `status`) VALUES (2416, 115, 8, 6, 4, 0, 'Test', 'Compell', 'danny@dmail.com', '2030211', '', '12:00:00', '2013-12-28', '2013-12-20', '2013-12-20', 4, 1, '172.16.251.219', 'Mozilla/5.0 (X11; Ubuntu; Linux x86_64; rv:26.0) Gecko/20100101 Firefox/26.0 FirePHP/0.7.4', 8);
INSERT INTO reservations (`reservation_id`, `location_id`, `table_id`, `guest_num`, `occasion_id`, `customer_id`, `first_name`, `last_name`, `email`, `telephone`, `comment`, `reserve_time`, `reserve_date`, `date_added`, `date_modified`, `staff_id`, `notify`, `ip_address`, `user_agent`, `status`) VALUES (2417, 116, 7, 6, 3, 0, 'Gully', 'Gaza', 'danny@dmail.com', '098766555', '', '01:00:00', '2013-12-31', '2013-12-20', '2013-12-22', 4, 1, '172.16.251.219', 'Mozilla/5.0 (X11; Ubuntu; Linux x86_64; rv:26.0) Gecko/20100101 Firefox/26.0 FirePHP/0.7.4', 8);
INSERT INTO reservations (`reservation_id`, `location_id`, `table_id`, `guest_num`, `occasion_id`, `customer_id`, `first_name`, `last_name`, `email`, `telephone`, `comment`, `reserve_time`, `reserve_date`, `date_added`, `date_modified`, `staff_id`, `notify`, `ip_address`, `user_agent`, `status`) VALUES (2418, 116, 7, 6, 3, 0, 'Gully', 'Gaza', 'danny@dmail.com', '098766555', '', '01:00:00', '2013-12-31', '2013-12-20', '2013-12-20', 4, 1, '172.16.251.219', 'Mozilla/5.0 (X11; Ubuntu; Linux x86_64; rv:26.0) Gecko/20100101 Firefox/26.0 FirePHP/0.7.4', 8);
INSERT INTO reservations (`reservation_id`, `location_id`, `table_id`, `guest_num`, `occasion_id`, `customer_id`, `first_name`, `last_name`, `email`, `telephone`, `comment`, `reserve_time`, `reserve_date`, `date_added`, `date_modified`, `staff_id`, `notify`, `ip_address`, `user_agent`, `status`) VALUES (2419, 115, 7, 7, 2, 0, 'Gully', 'Compell', 'eesyboi@yahoo.com', '10198766555', 'If you are an experienced Joomla! user, this Joomla site will seem very familiar but also very different.', '12:00:00', '2013-12-28', '2013-12-20', '2013-12-20', 0, 1, '172.16.251.219', 'Mozilla/5.0 (X11; Ubuntu; Linux x86_64; rv:26.0) Gecko/20100101 Firefox/26.0 FirePHP/0.7.4', 8);
INSERT INTO reservations (`reservation_id`, `location_id`, `table_id`, `guest_num`, `occasion_id`, `customer_id`, `first_name`, `last_name`, `email`, `telephone`, `comment`, `reserve_time`, `reserve_date`, `date_added`, `date_modified`, `staff_id`, `notify`, `ip_address`, `user_agent`, `status`) VALUES (2420, 116, 7, 4, 2, 0, 'Danny', 'Gaza', 'demo@demo.com', '10198766555', '', '10:00:00', '2013-12-31', '2013-12-20', '2013-12-20', 4, 1, '172.16.251.219', 'Mozilla/5.0 (X11; Ubuntu; Linux x86_64; rv:26.0) Gecko/20100101 Firefox/26.0 FirePHP/0.7.4', 8);
INSERT INTO reservations (`reservation_id`, `location_id`, `table_id`, `guest_num`, `occasion_id`, `customer_id`, `first_name`, `last_name`, `email`, `telephone`, `comment`, `reserve_time`, `reserve_date`, `date_added`, `date_modified`, `staff_id`, `notify`, `ip_address`, `user_agent`, `status`) VALUES (2424, 116, 7, 5, 3, 23, 'Sam', 'Sam', 'eesyboi@gmail.com', '1234567', 'Ut id blandit massa. In condimentum metus id ligula mollis, quis tempus neque ultricies. Proin at enim orci.', '20:00:00', '2014-07-18', '2013-12-20', '2013-12-20', 0, 1, '172.16.251.219', 'Mozilla/5.0 (X11; Ubuntu; Linux x86_64; rv:26.0) Gecko/20100101 Firefox/26.0 FirePHP/0.7.4', 8);
INSERT INTO reservations (`reservation_id`, `location_id`, `table_id`, `guest_num`, `occasion_id`, `customer_id`, `first_name`, `last_name`, `email`, `telephone`, `comment`, `reserve_time`, `reserve_date`, `date_added`, `date_modified`, `staff_id`, `notify`, `ip_address`, `user_agent`, `status`) VALUES (2422, 116, 7, 4, 3, 0, 'Demo', 'Acct', 'demo@demo.com', '999999', 'Ut id blandit massa. In condimentum metus id ligula mollis, quis tempus neque ultricies. Proin at enim orci.', '01:00:00', '2014-02-21', '2013-12-20', '2013-12-20', 0, 1, '172.16.251.219', 'Mozilla/5.0 (X11; Ubuntu; Linux x86_64; rv:26.0) Gecko/20100101 Firefox/26.0 FirePHP/0.7.4', 8);
INSERT INTO reservations (`reservation_id`, `location_id`, `table_id`, `guest_num`, `occasion_id`, `customer_id`, `first_name`, `last_name`, `email`, `telephone`, `comment`, `reserve_time`, `reserve_date`, `date_added`, `date_modified`, `staff_id`, `notify`, `ip_address`, `user_agent`, `status`) VALUES (2423, 116, 9, 10, 3, 31, 'Demo', 'Acct', 'demo@demo.com', '999999', 'Ut id blandit massa. In condimentum metus id ligula mollis, quis tempus neque ultricies. Proin at enim orci.', '08:00:00', '2014-07-25', '2013-12-20', '2013-12-20', 10, 1, '172.16.251.219', 'Mozilla/5.0 (X11; Ubuntu; Linux x86_64; rv:26.0) Gecko/20100101 Firefox/26.0 FirePHP/0.7.4', 8);
INSERT INTO reservations (`reservation_id`, `location_id`, `table_id`, `guest_num`, `occasion_id`, `customer_id`, `first_name`, `last_name`, `email`, `telephone`, `comment`, `reserve_time`, `reserve_date`, `date_added`, `date_modified`, `staff_id`, `notify`, `ip_address`, `user_agent`, `status`) VALUES (2425, 116, 2, 2, 3, 31, 'Demo', 'Acct', 'demo@demo.com', '999999', '', '16:00:00', '2014-02-21', '2013-12-23', '2013-12-23', 0, 1, '172.16.251.220', 'Mozilla/5.0 (X11; Ubuntu; Linux x86_64; rv:26.0) Gecko/20100101 Firefox/26.0 FirePHP/0.7.4', 8);
INSERT INTO reservations (`reservation_id`, `location_id`, `table_id`, `guest_num`, `occasion_id`, `customer_id`, `first_name`, `last_name`, `email`, `telephone`, `comment`, `reserve_time`, `reserve_date`, `date_added`, `date_modified`, `staff_id`, `notify`, `ip_address`, `user_agent`, `status`) VALUES (2426, 115, 7, 7, 3, 31, 'Demo', 'Acct', 'demo@demo.com', '999999', 'Integer rhoncus ipsum et pharetra mollis. Donec auctor velit vitae eros eleifend, eget viverra augue aliquet.', '13:00:00', '2013-12-28', '2013-12-27', '2013-12-27', 0, 1, '172.16.251.224', 'Mozilla/5.0 (X11; Ubuntu; Linux x86_64; rv:26.0) Gecko/20100101 Firefox/26.0 FirePHP/0.7.4', 8);


#
# TABLE STRUCTURE FOR: reviews
#

DROP TABLE IF EXISTS reviews;

CREATE TABLE `reviews` (
  `review_id` int(11) NOT NULL AUTO_INCREMENT,
  `customer_id` int(11) NOT NULL,
  `author` varchar(32) NOT NULL,
  `menu_id` int(11) NOT NULL,
  `rating_id` int(11) NOT NULL,
  `review_text` text NOT NULL,
  `date_added` date NOT NULL,
  `review_status` tinyint(4) NOT NULL,
  PRIMARY KEY (`review_id`),
  KEY `customer_id` (`customer_id`,`menu_id`)
) ENGINE=MyISAM AUTO_INCREMENT=82 DEFAULT CHARSET=latin1;

INSERT INTO reviews (`review_id`, `customer_id`, `author`, `menu_id`, `rating_id`, `review_text`, `date_added`, `review_status`) VALUES (60, 31, 'Demo Acct', 25, 1, 'Hi Hi Hi Hi', '2013-11-01', 1);
INSERT INTO reviews (`review_id`, `customer_id`, `author`, `menu_id`, `rating_id`, `review_text`, `date_added`, `review_status`) VALUES (59, 31, 'Demo Acct', 26, 1, 'Hi Hi Hi HI', '2013-11-01', 1);
INSERT INTO reviews (`review_id`, `customer_id`, `author`, `menu_id`, `rating_id`, `review_text`, `date_added`, `review_status`) VALUES (58, 31, 'Demo Acct', 26, 1, 'Hi Hi Hi HI', '2013-11-01', 1);
INSERT INTO reviews (`review_id`, `customer_id`, `author`, `menu_id`, `rating_id`, `review_text`, `date_added`, `review_status`) VALUES (57, 31, 'Demo Acct', 26, 1, 'Hi Hi Hi Hi', '2013-11-01', 0);
INSERT INTO reviews (`review_id`, `customer_id`, `author`, `menu_id`, `rating_id`, `review_text`, `date_added`, `review_status`) VALUES (56, 31, 'Demo Acct', 26, 1, 'Hi Hi Hi Hi', '2013-11-01', 1);
INSERT INTO reviews (`review_id`, `customer_id`, `author`, `menu_id`, `rating_id`, `review_text`, `date_added`, `review_status`) VALUES (55, 31, 'Demo Acct', 26, 4, 'I like it', '2013-11-01', 1);
INSERT INTO reviews (`review_id`, `customer_id`, `author`, `menu_id`, `rating_id`, `review_text`, `date_added`, `review_status`) VALUES (61, 31, 'Demo Acct', 25, 1, 'LALALALALAL', '2013-11-01', 1);
INSERT INTO reviews (`review_id`, `customer_id`, `author`, `menu_id`, `rating_id`, `review_text`, `date_added`, `review_status`) VALUES (62, 31, 'Demo Acct', 25, 1, 'Tetstettstetss', '2013-11-01', 1);
INSERT INTO reviews (`review_id`, `customer_id`, `author`, `menu_id`, `rating_id`, `review_text`, `date_added`, `review_status`) VALUES (63, 31, 'Demo Acct', 25, 3, 'HAHAHAHA', '2013-11-01', 1);
INSERT INTO reviews (`review_id`, `customer_id`, `author`, `menu_id`, `rating_id`, `review_text`, `date_added`, `review_status`) VALUES (64, 31, 'Demo Acct', 25, 1, 'hdjdksls;dd', '2013-11-01', 1);
INSERT INTO reviews (`review_id`, `customer_id`, `author`, `menu_id`, `rating_id`, `review_text`, `date_added`, `review_status`) VALUES (65, 31, 'Demo Acct', 25, 1, 'hdhdhdhd', '2013-11-01', 1);
INSERT INTO reviews (`review_id`, `customer_id`, `author`, `menu_id`, `rating_id`, `review_text`, `date_added`, `review_status`) VALUES (66, 31, 'Demo Acct', 25, 1, 'jfjdsjksks', '2013-11-01', 1);
INSERT INTO reviews (`review_id`, `customer_id`, `author`, `menu_id`, `rating_id`, `review_text`, `date_added`, `review_status`) VALUES (67, 31, 'Demo Acct', 25, 5, 'jdjsjsjsjakala', '2013-11-01', 1);
INSERT INTO reviews (`review_id`, `customer_id`, `author`, `menu_id`, `rating_id`, `review_text`, `date_added`, `review_status`) VALUES (72, 31, 'Demo Acct', 33, 4, 'Iana loves jollof rice', '2013-11-21', 1);
INSERT INTO reviews (`review_id`, `customer_id`, `author`, `menu_id`, `rating_id`, `review_text`, `date_added`, `review_status`) VALUES (71, 23, 'Sam Sam', 52, 1, '', '2013-11-13', 0);
INSERT INTO reviews (`review_id`, `customer_id`, `author`, `menu_id`, `rating_id`, `review_text`, `date_added`, `review_status`) VALUES (73, 22, 'Demo2 Demo2', 31, 1, 'I love Chin Chin', '2013-11-21', 1);
INSERT INTO reviews (`review_id`, `customer_id`, `author`, `menu_id`, `rating_id`, `review_text`, `date_added`, `review_status`) VALUES (74, 22, 'Demo2 Demo2', 66, 3, 'Lovey Lovey', '2013-11-21', 1);
INSERT INTO reviews (`review_id`, `customer_id`, `author`, `menu_id`, `rating_id`, `review_text`, `date_added`, `review_status`) VALUES (75, 31, 'Demo Acct', 60, 1, 'HDhdhdhd', '2013-11-25', 1);
INSERT INTO reviews (`review_id`, `customer_id`, `author`, `menu_id`, `rating_id`, `review_text`, `date_added`, `review_status`) VALUES (76, 31, 'Demo Acct', 60, 1, 'hdhdhdhdhdhd', '2013-11-25', 1);
INSERT INTO reviews (`review_id`, `customer_id`, `author`, `menu_id`, `rating_id`, `review_text`, `date_added`, `review_status`) VALUES (77, 38, 'Danny Compell', 32, 3, 'hhhhhhhhh\n', '2013-12-10', 1);
INSERT INTO reviews (`review_id`, `customer_id`, `author`, `menu_id`, `rating_id`, `review_text`, `date_added`, `review_status`) VALUES (80, 29, 'Temi Df Demo2f', 61, 4, 'hdhdhds', '2013-12-15', 0);
INSERT INTO reviews (`review_id`, `customer_id`, `author`, `menu_id`, `rating_id`, `review_text`, `date_added`, `review_status`) VALUES (81, 29, 'Temi Df Demo2f', 64, 3, 'Suspendisse facilisis luctus aliquet. Etiam semper tristique dui, id pretium sem consequat vel. Sed iaculis lorem in fermentum malesuada. Donec faucibus tellus ipsum, non porta diam pharetra eget. Proin et massa luctus, ornare sapien ut, rhoncus mauris. Mauris eget ullamcorper nunc. Donec nec diam libero. Proin dapibus volutpat eros. Fusce cursus sagittis velit, at dictum lacus venenatis at.', '2013-12-23', 1);


#
# TABLE STRUCTURE FOR: security_questions
#

DROP TABLE IF EXISTS security_questions;

CREATE TABLE `security_questions` (
  `question_id` int(11) NOT NULL AUTO_INCREMENT,
  `question_text` text CHARACTER SET utf8 NOT NULL,
  PRIMARY KEY (`question_id`)
) ENGINE=InnoDB AUTO_INCREMENT=15 DEFAULT CHARSET=latin1;

INSERT INTO security_questions (`question_id`, `question_text`) VALUES (8, 'Whats your pets name?');
INSERT INTO security_questions (`question_id`, `question_text`) VALUES (9, 'What high school did you attend?');
INSERT INTO security_questions (`question_id`, `question_text`) VALUES (10, 'What is your father\'s middle name?');
INSERT INTO security_questions (`question_id`, `question_text`) VALUES (11, 'What is your mother\'s name?');
INSERT INTO security_questions (`question_id`, `question_text`) VALUES (13, 'What is your place of birth?');
INSERT INTO security_questions (`question_id`, `question_text`) VALUES (14, 'Whats your favourite teacher\'s name?');


#
# TABLE STRUCTURE FOR: settings
#

DROP TABLE IF EXISTS settings;

CREATE TABLE `settings` (
  `setting_id` int(11) NOT NULL AUTO_INCREMENT,
  `sort` varchar(45) NOT NULL,
  `key` varchar(255) CHARACTER SET utf8 NOT NULL,
  `value` varchar(255) CHARACTER SET utf8 NOT NULL,
  PRIMARY KEY (`setting_id`),
  UNIQUE KEY `key` (`key`)
) ENGINE=MyISAM AUTO_INCREMENT=336 DEFAULT CHARSET=latin1;

INSERT INTO settings (`setting_id`, `sort`, `key`, `value`) VALUES (335, 'config', 'config_smtp_pass', 'Letmein8');
INSERT INTO settings (`setting_id`, `sort`, `key`, `value`) VALUES (334, 'config', 'config_smtp_user', 'eesyboi@gmail.com');
INSERT INTO settings (`setting_id`, `sort`, `key`, `value`) VALUES (333, 'config', 'config_smtp_port', '465');
INSERT INTO settings (`setting_id`, `sort`, `key`, `value`) VALUES (332, 'config', 'config_smtp_host', 'ssl://smtp.googlemail.com');
INSERT INTO settings (`setting_id`, `sort`, `key`, `value`) VALUES (331, 'config', 'config_mailtype', 'html');
INSERT INTO settings (`setting_id`, `sort`, `key`, `value`) VALUES (330, 'config', 'config_protocol', 'smtp');
INSERT INTO settings (`setting_id`, `sort`, `key`, `value`) VALUES (329, 'config', 'config_menus_width', '80');
INSERT INTO settings (`setting_id`, `sort`, `key`, `value`) VALUES (328, 'config', 'config_menus_height', '70');
INSERT INTO settings (`setting_id`, `sort`, `key`, `value`) VALUES (327, 'config', 'config_max_width', '6024');
INSERT INTO settings (`setting_id`, `sort`, `key`, `value`) VALUES (326, 'config', 'config_max_height', '4468');
INSERT INTO settings (`setting_id`, `sort`, `key`, `value`) VALUES (325, 'config', 'config_max_size', '300');
INSERT INTO settings (`setting_id`, `sort`, `key`, `value`) VALUES (324, 'config', 'config_allowed_types', 'gif|jpg|png');
INSERT INTO settings (`setting_id`, `sort`, `key`, `value`) VALUES (323, 'config', 'config_upload_path', 'assets/img');
INSERT INTO settings (`setting_id`, `sort`, `key`, `value`) VALUES (322, 'config', 'config_reserve_prefix', '1');
INSERT INTO settings (`setting_id`, `sort`, `key`, `value`) VALUES (321, 'config', 'config_reserve_status', '8');
INSERT INTO settings (`setting_id`, `sort`, `key`, `value`) VALUES (320, 'config', 'config_ready_time', '30');
INSERT INTO settings (`setting_id`, `sort`, `key`, `value`) VALUES (319, 'config', 'config_order_completed', '5');
INSERT INTO settings (`setting_id`, `sort`, `key`, `value`) VALUES (318, 'config', 'config_order_received', '1');
INSERT INTO settings (`setting_id`, `sort`, `key`, `value`) VALUES (317, 'config', 'config_search_by', 'postcode');
INSERT INTO settings (`setting_id`, `sort`, `key`, `value`) VALUES (120, 'paypal_express', 'config_paypal_sign', 'A-A9l0FFy4f35Zn1NqmtaWzLiaP6ADJbaqltbn7cvPVG2Qv5xlhFyQJJ');
INSERT INTO settings (`setting_id`, `sort`, `key`, `value`) VALUES (116, 'paypal_express', 'config_paypal_status', '1');
INSERT INTO settings (`setting_id`, `sort`, `key`, `value`) VALUES (117, 'paypal_express', 'config_paypal_mode', 'sandbox');
INSERT INTO settings (`setting_id`, `sort`, `key`, `value`) VALUES (118, 'paypal_express', 'config_paypal_user', 'samadepoyigi_api1.gmail.com');
INSERT INTO settings (`setting_id`, `sort`, `key`, `value`) VALUES (119, 'paypal_express', 'config_paypal_pass', 'FDCHAU2WN6R3KQ8T');
INSERT INTO settings (`setting_id`, `sort`, `key`, `value`) VALUES (316, 'config', 'config_approve_reviews', '0');
INSERT INTO settings (`setting_id`, `sort`, `key`, `value`) VALUES (314, 'config', 'config_timezone', 'Europe/London');
INSERT INTO settings (`setting_id`, `sort`, `key`, `value`) VALUES (315, 'config', 'config_currency', '9');
INSERT INTO settings (`setting_id`, `sort`, `key`, `value`) VALUES (313, 'config', 'config_country', '222');
INSERT INTO settings (`setting_id`, `sort`, `key`, `value`) VALUES (312, 'config', 'config_site_logo', '');
INSERT INTO settings (`setting_id`, `sort`, `key`, `value`) VALUES (311, 'config', 'config_site_desc', '');
INSERT INTO settings (`setting_id`, `sort`, `key`, `value`) VALUES (309, 'config', 'config_site_name', 'TastyIgniter');
INSERT INTO settings (`setting_id`, `sort`, `key`, `value`) VALUES (310, 'config', 'config_site_email', 'info@tastyigniter.com');


#
# TABLE STRUCTURE FOR: staffs
#

DROP TABLE IF EXISTS staffs;

CREATE TABLE `staffs` (
  `staff_id` int(11) NOT NULL AUTO_INCREMENT,
  `staff_name` varchar(32) NOT NULL,
  `staff_email` varchar(96) NOT NULL,
  `staff_department` int(11) NOT NULL,
  `staff_location` int(11) NOT NULL,
  `date_added` date NOT NULL,
  `staff_status` tinyint(1) NOT NULL,
  PRIMARY KEY (`staff_id`)
) ENGINE=MyISAM AUTO_INCREMENT=12 DEFAULT CHARSET=latin1;

INSERT INTO staffs (`staff_id`, `staff_name`, `staff_email`, `staff_department`, `staff_location`, `date_added`, `staff_status`) VALUES (4, 'Demo Staff 1', 'sam@tastyigniter.com', 1, 120, '2013-08-24', 1);
INSERT INTO staffs (`staff_id`, `staff_name`, `staff_email`, `staff_department`, `staff_location`, `date_added`, `staff_status`) VALUES (6, 'Demo Staff 2', 'sam2@tastyigniter.com', 2, 115, '2013-08-24', 1);
INSERT INTO staffs (`staff_id`, `staff_name`, `staff_email`, `staff_department`, `staff_location`, `date_added`, `staff_status`) VALUES (10, 'Demo Staff 3', 'samm@tastyigniter.com', 3, 117, '2013-08-24', 1);


#
# TABLE STRUCTURE FOR: statuses
#

DROP TABLE IF EXISTS statuses;

CREATE TABLE `statuses` (
  `status_id` int(15) NOT NULL AUTO_INCREMENT,
  `status_name` varchar(45) CHARACTER SET utf8 NOT NULL,
  `status_comment` text CHARACTER SET utf8 NOT NULL,
  `status_type` tinyint(4) NOT NULL,
  PRIMARY KEY (`status_id`)
) ENGINE=MyISAM AUTO_INCREMENT=9 DEFAULT CHARSET=latin1;

INSERT INTO statuses (`status_id`, `status_name`, `status_comment`, `status_type`) VALUES (1, 'Received', 'Your order has been received.', 0);
INSERT INTO statuses (`status_id`, `status_name`, `status_comment`, `status_type`) VALUES (2, 'Pending', 'Your order is pending', 0);
INSERT INTO statuses (`status_id`, `status_name`, `status_comment`, `status_type`) VALUES (3, 'Preparation', 'Your order is in the kitchen', 0);
INSERT INTO statuses (`status_id`, `status_name`, `status_comment`, `status_type`) VALUES (4, 'Delivery', 'Your order will be with you shortly.', 0);
INSERT INTO statuses (`status_id`, `status_name`, `status_comment`, `status_type`) VALUES (5, 'Completed', '', 0);
INSERT INTO statuses (`status_id`, `status_name`, `status_comment`, `status_type`) VALUES (8, 'Reserved', 'Your table has been reserved.', 0);


#
# TABLE STRUCTURE FOR: tables
#

DROP TABLE IF EXISTS tables;

CREATE TABLE `tables` (
  `table_id` int(11) NOT NULL AUTO_INCREMENT,
  `table_name` varchar(32) CHARACTER SET utf8 NOT NULL,
  `table_minimum` int(11) NOT NULL,
  `table_capacity` int(11) NOT NULL,
  `table_status` tinyint(4) NOT NULL,
  PRIMARY KEY (`table_id`)
) ENGINE=InnoDB AUTO_INCREMENT=14 DEFAULT CHARSET=latin1;

INSERT INTO tables (`table_id`, `table_name`, `table_minimum`, `table_capacity`, `table_status`) VALUES (1, 'NN01', 2, 2, 1);
INSERT INTO tables (`table_id`, `table_name`, `table_minimum`, `table_capacity`, `table_status`) VALUES (2, 'NN02', 2, 3, 1);
INSERT INTO tables (`table_id`, `table_name`, `table_minimum`, `table_capacity`, `table_status`) VALUES (6, 'SW77', 2, 4, 1);
INSERT INTO tables (`table_id`, `table_name`, `table_minimum`, `table_capacity`, `table_status`) VALUES (7, 'EW77', 4, 8, 1);
INSERT INTO tables (`table_id`, `table_name`, `table_minimum`, `table_capacity`, `table_status`) VALUES (8, 'SE78', 4, 6, 1);
INSERT INTO tables (`table_id`, `table_name`, `table_minimum`, `table_capacity`, `table_status`) VALUES (9, 'NE8', 2, 10, 1);
INSERT INTO tables (`table_id`, `table_name`, `table_minimum`, `table_capacity`, `table_status`) VALUES (10, 'SW55', 3, 10, 1);
INSERT INTO tables (`table_id`, `table_name`, `table_minimum`, `table_capacity`, `table_status`) VALUES (11, 'EW88', 2, 10, 1);
INSERT INTO tables (`table_id`, `table_name`, `table_minimum`, `table_capacity`, `table_status`) VALUES (12, 'EE732', 2, 8, 1);
INSERT INTO tables (`table_id`, `table_name`, `table_minimum`, `table_capacity`, `table_status`) VALUES (13, 'EW79', 2, 15, 1);


#
# TABLE STRUCTURE FOR: users
#

DROP TABLE IF EXISTS users;

CREATE TABLE `users` (
  `user_id` int(11) NOT NULL AUTO_INCREMENT,
  `staff_id` int(11) NOT NULL,
  `username` varchar(32) CHARACTER SET utf8 NOT NULL,
  `password` varchar(40) CHARACTER SET utf8 NOT NULL,
  PRIMARY KEY (`user_id`,`staff_id`,`username`),
  KEY `username` (`username`)
) ENGINE=MyISAM AUTO_INCREMENT=25 DEFAULT CHARSET=latin1;

INSERT INTO users (`user_id`, `staff_id`, `username`, `password`) VALUES (15, 4, 'tastyadmin', '7af2d10b73ab7cd8f603937f7697cb5fe432c7ff');
INSERT INTO users (`user_id`, `staff_id`, `username`, `password`) VALUES (16, 6, 'crazystrike', '8a35b2136d2aebb25e57367c61795a0483b47c64');
INSERT INTO users (`user_id`, `staff_id`, `username`, `password`) VALUES (23, 10, 'tastyadmin5', 'ad8167df4b75bd9f2e165ea9f6053195cf7652b5');


#
# TABLE STRUCTURE FOR: working_hours
#

DROP TABLE IF EXISTS working_hours;

CREATE TABLE `working_hours` (
  `location_id` int(11) NOT NULL,
  `weekday` int(11) NOT NULL,
  `opening_time` time NOT NULL,
  `closing_time` time NOT NULL,
  PRIMARY KEY (`location_id`,`weekday`),
  KEY `weekday` (`weekday`)
) ENGINE=MyISAM DEFAULT CHARSET=latin1;

INSERT INTO working_hours (`location_id`, `weekday`, `opening_time`, `closing_time`) VALUES (122, 0, '11:00:00', '23:00:00');
INSERT INTO working_hours (`location_id`, `weekday`, `opening_time`, `closing_time`) VALUES (122, 1, '11:00:00', '23:00:00');
INSERT INTO working_hours (`location_id`, `weekday`, `opening_time`, `closing_time`) VALUES (122, 2, '11:00:00', '23:00:00');
INSERT INTO working_hours (`location_id`, `weekday`, `opening_time`, `closing_time`) VALUES (122, 3, '11:00:00', '23:00:00');
INSERT INTO working_hours (`location_id`, `weekday`, `opening_time`, `closing_time`) VALUES (122, 4, '11:00:00', '23:00:00');
INSERT INTO working_hours (`location_id`, `weekday`, `opening_time`, `closing_time`) VALUES (122, 5, '11:00:00', '23:00:00');
INSERT INTO working_hours (`location_id`, `weekday`, `opening_time`, `closing_time`) VALUES (122, 6, '11:00:00', '23:00:00');
INSERT INTO working_hours (`location_id`, `weekday`, `opening_time`, `closing_time`) VALUES (120, 6, '00:00:00', '00:00:00');
INSERT INTO working_hours (`location_id`, `weekday`, `opening_time`, `closing_time`) VALUES (120, 5, '00:00:00', '00:00:00');
INSERT INTO working_hours (`location_id`, `weekday`, `opening_time`, `closing_time`) VALUES (120, 4, '00:00:00', '00:00:00');
INSERT INTO working_hours (`location_id`, `weekday`, `opening_time`, `closing_time`) VALUES (120, 3, '00:00:00', '00:00:00');
INSERT INTO working_hours (`location_id`, `weekday`, `opening_time`, `closing_time`) VALUES (120, 2, '00:00:00', '00:00:00');
INSERT INTO working_hours (`location_id`, `weekday`, `opening_time`, `closing_time`) VALUES (120, 1, '00:00:00', '00:00:00');
INSERT INTO working_hours (`location_id`, `weekday`, `opening_time`, `closing_time`) VALUES (120, 0, '00:00:00', '00:00:00');
INSERT INTO working_hours (`location_id`, `weekday`, `opening_time`, `closing_time`) VALUES (115, 0, '11:00:00', '23:00:00');
INSERT INTO working_hours (`location_id`, `weekday`, `opening_time`, `closing_time`) VALUES (115, 1, '11:00:00', '23:00:00');
INSERT INTO working_hours (`location_id`, `weekday`, `opening_time`, `closing_time`) VALUES (115, 2, '11:00:00', '23:00:00');
INSERT INTO working_hours (`location_id`, `weekday`, `opening_time`, `closing_time`) VALUES (115, 3, '11:00:00', '23:00:00');
INSERT INTO working_hours (`location_id`, `weekday`, `opening_time`, `closing_time`) VALUES (115, 4, '11:00:00', '23:00:00');
INSERT INTO working_hours (`location_id`, `weekday`, `opening_time`, `closing_time`) VALUES (115, 5, '11:00:00', '23:00:00');
INSERT INTO working_hours (`location_id`, `weekday`, `opening_time`, `closing_time`) VALUES (115, 6, '11:00:00', '23:00:00');
INSERT INTO working_hours (`location_id`, `weekday`, `opening_time`, `closing_time`) VALUES (131, 0, '10:00:00', '20:00:00');
INSERT INTO working_hours (`location_id`, `weekday`, `opening_time`, `closing_time`) VALUES (131, 1, '00:00:00', '00:00:00');
INSERT INTO working_hours (`location_id`, `weekday`, `opening_time`, `closing_time`) VALUES (131, 2, '11:00:00', '20:00:00');
INSERT INTO working_hours (`location_id`, `weekday`, `opening_time`, `closing_time`) VALUES (131, 3, '00:00:00', '00:00:00');
INSERT INTO working_hours (`location_id`, `weekday`, `opening_time`, `closing_time`) VALUES (131, 4, '00:00:00', '00:00:00');
INSERT INTO working_hours (`location_id`, `weekday`, `opening_time`, `closing_time`) VALUES (131, 5, '00:00:00', '00:00:00');
INSERT INTO working_hours (`location_id`, `weekday`, `opening_time`, `closing_time`) VALUES (131, 6, '00:00:00', '00:00:00');
INSERT INTO working_hours (`location_id`, `weekday`, `opening_time`, `closing_time`) VALUES (135, 6, '00:00:00', '23:59:00');
INSERT INTO working_hours (`location_id`, `weekday`, `opening_time`, `closing_time`) VALUES (135, 5, '00:00:00', '23:59:00');
INSERT INTO working_hours (`location_id`, `weekday`, `opening_time`, `closing_time`) VALUES (135, 4, '00:00:00', '23:59:00');
INSERT INTO working_hours (`location_id`, `weekday`, `opening_time`, `closing_time`) VALUES (135, 3, '00:00:00', '23:59:00');
INSERT INTO working_hours (`location_id`, `weekday`, `opening_time`, `closing_time`) VALUES (135, 2, '00:00:00', '23:59:00');
INSERT INTO working_hours (`location_id`, `weekday`, `opening_time`, `closing_time`) VALUES (135, 1, '00:00:00', '23:59:00');
INSERT INTO working_hours (`location_id`, `weekday`, `opening_time`, `closing_time`) VALUES (135, 0, '00:00:00', '23:59:00');
INSERT INTO working_hours (`location_id`, `weekday`, `opening_time`, `closing_time`) VALUES (130, 0, '00:00:00', '20:00:00');
INSERT INTO working_hours (`location_id`, `weekday`, `opening_time`, `closing_time`) VALUES (130, 1, '00:00:00', '20:00:00');
INSERT INTO working_hours (`location_id`, `weekday`, `opening_time`, `closing_time`) VALUES (130, 2, '00:00:00', '00:00:00');
INSERT INTO working_hours (`location_id`, `weekday`, `opening_time`, `closing_time`) VALUES (130, 3, '00:00:00', '00:00:00');
INSERT INTO working_hours (`location_id`, `weekday`, `opening_time`, `closing_time`) VALUES (130, 4, '00:00:00', '00:00:00');
INSERT INTO working_hours (`location_id`, `weekday`, `opening_time`, `closing_time`) VALUES (130, 5, '00:00:00', '00:00:00');
INSERT INTO working_hours (`location_id`, `weekday`, `opening_time`, `closing_time`) VALUES (130, 6, '00:00:00', '20:00:00');
INSERT INTO working_hours (`location_id`, `weekday`, `opening_time`, `closing_time`) VALUES (123, 0, '00:00:00', '20:00:00');
INSERT INTO working_hours (`location_id`, `weekday`, `opening_time`, `closing_time`) VALUES (123, 1, '00:00:00', '20:00:00');
INSERT INTO working_hours (`location_id`, `weekday`, `opening_time`, `closing_time`) VALUES (123, 2, '00:00:00', '00:00:00');
INSERT INTO working_hours (`location_id`, `weekday`, `opening_time`, `closing_time`) VALUES (123, 3, '00:00:00', '00:00:00');
INSERT INTO working_hours (`location_id`, `weekday`, `opening_time`, `closing_time`) VALUES (123, 4, '00:00:00', '00:00:00');
INSERT INTO working_hours (`location_id`, `weekday`, `opening_time`, `closing_time`) VALUES (123, 5, '00:00:00', '00:00:00');
INSERT INTO working_hours (`location_id`, `weekday`, `opening_time`, `closing_time`) VALUES (123, 6, '17:00:00', '20:00:00');
INSERT INTO working_hours (`location_id`, `weekday`, `opening_time`, `closing_time`) VALUES (119, 0, '00:00:00', '00:00:00');
INSERT INTO working_hours (`location_id`, `weekday`, `opening_time`, `closing_time`) VALUES (119, 1, '00:00:00', '00:00:00');
INSERT INTO working_hours (`location_id`, `weekday`, `opening_time`, `closing_time`) VALUES (119, 2, '00:00:00', '00:00:00');
INSERT INTO working_hours (`location_id`, `weekday`, `opening_time`, `closing_time`) VALUES (119, 3, '00:00:00', '00:00:00');
INSERT INTO working_hours (`location_id`, `weekday`, `opening_time`, `closing_time`) VALUES (119, 4, '00:00:00', '00:00:00');
INSERT INTO working_hours (`location_id`, `weekday`, `opening_time`, `closing_time`) VALUES (119, 5, '00:00:00', '00:00:00');
INSERT INTO working_hours (`location_id`, `weekday`, `opening_time`, `closing_time`) VALUES (119, 6, '00:00:00', '00:00:00');
INSERT INTO working_hours (`location_id`, `weekday`, `opening_time`, `closing_time`) VALUES (117, 0, '06:00:00', '23:00:00');
INSERT INTO working_hours (`location_id`, `weekday`, `opening_time`, `closing_time`) VALUES (117, 1, '06:00:00', '23:00:00');
INSERT INTO working_hours (`location_id`, `weekday`, `opening_time`, `closing_time`) VALUES (117, 2, '06:00:00', '23:00:00');
INSERT INTO working_hours (`location_id`, `weekday`, `opening_time`, `closing_time`) VALUES (117, 3, '06:00:00', '23:00:00');
INSERT INTO working_hours (`location_id`, `weekday`, `opening_time`, `closing_time`) VALUES (117, 4, '06:00:00', '23:00:00');
INSERT INTO working_hours (`location_id`, `weekday`, `opening_time`, `closing_time`) VALUES (117, 5, '06:00:00', '23:00:00');
INSERT INTO working_hours (`location_id`, `weekday`, `opening_time`, `closing_time`) VALUES (117, 6, '06:00:00', '23:00:00');
INSERT INTO working_hours (`location_id`, `weekday`, `opening_time`, `closing_time`) VALUES (121, 0, '05:00:00', '23:00:00');
INSERT INTO working_hours (`location_id`, `weekday`, `opening_time`, `closing_time`) VALUES (121, 1, '01:00:00', '23:00:00');
INSERT INTO working_hours (`location_id`, `weekday`, `opening_time`, `closing_time`) VALUES (121, 2, '01:00:00', '23:00:00');
INSERT INTO working_hours (`location_id`, `weekday`, `opening_time`, `closing_time`) VALUES (121, 3, '15:00:00', '23:00:00');
INSERT INTO working_hours (`location_id`, `weekday`, `opening_time`, `closing_time`) VALUES (121, 4, '15:00:00', '23:00:00');
INSERT INTO working_hours (`location_id`, `weekday`, `opening_time`, `closing_time`) VALUES (121, 5, '01:00:00', '23:00:00');
INSERT INTO working_hours (`location_id`, `weekday`, `opening_time`, `closing_time`) VALUES (121, 6, '01:00:00', '23:00:00');
INSERT INTO working_hours (`location_id`, `weekday`, `opening_time`, `closing_time`) VALUES (116, 6, '09:00:00', '23:00:00');
INSERT INTO working_hours (`location_id`, `weekday`, `opening_time`, `closing_time`) VALUES (116, 5, '09:00:00', '23:00:00');
INSERT INTO working_hours (`location_id`, `weekday`, `opening_time`, `closing_time`) VALUES (116, 4, '09:00:00', '23:00:00');
INSERT INTO working_hours (`location_id`, `weekday`, `opening_time`, `closing_time`) VALUES (116, 3, '13:00:00', '23:00:00');
INSERT INTO working_hours (`location_id`, `weekday`, `opening_time`, `closing_time`) VALUES (116, 2, '09:00:00', '23:00:00');
INSERT INTO working_hours (`location_id`, `weekday`, `opening_time`, `closing_time`) VALUES (116, 1, '09:00:00', '23:00:00');
INSERT INTO working_hours (`location_id`, `weekday`, `opening_time`, `closing_time`) VALUES (116, 0, '09:00:00', '23:00:00');
INSERT INTO working_hours (`location_id`, `weekday`, `opening_time`, `closing_time`) VALUES (124, 0, '00:00:00', '00:00:00');
INSERT INTO working_hours (`location_id`, `weekday`, `opening_time`, `closing_time`) VALUES (124, 1, '00:00:00', '00:00:00');
INSERT INTO working_hours (`location_id`, `weekday`, `opening_time`, `closing_time`) VALUES (124, 2, '00:00:00', '00:00:00');
INSERT INTO working_hours (`location_id`, `weekday`, `opening_time`, `closing_time`) VALUES (124, 3, '00:00:00', '00:00:00');
INSERT INTO working_hours (`location_id`, `weekday`, `opening_time`, `closing_time`) VALUES (124, 4, '00:00:00', '00:00:00');
INSERT INTO working_hours (`location_id`, `weekday`, `opening_time`, `closing_time`) VALUES (124, 5, '00:00:00', '00:00:00');
INSERT INTO working_hours (`location_id`, `weekday`, `opening_time`, `closing_time`) VALUES (124, 6, '00:00:00', '00:00:00');
INSERT INTO working_hours (`location_id`, `weekday`, `opening_time`, `closing_time`) VALUES (136, 0, '00:00:00', '00:00:00');
INSERT INTO working_hours (`location_id`, `weekday`, `opening_time`, `closing_time`) VALUES (136, 1, '00:00:00', '00:00:00');
INSERT INTO working_hours (`location_id`, `weekday`, `opening_time`, `closing_time`) VALUES (136, 2, '00:00:00', '00:00:00');
INSERT INTO working_hours (`location_id`, `weekday`, `opening_time`, `closing_time`) VALUES (136, 3, '00:00:00', '00:00:00');
INSERT INTO working_hours (`location_id`, `weekday`, `opening_time`, `closing_time`) VALUES (136, 4, '00:00:00', '00:00:00');
INSERT INTO working_hours (`location_id`, `weekday`, `opening_time`, `closing_time`) VALUES (136, 5, '00:00:00', '00:00:00');
INSERT INTO working_hours (`location_id`, `weekday`, `opening_time`, `closing_time`) VALUES (136, 6, '00:00:00', '00:00:00');
INSERT INTO working_hours (`location_id`, `weekday`, `opening_time`, `closing_time`) VALUES (137, 0, '00:00:00', '00:00:00');
INSERT INTO working_hours (`location_id`, `weekday`, `opening_time`, `closing_time`) VALUES (137, 1, '00:00:00', '00:00:00');
INSERT INTO working_hours (`location_id`, `weekday`, `opening_time`, `closing_time`) VALUES (137, 2, '00:00:00', '00:00:00');
INSERT INTO working_hours (`location_id`, `weekday`, `opening_time`, `closing_time`) VALUES (137, 3, '00:00:00', '00:00:00');
INSERT INTO working_hours (`location_id`, `weekday`, `opening_time`, `closing_time`) VALUES (137, 4, '00:00:00', '00:00:00');
INSERT INTO working_hours (`location_id`, `weekday`, `opening_time`, `closing_time`) VALUES (137, 5, '00:00:00', '00:00:00');
INSERT INTO working_hours (`location_id`, `weekday`, `opening_time`, `closing_time`) VALUES (137, 6, '00:00:00', '00:00:00');
INSERT INTO working_hours (`location_id`, `weekday`, `opening_time`, `closing_time`) VALUES (141, 0, '09:00:00', '23:00:00');
INSERT INTO working_hours (`location_id`, `weekday`, `opening_time`, `closing_time`) VALUES (141, 1, '09:00:00', '23:00:00');
INSERT INTO working_hours (`location_id`, `weekday`, `opening_time`, `closing_time`) VALUES (141, 2, '09:00:00', '23:00:00');
INSERT INTO working_hours (`location_id`, `weekday`, `opening_time`, `closing_time`) VALUES (141, 3, '09:00:00', '23:00:00');
INSERT INTO working_hours (`location_id`, `weekday`, `opening_time`, `closing_time`) VALUES (141, 4, '09:00:00', '23:00:00');
INSERT INTO working_hours (`location_id`, `weekday`, `opening_time`, `closing_time`) VALUES (141, 5, '09:00:00', '23:00:00');
INSERT INTO working_hours (`location_id`, `weekday`, `opening_time`, `closing_time`) VALUES (141, 6, '09:00:00', '23:00:00');


